"product_id","product_variant_name","pmi_product_family","pmi_product_category","brand_tier","pack_size","nicotine_format"
"FUR-ADV-10000002","ONP-VAR-341627","Oral Nicotine","Nicotine Pouches","Value","10-pack","Oral"
"FUR-ADV-10000108","ONP-VAR-069610","Oral Nicotine","Nicotine Pouches","Core","20-pack","Oral"
"FUR-ADV-10000183","ONP-VAR-781156","Oral Nicotine","Nicotine Pouches","Core","20-pack","Oral"
"FUR-ADV-10000188","ONP-VAR-151864","Oral Nicotine","Nicotine Pouches","Core","20-pack","Oral"
"FUR-ADV-10000190","ONP-VAR-438562","Oral Nicotine","Nicotine Pouches","Core","30-pack","Oral"
"FUR-ADV-10000571","ONP-VAR-748859","Oral Nicotine","Nicotine Pouches","Value","30-pack","Oral"
"FUR-ADV-10000600","ONP-VAR-713277","Oral Nicotine","Nicotine Pouches","Premium","30-pack","Oral"
"FUR-ADV-10000847","ONP-VAR-872997","Oral Nicotine","Nicotine Pouches","Premium","Multi-pack","Oral"
"FUR-ADV-10001283","ONP-VAR-521410","Oral Nicotine","Nicotine Pouches","Core","20-pack","Oral"
"FUR-ADV-10001440","ONP-VAR-123767","Oral Nicotine","Nicotine Pouches","Value","20-pack","Oral"
"FUR-ADV-10001659","ONP-VAR-810035","Oral Nicotine","Nicotine Pouches","Value","30-pack","Oral"
"FUR-ADV-10001855","ONP-VAR-216680","Oral Nicotine","Nicotine Pouches","Value","Multi-pack","Oral"
"FUR-ADV-10002329","ONP-VAR-080103","Oral Nicotine","Nicotine Pouches","Premium","10-pack","Oral"
"FUR-ADV-10002601","ONP-VAR-787620","Oral Nicotine","Nicotine Pouches","Premium","Multi-pack","Oral"
"FUR-ADV-10002632","ONP-VAR-255135","Oral Nicotine","Nicotine Pouches","Premium","30-pack","Oral"
"FUR-ADV-10002889","ONP-VAR-918523","Oral Nicotine","Nicotine Pouches","Core","Multi-pack","Oral"
"FUR-ADV-10003147","ONP-VAR-416067","Oral Nicotine","Nicotine Pouches","Premium","30-pack","Oral"
"FUR-ADV-10003326","ONP-VAR-526445","Oral Nicotine","Nicotine Pouches","Value","10-pack","Oral"
"FUR-ADV-10004159","ONP-VAR-372006","Oral Nicotine","Nicotine Pouches","Premium","20-pack","Oral"
"FUR-ADV-10004223","ONP-VAR-028136","Oral Nicotine","Nicotine Pouches","Value","20-pack","Oral"
"FUR-ADV-10004395","ONP-VAR-564180","Oral Nicotine","Nicotine Pouches","Premium","10-pack","Oral"
"FUR-ADV-10004499","ONP-VAR-345905","Oral Nicotine","Nicotine Pouches","Value","30-pack","Oral"
"FUR-ADV-10004718","ONP-VAR-075091","Oral Nicotine","Nicotine Pouches","Core","20-pack","Oral"
"FUR-ADV-10004971","ONP-VAR-577333","Oral Nicotine","Nicotine Pouches","Core","20-pack","Oral"
"FUR-BAR-10000560","ONP-VAR-780310","Oral Nicotine","Nicotine Pouches","Core","20-pack","Oral"
"FUR-BAR-10000831","ONP-VAR-204906","Oral Nicotine","Nicotine Pouches","Premium","20-pack","Oral"
"FUR-BAR-10000946","ONP-VAR-379723","Oral Nicotine","Nicotine Pouches","Core","30-pack","Oral"
"FUR-BAR-10001039","ONP-VAR-588091","Oral Nicotine","Nicotine Pouches","Core","30-pack","Oral"
"FUR-BAR-10002449","ONP-VAR-972938","Oral Nicotine","Nicotine Pouches","Value","Multi-pack","Oral"
"FUR-BAR-10002710","ONP-VAR-746641","Oral Nicotine","Nicotine Pouches","Core","Multi-pack","Oral"
"FUR-BAR-10003465","ONP-VAR-083221","Oral Nicotine","Nicotine Pouches","Core","Multi-pack","Oral"
"FUR-BAR-10003532","ONP-VAR-077579","Oral Nicotine","Nicotine Pouches","Value","30-pack","Oral"
"FUR-BAR-10003576","ONP-VAR-551526","Oral Nicotine","Nicotine Pouches","Premium","Multi-pack","Oral"
"FUR-BAR-10004434","ONP-VAR-871028","Oral Nicotine","Nicotine Pouches","Value","20-pack","Oral"
"FUR-BAR-10004553","ONP-VAR-549526","Oral Nicotine","Nicotine Pouches","Core","Multi-pack","Oral"
"FUR-BAR-10004561","ONP-VAR-603046","Oral Nicotine","Nicotine Pouches","Core","10-pack","Oral"
"FUR-BAR-10004682","ONP-VAR-594458","Oral Nicotine","Nicotine Pouches","Value","20-pack","Oral"
"FUR-BEV-10000326","ONP-VAR-927193","Oral Nicotine","Nicotine Pouches","Core","30-pack","Oral"
"FUR-BEV-10000388","ONP-VAR-527591","Oral Nicotine","Nicotine Pouches","Value","Multi-pack","Oral"
"FUR-BEV-10001048","ONP-VAR-815290","Oral Nicotine","Nicotine Pouches","Core","Multi-pack","Oral"
"FUR-BEV-10001217","ONP-VAR-818081","Oral Nicotine","Nicotine Pouches","Value","20-pack","Oral"
"FUR-BEV-10001853","ONP-VAR-556923","Oral Nicotine","Nicotine Pouches","Premium","30-pack","Oral"
"FUR-BEV-10002193","ONP-VAR-055915","Oral Nicotine","Nicotine Pouches","Core","Multi-pack","Oral"
"FUR-BEV-10002369","ONP-VAR-151932","Oral Nicotine","Nicotine Pouches","Premium","10-pack","Oral"
"FUR-BEV-10002803","ONP-VAR-115950","Oral Nicotine","Nicotine Pouches","Premium","20-pack","Oral"
"FUR-BEV-10003414","ONP-VAR-075280","Oral Nicotine","Nicotine Pouches","Core","30-pack","Oral"
"FUR-BEV-10004805","ONP-VAR-506418","Oral Nicotine","Nicotine Pouches","Premium","10-pack","Oral"
"FUR-BEV-10004919","ONP-VAR-470354","Oral Nicotine","Nicotine Pouches","Value","20-pack","Oral"
"FUR-BO-10000002","ONP-VAR-238100","Oral Nicotine","Nicotine Pouches","Value","Multi-pack","Oral"
"FUR-BO-10000008","ONP-VAR-479313","Oral Nicotine","Nicotine Pouches","Premium","20-pack","Oral"
"FUR-BO-10000021","ONP-VAR-394141","Oral Nicotine","Nicotine Pouches","Core","Multi-pack","Oral"
"FUR-BO-10000022","ONP-VAR-878052","Oral Nicotine","Nicotine Pouches","Premium","20-pack","Oral"
"FUR-BO-10000034","ONP-VAR-690938","Oral Nicotine","Nicotine Pouches","Value","20-pack","Oral"
"FUR-BO-10000035","ONP-VAR-560989","Oral Nicotine","Nicotine Pouches","Core","Multi-pack","Oral"
"FUR-BO-10000038","ONP-VAR-752483","Oral Nicotine","Nicotine Pouches","Value","30-pack","Oral"
"FUR-BO-10000071","ONP-VAR-423101","Oral Nicotine","Nicotine Pouches","Value","30-pack","Oral"
"FUR-BO-10000087","ONP-VAR-939050","Oral Nicotine","Nicotine Pouches","Value","10-pack","Oral"
"FUR-BO-10000112","ONP-VAR-084340","Oral Nicotine","Nicotine Pouches","Core","20-pack","Oral"
"FUR-BO-10000120","ONP-VAR-523338","Oral Nicotine","Nicotine Pouches","Premium","30-pack","Oral"
"FUR-BO-10000148","ONP-VAR-946917","Oral Nicotine","Nicotine Pouches","Premium","30-pack","Oral"
"FUR-BO-10000155","ONP-VAR-243765","Oral Nicotine","Nicotine Pouches","Premium","30-pack","Oral"
"FUR-BO-10000160","ONP-VAR-410723","Oral Nicotine","Nicotine Pouches","Value","30-pack","Oral"
"FUR-BO-10000170","ONP-VAR-622210","Oral Nicotine","Nicotine Pouches","Core","Multi-pack","Oral"
"FUR-BO-10000175","ONP-VAR-833980","Oral Nicotine","Nicotine Pouches","Core","10-pack","Oral"
"FUR-BO-10000184","ONP-VAR-118199","Oral Nicotine","Nicotine Pouches","Value","20-pack","Oral"
"FUR-BO-10000195","ONP-VAR-063541","Oral Nicotine","Nicotine Pouches","Core","30-pack","Oral"
"FUR-BO-10000203","ONP-VAR-308946","Oral Nicotine","Nicotine Pouches","Premium","Multi-pack","Oral"
"FUR-BO-10000208","ONP-VAR-399023","Oral Nicotine","Nicotine Pouches","Value","Multi-pack","Oral"
"FUR-BO-10000210","ONP-VAR-901865","Oral Nicotine","Nicotine Pouches","Value","10-pack","Oral"
"FUR-BO-10000214","ONP-VAR-868043","Oral Nicotine","Nicotine Pouches","Value","20-pack","Oral"
"FUR-BO-10000243","ONP-VAR-633706","Oral Nicotine","Nicotine Pouches","Core","Multi-pack","Oral"
"FUR-BO-10000259","ONP-VAR-072419","Oral Nicotine","Nicotine Pouches","Value","10-pack","Oral"
"FUR-BO-10000265","ONP-VAR-418025","Oral Nicotine","Nicotine Pouches","Value","10-pack","Oral"
"FUR-BO-10000268","ONP-VAR-244683","Oral Nicotine","Nicotine Pouches","Premium","20-pack","Oral"
"FUR-BO-10000269","ONP-VAR-645252","Oral Nicotine","Nicotine Pouches","Premium","Multi-pack","Oral"
"FUR-BO-10000279","ONP-VAR-310373","Oral Nicotine","Nicotine Pouches","Value","30-pack","Oral"
"FUR-BO-10000288","ONP-VAR-898224","Oral Nicotine","Nicotine Pouches","Premium","Multi-pack","Oral"
"FUR-BO-10000311","ONP-VAR-998134","Oral Nicotine","Nicotine Pouches","Core","20-pack","Oral"
"FUR-BO-10000321","ONP-VAR-515226","Oral Nicotine","Nicotine Pouches","Premium","30-pack","Oral"
"FUR-BO-10000330","ONP-VAR-024714","Oral Nicotine","Nicotine Pouches","Premium","20-pack","Oral"
"FUR-BO-10000362","ONP-VAR-029076","Oral Nicotine","Nicotine Pouches","Premium","10-pack","Oral"
"FUR-BO-10000378","ONP-VAR-315117","Oral Nicotine","Nicotine Pouches","Premium","Multi-pack","Oral"
"FUR-BO-10000402","ONP-VAR-767596","Oral Nicotine","Nicotine Pouches","Core","Multi-pack","Oral"
"FUR-BO-10000411","ONP-VAR-065668","Oral Nicotine","Nicotine Pouches","Core","10-pack","Oral"
"FUR-BO-10000425","ONP-VAR-744162","Oral Nicotine","Nicotine Pouches","Premium","30-pack","Oral"
"FUR-BO-10000468","ONP-VAR-226807","Oral Nicotine","Nicotine Pouches","Core","Multi-pack","Oral"
"FUR-BO-10000490","ONP-VAR-468944","Oral Nicotine","Nicotine Pouches","Value","30-pack","Oral"
"FUR-BO-10000502","ONP-VAR-658368","Oral Nicotine","Nicotine Pouches","Premium","10-pack","Oral"
"FUR-BO-10000514","ONP-VAR-325110","Oral Nicotine","Nicotine Pouches","Premium","10-pack","Oral"
"FUR-BO-10000517","ONP-VAR-008920","Oral Nicotine","Nicotine Pouches","Core","30-pack","Oral"
"FUR-BO-10000533","ONP-VAR-390299","Oral Nicotine","Nicotine Pouches","Value","20-pack","Oral"
"FUR-BO-10000567","ONP-VAR-511446","Oral Nicotine","Nicotine Pouches","Premium","20-pack","Oral"
"FUR-BO-10000596","ONP-VAR-399581","Oral Nicotine","Nicotine Pouches","Value","10-pack","Oral"
"FUR-BO-10000610","ONP-VAR-845832","Oral Nicotine","Nicotine Pouches","Premium","10-pack","Oral"
"FUR-BO-10000616","ONP-VAR-484056","Oral Nicotine","Nicotine Pouches","Premium","20-pack","Oral"
"FUR-BO-10000623","ONP-VAR-184718","Oral Nicotine","Nicotine Pouches","Value","20-pack","Oral"
"FUR-BO-10000624","ONP-VAR-981954","Oral Nicotine","Nicotine Pouches","Premium","30-pack","Oral"
"FUR-BO-10000636","ONP-VAR-526741","Oral Nicotine","Nicotine Pouches","Core","Multi-pack","Oral"
"FUR-BO-10000655","ONP-VAR-911939","Oral Nicotine","Nicotine Pouches","Value","Multi-pack","Oral"
"FUR-BO-10000666","ONP-VAR-646544","Oral Nicotine","Nicotine Pouches","Value","30-pack","Oral"
"FUR-BO-10000668","ONP-VAR-589855","Oral Nicotine","Nicotine Pouches","Core","20-pack","Oral"
"FUR-BO-10000670","ONP-VAR-159823","Oral Nicotine","Nicotine Pouches","Core","30-pack","Oral"
"FUR-BO-10000676","ONP-VAR-237499","Oral Nicotine","Nicotine Pouches","Core","Multi-pack","Oral"
"FUR-BO-10000684","ONP-VAR-603394","Oral Nicotine","Nicotine Pouches","Core","10-pack","Oral"
"FUR-BO-10000699","ONP-VAR-694596","Oral Nicotine","Nicotine Pouches","Premium","10-pack","Oral"
"FUR-BO-10000700","ONP-VAR-650429","Oral Nicotine","Nicotine Pouches","Value","30-pack","Oral"
"FUR-BO-10000711","ONP-VAR-706450","Oral Nicotine","Nicotine Pouches","Core","20-pack","Oral"
"FUR-BO-10000712","ONP-VAR-658346","Oral Nicotine","Nicotine Pouches","Value","Multi-pack","Oral"
"FUR-BO-10000728","ONP-VAR-463071","Oral Nicotine","Nicotine Pouches","Premium","30-pack","Oral"
"FUR-BO-10000734","ONP-VAR-972030","Oral Nicotine","Nicotine Pouches","Premium","10-pack","Oral"
"FUR-BO-10000746","ONP-VAR-281745","Oral Nicotine","Nicotine Pouches","Premium","Multi-pack","Oral"
"FUR-BO-10000780","ONP-VAR-613696","Oral Nicotine","Nicotine Pouches","Core","30-pack","Oral"
"FUR-BO-10000786","ONP-VAR-803675","Oral Nicotine","Nicotine Pouches","Value","Multi-pack","Oral"
"FUR-BO-10000791","ONP-VAR-668223","Oral Nicotine","Nicotine Pouches","Premium","20-pack","Oral"
"FUR-BO-10000797","ONP-VAR-164886","Oral Nicotine","Nicotine Pouches","Premium","10-pack","Oral"
"FUR-BO-10000807","ONP-VAR-275406","Oral Nicotine","Nicotine Pouches","Premium","10-pack","Oral"
"FUR-BO-10000820","ONP-VAR-266085","Oral Nicotine","Nicotine Pouches","Premium","20-pack","Oral"
"FUR-BO-10000847","ONP-VAR-936400","Oral Nicotine","Nicotine Pouches","Core","10-pack","Oral"
"FUR-BO-10000883","ONP-VAR-007578","Oral Nicotine","Nicotine Pouches","Premium","20-pack","Oral"
"FUR-BO-10000889","ONP-VAR-183367","Oral Nicotine","Nicotine Pouches","Core","Multi-pack","Oral"
"FUR-BO-10000891","ONP-VAR-065390","Oral Nicotine","Nicotine Pouches","Value","10-pack","Oral"
"FUR-BO-10000892","ONP-VAR-380046","Oral Nicotine","Nicotine Pouches","Premium","30-pack","Oral"
"FUR-BO-10000895","ONP-VAR-574297","Oral Nicotine","Nicotine Pouches","Core","20-pack","Oral"
"FUR-BO-10000936","ONP-VAR-044756","Oral Nicotine","Nicotine Pouches","Value","30-pack","Oral"
"FUR-BO-10000961","ONP-VAR-410762","Oral Nicotine","Nicotine Pouches","Value","10-pack","Oral"
"FUR-BO-10000967","ONP-VAR-172306","Oral Nicotine","Nicotine Pouches","Core","20-pack","Oral"
"FUR-BO-10000980","ONP-VAR-915174","Oral Nicotine","Nicotine Pouches","Premium","10-pack","Oral"
"FUR-BO-10001003","ONP-VAR-280062","Oral Nicotine","Nicotine Pouches","Premium","10-pack","Oral"
"FUR-BO-10001010","ONP-VAR-982150","Oral Nicotine","Nicotine Pouches","Core","Multi-pack","Oral"
"FUR-BO-10001039","ONP-VAR-068271","Oral Nicotine","Nicotine Pouches","Premium","20-pack","Oral"
"FUR-BO-10001042","ONP-VAR-241391","Oral Nicotine","Nicotine Pouches","Value","30-pack","Oral"
"FUR-BO-10001067","ONP-VAR-576441","Oral Nicotine","Nicotine Pouches","Premium","Multi-pack","Oral"
"FUR-BO-10001073","ONP-VAR-921992","Oral Nicotine","Nicotine Pouches","Value","Multi-pack","Oral"
"FUR-BO-10001099","ONP-VAR-071097","Oral Nicotine","Nicotine Pouches","Premium","Multi-pack","Oral"
"FUR-BO-10001133","ONP-VAR-635326","Oral Nicotine","Nicotine Pouches","Core","10-pack","Oral"
"FUR-BO-10001147","ONP-VAR-492383","Oral Nicotine","Nicotine Pouches","Value","30-pack","Oral"
"FUR-BO-10001155","ONP-VAR-056686","Oral Nicotine","Nicotine Pouches","Core","Multi-pack","Oral"
"FUR-BO-10001165","ONP-VAR-017020","Oral Nicotine","Nicotine Pouches","Core","10-pack","Oral"
"FUR-BO-10001192","ONP-VAR-719149","Oral Nicotine","Nicotine Pouches","Core","10-pack","Oral"
"FUR-BO-10001196","ONP-VAR-617844","Oral Nicotine","Nicotine Pouches","Premium","20-pack","Oral"
"FUR-BO-10001201","ONP-VAR-737257","Oral Nicotine","Nicotine Pouches","Core","30-pack","Oral"
"FUR-BO-10001212","ONP-VAR-165301","Oral Nicotine","Nicotine Pouches","Core","20-pack","Oral"
"FUR-BO-10001216","ONP-VAR-830301","Oral Nicotine","Nicotine Pouches","Premium","10-pack","Oral"
"FUR-BO-10001233","ONP-VAR-990529","Oral Nicotine","Nicotine Pouches","Core","20-pack","Oral"
"FUR-BO-10001254","ONP-VAR-999860","Oral Nicotine","Nicotine Pouches","Value","10-pack","Oral"
"FUR-BO-10001255","ONP-VAR-519826","Oral Nicotine","Nicotine Pouches","Core","30-pack","Oral"
"FUR-BO-10001256","ONP-VAR-690825","Oral Nicotine","Nicotine Pouches","Premium","10-pack","Oral"
"FUR-BO-10001271","ONP-VAR-725236","Oral Nicotine","Nicotine Pouches","Core","20-pack","Oral"
"FUR-BO-10001276","ONP-VAR-399642","Oral Nicotine","Nicotine Pouches","Premium","30-pack","Oral"
"FUR-BO-10001287","ONP-VAR-349367","Oral Nicotine","Nicotine Pouches","Value","Multi-pack","Oral"
"FUR-BO-10001295","ONP-VAR-092044","Oral Nicotine","Nicotine Pouches","Core","30-pack","Oral"
"FUR-BO-10001309","ONP-VAR-874149","Oral Nicotine","Nicotine Pouches","Premium","Multi-pack","Oral"
"FUR-BO-10001318","ONP-VAR-504239","Oral Nicotine","Nicotine Pouches","Value","10-pack","Oral"
"FUR-BO-10001324","ONP-VAR-169289","Oral Nicotine","Nicotine Pouches","Value","10-pack","Oral"
"FUR-BO-10001326","ONP-VAR-668036","Oral Nicotine","Nicotine Pouches","Value","10-pack","Oral"
"FUR-BO-10001337","ONP-VAR-713222","Oral Nicotine","Nicotine Pouches","Value","Multi-pack","Oral"
"FUR-BO-10001342","ONP-VAR-135666","Oral Nicotine","Nicotine Pouches","Premium","Multi-pack","Oral"
"FUR-BO-10001356","ONP-VAR-824291","Oral Nicotine","Nicotine Pouches","Value","Multi-pack","Oral"
"FUR-BO-10001358","ONP-VAR-102476","Oral Nicotine","Nicotine Pouches","Value","10-pack","Oral"
"FUR-BO-10001362","ONP-VAR-896687","Oral Nicotine","Nicotine Pouches","Value","20-pack","Oral"
"FUR-BO-10001369","ONP-VAR-571230","Oral Nicotine","Nicotine Pouches","Premium","20-pack","Oral"
"FUR-BO-10001370","ONP-VAR-436927","Oral Nicotine","Nicotine Pouches","Core","10-pack","Oral"
"FUR-BO-10001372","ONP-VAR-182981","Oral Nicotine","Nicotine Pouches","Value","10-pack","Oral"
"FUR-BO-10001385","ONP-VAR-905252","Oral Nicotine","Nicotine Pouches","Value","10-pack","Oral"
"FUR-BO-10001387","ONP-VAR-295868","Oral Nicotine","Nicotine Pouches","Value","10-pack","Oral"
"FUR-BO-10001390","ONP-VAR-046829","Oral Nicotine","Nicotine Pouches","Value","30-pack","Oral"
"FUR-BO-10001392","ONP-VAR-612243","Oral Nicotine","Nicotine Pouches","Premium","30-pack","Oral"
"FUR-BO-10001393","ONP-VAR-875841","Oral Nicotine","Nicotine Pouches","Premium","10-pack","Oral"
"FUR-BO-10001405","ONP-VAR-812396","Oral Nicotine","Nicotine Pouches","Value","20-pack","Oral"
"FUR-BO-10001436","ONP-VAR-886540","Oral Nicotine","Nicotine Pouches","Core","10-pack","Oral"
"FUR-BO-10001452","ONP-VAR-085996","Oral Nicotine","Nicotine Pouches","Core","Multi-pack","Oral"
"FUR-BO-10001461","ONP-VAR-554390","Oral Nicotine","Nicotine Pouches","Value","30-pack","Oral"
"FUR-BO-10001471","ONP-VAR-667617","Oral Nicotine","Nicotine Pouches","Premium","Multi-pack","Oral"
"FUR-BO-10001476","ONP-VAR-642621","Oral Nicotine","Nicotine Pouches","Premium","10-pack","Oral"
"FUR-BO-10001483","ONP-VAR-829371","Oral Nicotine","Nicotine Pouches","Premium","10-pack","Oral"
"FUR-BO-10001498","ONP-VAR-817644","Oral Nicotine","Nicotine Pouches","Premium","20-pack","Oral"
"FUR-BO-10001501","ONP-VAR-794048","Oral Nicotine","Nicotine Pouches","Value","Multi-pack","Oral"
"FUR-BO-10001507","ONP-VAR-662757","Oral Nicotine","Nicotine Pouches","Premium","30-pack","Oral"
"FUR-BO-10001519","ONP-VAR-575809","Oral Nicotine","Nicotine Pouches","Core","10-pack","Oral"
"FUR-BO-10001524","ONP-VAR-233056","Oral Nicotine","Nicotine Pouches","Core","30-pack","Oral"
"FUR-BO-10001537","ONP-VAR-825849","Oral Nicotine","Nicotine Pouches","Premium","20-pack","Oral"
"FUR-BO-10001541","ONP-VAR-525792","Oral Nicotine","Nicotine Pouches","Premium","Multi-pack","Oral"
"FUR-BO-10001553","ONP-VAR-695698","Oral Nicotine","Nicotine Pouches","Core","30-pack","Oral"
"FUR-BO-10001555","ONP-VAR-798368","Oral Nicotine","Nicotine Pouches","Value","Multi-pack","Oral"
"FUR-BO-10001558","ONP-VAR-971671","Oral Nicotine","Nicotine Pouches","Core","30-pack","Oral"
"FUR-BO-10001567","ONP-VAR-051983","Oral Nicotine","Nicotine Pouches","Value","10-pack","Oral"
"FUR-BO-10001580","ONP-VAR-067994","Oral Nicotine","Nicotine Pouches","Value","20-pack","Oral"
"FUR-BO-10001585","ONP-VAR-478738","Oral Nicotine","Nicotine Pouches","Core","30-pack","Oral"
"FUR-BO-10001596","ONP-VAR-067125","Oral Nicotine","Nicotine Pouches","Premium","20-pack","Oral"
"FUR-BO-10001598","ONP-VAR-285783","Oral Nicotine","Nicotine Pouches","Premium","30-pack","Oral"
"FUR-BO-10001601","ONP-VAR-588965","Oral Nicotine","Nicotine Pouches","Value","30-pack","Oral"
"FUR-BO-10001608","ONP-VAR-618534","Oral Nicotine","Nicotine Pouches","Premium","30-pack","Oral"
"FUR-BO-10001619","ONP-VAR-564237","Oral Nicotine","Nicotine Pouches","Premium","20-pack","Oral"
"FUR-BO-10001621","ONP-VAR-908453","Oral Nicotine","Nicotine Pouches","Value","10-pack","Oral"
"FUR-BO-10001641","ONP-VAR-121549","Oral Nicotine","Nicotine Pouches","Core","30-pack","Oral"
"FUR-BO-10001646","ONP-VAR-790267","Oral Nicotine","Nicotine Pouches","Core","20-pack","Oral"
"FUR-BO-10001668","ONP-VAR-672874","Oral Nicotine","Nicotine Pouches","Core","10-pack","Oral"
"FUR-BO-10001679","ONP-VAR-072680","Oral Nicotine","Nicotine Pouches","Value","Multi-pack","Oral"
"FUR-BO-10001699","ONP-VAR-209298","Oral Nicotine","Nicotine Pouches","Premium","20-pack","Oral"
"FUR-BO-10001708","ONP-VAR-482062","Oral Nicotine","Nicotine Pouches","Core","20-pack","Oral"
"FUR-BO-10001714","ONP-VAR-263714","Oral Nicotine","Nicotine Pouches","Value","Multi-pack","Oral"
"FUR-BO-10001721","ONP-VAR-061280","Oral Nicotine","Nicotine Pouches","Value","Multi-pack","Oral"
"FUR-BO-10001739","ONP-VAR-213114","Oral Nicotine","Nicotine Pouches","Premium","10-pack","Oral"
"FUR-BO-10001746","ONP-VAR-665659","Oral Nicotine","Nicotine Pouches","Core","30-pack","Oral"
"FUR-BO-10001749","ONP-VAR-414820","Oral Nicotine","Nicotine Pouches","Core","Multi-pack","Oral"
"FUR-BO-10001753","ONP-VAR-772507","Oral Nicotine","Nicotine Pouches","Core","10-pack","Oral"
"FUR-BO-10001779","ONP-VAR-569590","Oral Nicotine","Nicotine Pouches","Core","10-pack","Oral"
"FUR-BO-10001781","ONP-VAR-075552","Oral Nicotine","Nicotine Pouches","Premium","20-pack","Oral"
"FUR-BO-10001798","ONP-VAR-464457","Oral Nicotine","Nicotine Pouches","Premium","10-pack","Oral"
"FUR-BO-10001811","ONP-VAR-975613","Oral Nicotine","Nicotine Pouches","Core","20-pack","Oral"
"FUR-BO-10001822","ONP-VAR-617108","Oral Nicotine","Nicotine Pouches","Value","10-pack","Oral"
"FUR-BO-10001831","ONP-VAR-056877","Oral Nicotine","Nicotine Pouches","Premium","Multi-pack","Oral"
"FUR-BO-10001834","ONP-VAR-738725","Oral Nicotine","Nicotine Pouches","Value","10-pack","Oral"
"FUR-BO-10001835","ONP-VAR-908939","Oral Nicotine","Nicotine Pouches","Value","30-pack","Oral"
"FUR-BO-10001860","ONP-VAR-913155","Oral Nicotine","Nicotine Pouches","Premium","10-pack","Oral"
"FUR-BO-10001867","ONP-VAR-764078","Oral Nicotine","Nicotine Pouches","Value","Multi-pack","Oral"
"FUR-BO-10001872","ONP-VAR-533300","Oral Nicotine","Nicotine Pouches","Value","20-pack","Oral"
"FUR-BO-10001873","ONP-VAR-602963","Oral Nicotine","Nicotine Pouches","Value","Multi-pack","Oral"
"FUR-BO-10001874","ONP-VAR-482609","Oral Nicotine","Nicotine Pouches","Value","10-pack","Oral"
"FUR-BO-10001875","ONP-VAR-730548","Oral Nicotine","Nicotine Pouches","Premium","30-pack","Oral"
"FUR-BO-10001876","ONP-VAR-490959","Oral Nicotine","Nicotine Pouches","Premium","10-pack","Oral"
"FUR-BO-10001888","ONP-VAR-206228","Oral Nicotine","Nicotine Pouches","Value","10-pack","Oral"
"FUR-BO-10001892","ONP-VAR-191472","Oral Nicotine","Nicotine Pouches","Premium","Multi-pack","Oral"
"FUR-BO-10001918","ONP-VAR-529744","Oral Nicotine","Nicotine Pouches","Core","30-pack","Oral"
"FUR-BO-10001934","ONP-VAR-584785","Oral Nicotine","Nicotine Pouches","Core","Multi-pack","Oral"
"FUR-BO-10001943","ONP-VAR-307107","Oral Nicotine","Nicotine Pouches","Premium","Multi-pack","Oral"
"FUR-BO-10001946","ONP-VAR-839590","Oral Nicotine","Nicotine Pouches","Core","10-pack","Oral"
"FUR-BO-10001966","ONP-VAR-971102","Oral Nicotine","Nicotine Pouches","Value","30-pack","Oral"
"FUR-BO-10001967","ONP-VAR-277365","Oral Nicotine","Nicotine Pouches","Premium","10-pack","Oral"
"FUR-BO-10001969","ONP-VAR-962514","Oral Nicotine","Nicotine Pouches","Premium","Multi-pack","Oral"
"FUR-BO-10001972","ONP-VAR-070749","Oral Nicotine","Nicotine Pouches","Premium","30-pack","Oral"
"FUR-BO-10002000","ONP-VAR-884159","Oral Nicotine","Nicotine Pouches","Value","10-pack","Oral"
"FUR-BO-10002003","ONP-VAR-370449","Oral Nicotine","Nicotine Pouches","Premium","30-pack","Oral"
"FUR-BO-10002008","ONP-VAR-169269","Oral Nicotine","Nicotine Pouches","Premium","30-pack","Oral"
"FUR-BO-10002031","ONP-VAR-133687","Oral Nicotine","Nicotine Pouches","Core","20-pack","Oral"
"FUR-BO-10002032","ONP-VAR-296514","Oral Nicotine","Nicotine Pouches","Premium","Multi-pack","Oral"
"FUR-BO-10002042","ONP-VAR-497830","Oral Nicotine","Nicotine Pouches","Core","10-pack","Oral"
"FUR-BO-10002084","ONP-VAR-570679","Oral Nicotine","Nicotine Pouches","Core","20-pack","Oral"
"FUR-BO-10002109","ONP-VAR-290014","Oral Nicotine","Nicotine Pouches","Core","Multi-pack","Oral"
"FUR-BO-10002133","ONP-VAR-446970","Oral Nicotine","Nicotine Pouches","Premium","30-pack","Oral"
"FUR-BO-10002142","ONP-VAR-538041","Oral Nicotine","Nicotine Pouches","Premium","Multi-pack","Oral"
"FUR-BO-10002182","ONP-VAR-656523","Oral Nicotine","Nicotine Pouches","Premium","Multi-pack","Oral"
"FUR-BO-10002202","ONP-VAR-650384","Oral Nicotine","Nicotine Pouches","Value","30-pack","Oral"
"FUR-BO-10002204","ONP-VAR-481680","Oral Nicotine","Nicotine Pouches","Premium","Multi-pack","Oral"
"FUR-BO-10002206","ONP-VAR-254410","Oral Nicotine","Nicotine Pouches","Core","Multi-pack","Oral"
"FUR-BO-10002213","ONP-VAR-586742","Oral Nicotine","Nicotine Pouches","Value","20-pack","Oral"
"FUR-BO-10002214","ONP-VAR-417649","Oral Nicotine","Nicotine Pouches","Core","30-pack","Oral"
"FUR-BO-10002235","ONP-VAR-270370","Oral Nicotine","Nicotine Pouches","Core","30-pack","Oral"
"FUR-BO-10002250","ONP-VAR-022693","Oral Nicotine","Nicotine Pouches","Core","Multi-pack","Oral"
"FUR-BO-10002268","ONP-VAR-853533","Oral Nicotine","Nicotine Pouches","Premium","30-pack","Oral"
"FUR-BO-10002277","ONP-VAR-781235","Oral Nicotine","Nicotine Pouches","Value","30-pack","Oral"
"FUR-BO-10002285","ONP-VAR-924838","Oral Nicotine","Nicotine Pouches","Core","20-pack","Oral"
"FUR-BO-10002289","ONP-VAR-081967","Oral Nicotine","Nicotine Pouches","Core","30-pack","Oral"
"FUR-BO-10002300","ONP-VAR-956683","Oral Nicotine","Nicotine Pouches","Core","20-pack","Oral"
"FUR-BO-10002308","ONP-VAR-630363","Oral Nicotine","Nicotine Pouches","Premium","Multi-pack","Oral"
"FUR-BO-10002309","ONP-VAR-850774","Oral Nicotine","Nicotine Pouches","Core","20-pack","Oral"
"FUR-BO-10002318","ONP-VAR-211378","Oral Nicotine","Nicotine Pouches","Core","30-pack","Oral"
"FUR-BO-10002324","ONP-VAR-581671","Oral Nicotine","Nicotine Pouches","Core","30-pack","Oral"
"FUR-BO-10002325","ONP-VAR-244125","Oral Nicotine","Nicotine Pouches","Premium","10-pack","Oral"
"FUR-BO-10002334","ONP-VAR-188882","Oral Nicotine","Nicotine Pouches","Value","Multi-pack","Oral"
"FUR-BO-10002346","ONP-VAR-718520","Oral Nicotine","Nicotine Pouches","Value","10-pack","Oral"
"FUR-BO-10002352","ONP-VAR-624466","Oral Nicotine","Nicotine Pouches","Core","10-pack","Oral"
"FUR-BO-10002378","ONP-VAR-434416","Oral Nicotine","Nicotine Pouches","Core","10-pack","Oral"
"FUR-BO-10002383","ONP-VAR-234815","Oral Nicotine","Nicotine Pouches","Value","Multi-pack","Oral"
"FUR-BO-10002387","ONP-VAR-788240","Oral Nicotine","Nicotine Pouches","Value","30-pack","Oral"
"FUR-BO-10002390","ONP-VAR-646136","Oral Nicotine","Nicotine Pouches","Value","10-pack","Oral"
"FUR-BO-10002423","ONP-VAR-297713","Oral Nicotine","Nicotine Pouches","Value","10-pack","Oral"
"FUR-BO-10002444","ONP-VAR-432285","Oral Nicotine","Nicotine Pouches","Premium","20-pack","Oral"
"FUR-BO-10002462","ONP-VAR-475873","Oral Nicotine","Nicotine Pouches","Core","30-pack","Oral"
"FUR-BO-10002471","ONP-VAR-178022","Oral Nicotine","Nicotine Pouches","Value","20-pack","Oral"
"FUR-BO-10002510","ONP-VAR-646873","Oral Nicotine","Nicotine Pouches","Core","30-pack","Oral"
"FUR-BO-10002529","ONP-VAR-891906","Oral Nicotine","Nicotine Pouches","Premium","20-pack","Oral"
"FUR-BO-10002545","ONP-VAR-443335","Oral Nicotine","Nicotine Pouches","Core","10-pack","Oral"
"FUR-BO-10002574","ONP-VAR-789604","Oral Nicotine","Nicotine Pouches","Core","20-pack","Oral"
"FUR-BO-10002580","ONP-VAR-953502","Oral Nicotine","Nicotine Pouches","Premium","Multi-pack","Oral"
"FUR-BO-10002592","ONP-VAR-900352","Oral Nicotine","Nicotine Pouches","Core","30-pack","Oral"
"FUR-BO-10002598","ONP-VAR-452707","Oral Nicotine","Nicotine Pouches","Core","10-pack","Oral"
"FUR-BO-10002613","ONP-VAR-023767","Oral Nicotine","Nicotine Pouches","Core","20-pack","Oral"
"FUR-BO-10002632","ONP-VAR-502341","Oral Nicotine","Nicotine Pouches","Premium","20-pack","Oral"
"FUR-BO-10002679","ONP-VAR-824577","Oral Nicotine","Nicotine Pouches","Premium","20-pack","Oral"
"FUR-BO-10002680","ONP-VAR-868587","Oral Nicotine","Nicotine Pouches","Premium","30-pack","Oral"
"FUR-BO-10002682","ONP-VAR-288887","Oral Nicotine","Nicotine Pouches","Value","30-pack","Oral"
"FUR-BO-10002708","ONP-VAR-181051","Oral Nicotine","Nicotine Pouches","Core","Multi-pack","Oral"
"FUR-BO-10002736","ONP-VAR-534682","Oral Nicotine","Nicotine Pouches","Core","Multi-pack","Oral"
"FUR-BO-10002738","ONP-VAR-282220","Oral Nicotine","Nicotine Pouches","Core","10-pack","Oral"
"FUR-BO-10002740","ONP-VAR-838764","Oral Nicotine","Nicotine Pouches","Premium","20-pack","Oral"
"FUR-BO-10002766","ONP-VAR-230607","Oral Nicotine","Nicotine Pouches","Premium","30-pack","Oral"
"FUR-BO-10002781","ONP-VAR-269981","Oral Nicotine","Nicotine Pouches","Value","Multi-pack","Oral"
"FUR-BO-10002782","ONP-VAR-346478","Oral Nicotine","Nicotine Pouches","Value","20-pack","Oral"
"FUR-BO-10002793","ONP-VAR-628177","Oral Nicotine","Nicotine Pouches","Core","30-pack","Oral"
"FUR-BO-10002812","ONP-VAR-065869","Oral Nicotine","Nicotine Pouches","Core","20-pack","Oral"
"FUR-BO-10002819","ONP-VAR-561568","Oral Nicotine","Nicotine Pouches","Core","20-pack","Oral"
"FUR-BO-10002824","ONP-VAR-628880","Oral Nicotine","Nicotine Pouches","Value","Multi-pack","Oral"
"FUR-BO-10002852","ONP-VAR-874113","Oral Nicotine","Nicotine Pouches","Premium","20-pack","Oral"
"FUR-BO-10002853","ONP-VAR-069799","Oral Nicotine","Nicotine Pouches","Core","Multi-pack","Oral"
"FUR-BO-10002866","ONP-VAR-443237","Oral Nicotine","Nicotine Pouches","Value","Multi-pack","Oral"
"FUR-BO-10002889","ONP-VAR-819962","Oral Nicotine","Nicotine Pouches","Value","10-pack","Oral"
"FUR-BO-10002892","ONP-VAR-000549","Oral Nicotine","Nicotine Pouches","Premium","20-pack","Oral"
"FUR-BO-10002906","ONP-VAR-618208","Oral Nicotine","Nicotine Pouches","Core","30-pack","Oral"
"FUR-BO-10002916","ONP-VAR-568966","Oral Nicotine","Nicotine Pouches","Core","Multi-pack","Oral"
"FUR-BO-10002926","ONP-VAR-554532","Oral Nicotine","Nicotine Pouches","Premium","10-pack","Oral"
"FUR-BO-10002936","ONP-VAR-782447","Oral Nicotine","Nicotine Pouches","Value","20-pack","Oral"
"FUR-BO-10002964","ONP-VAR-112724","Oral Nicotine","Nicotine Pouches","Value","10-pack","Oral"
"FUR-BO-10002968","ONP-VAR-537086","Oral Nicotine","Nicotine Pouches","Value","Multi-pack","Oral"
"FUR-BO-10002975","ONP-VAR-940079","Oral Nicotine","Nicotine Pouches","Value","Multi-pack","Oral"
"FUR-BO-10002981","ONP-VAR-950280","Oral Nicotine","Nicotine Pouches","Premium","20-pack","Oral"
"FUR-BO-10002985","ONP-VAR-673351","Oral Nicotine","Nicotine Pouches","Core","10-pack","Oral"
"FUR-BO-10002990","ONP-VAR-501894","Oral Nicotine","Nicotine Pouches","Premium","30-pack","Oral"
"FUR-BO-10002992","ONP-VAR-276813","Oral Nicotine","Nicotine Pouches","Premium","30-pack","Oral"
"FUR-BO-10003007","ONP-VAR-868737","Oral Nicotine","Nicotine Pouches","Premium","30-pack","Oral"
"FUR-BO-10003022","ONP-VAR-731086","Oral Nicotine","Nicotine Pouches","Core","Multi-pack","Oral"
"FUR-BO-10003028","ONP-VAR-726422","Oral Nicotine","Nicotine Pouches","Value","20-pack","Oral"
"FUR-BO-10003029","ONP-VAR-479102","Oral Nicotine","Nicotine Pouches","Value","Multi-pack","Oral"
"FUR-BO-10003034","ONP-VAR-575863","Oral Nicotine","Nicotine Pouches","Core","Multi-pack","Oral"
"FUR-BO-10003043","ONP-VAR-880555","Oral Nicotine","Nicotine Pouches","Core","Multi-pack","Oral"
"FUR-BO-10003046","ONP-VAR-191980","Oral Nicotine","Nicotine Pouches","Core","10-pack","Oral"
"FUR-BO-10003078","ONP-VAR-152722","Oral Nicotine","Nicotine Pouches","Core","10-pack","Oral"
"FUR-BO-10003086","ONP-VAR-179695","Oral Nicotine","Nicotine Pouches","Core","10-pack","Oral"
"FUR-BO-10003103","ONP-VAR-697092","Oral Nicotine","Nicotine Pouches","Premium","10-pack","Oral"
"FUR-BO-10003106","ONP-VAR-909212","Oral Nicotine","Nicotine Pouches","Value","Multi-pack","Oral"
"FUR-BO-10003112","ONP-VAR-394535","Oral Nicotine","Nicotine Pouches","Value","Multi-pack","Oral"
"FUR-BO-10003126","ONP-VAR-037271","Oral Nicotine","Nicotine Pouches","Value","20-pack","Oral"
"FUR-BO-10003159","ONP-VAR-107007","Oral Nicotine","Nicotine Pouches","Premium","Multi-pack","Oral"
"FUR-BO-10003174","ONP-VAR-713616","Oral Nicotine","Nicotine Pouches","Premium","10-pack","Oral"
"FUR-BO-10003181","ONP-VAR-184975","Oral Nicotine","Nicotine Pouches","Core","10-pack","Oral"
"FUR-BO-10003185","ONP-VAR-306682","Oral Nicotine","Nicotine Pouches","Core","20-pack","Oral"
"FUR-BO-10003199","ONP-VAR-391210","Oral Nicotine","Nicotine Pouches","Core","Multi-pack","Oral"
"FUR-BO-10003206","ONP-VAR-371302","Oral Nicotine","Nicotine Pouches","Core","30-pack","Oral"
"FUR-BO-10003221","ONP-VAR-064088","Oral Nicotine","Nicotine Pouches","Value","Multi-pack","Oral"
"FUR-BO-10003272","ONP-VAR-669718","Oral Nicotine","Nicotine Pouches","Core","10-pack","Oral"
"FUR-BO-10003282","ONP-VAR-777119","Oral Nicotine","Nicotine Pouches","Value","Multi-pack","Oral"
"FUR-BO-10003284","ONP-VAR-721866","Oral Nicotine","Nicotine Pouches","Premium","30-pack","Oral"
"FUR-BO-10003287","ONP-VAR-328622","Oral Nicotine","Nicotine Pouches","Value","10-pack","Oral"
"FUR-BO-10003291","ONP-VAR-136464","Oral Nicotine","Nicotine Pouches","Premium","10-pack","Oral"
"FUR-BO-10003297","ONP-VAR-298532","Oral Nicotine","Nicotine Pouches","Value","20-pack","Oral"
"FUR-BO-10003301","ONP-VAR-950086","Oral Nicotine","Nicotine Pouches","Core","30-pack","Oral"
"FUR-BO-10003320","ONP-VAR-218668","Oral Nicotine","Nicotine Pouches","Core","30-pack","Oral"
"FUR-BO-10003323","ONP-VAR-256597","Oral Nicotine","Nicotine Pouches","Core","10-pack","Oral"
"FUR-BO-10003326","ONP-VAR-223007","Oral Nicotine","Nicotine Pouches","Value","Multi-pack","Oral"
"FUR-BO-10003333","ONP-VAR-790782","Oral Nicotine","Nicotine Pouches","Premium","20-pack","Oral"
"FUR-BO-10003383","ONP-VAR-434154","Oral Nicotine","Nicotine Pouches","Premium","30-pack","Oral"
"FUR-BO-10003384","ONP-VAR-218707","Oral Nicotine","Nicotine Pouches","Core","20-pack","Oral"
"FUR-BO-10003386","ONP-VAR-461610","Oral Nicotine","Nicotine Pouches","Premium","20-pack","Oral"
"FUR-BO-10003404","ONP-VAR-435384","Oral Nicotine","Nicotine Pouches","Premium","10-pack","Oral"
"FUR-BO-10003408","ONP-VAR-904937","Oral Nicotine","Nicotine Pouches","Value","Multi-pack","Oral"
"FUR-BO-10003433","ONP-VAR-636432","Oral Nicotine","Nicotine Pouches","Premium","10-pack","Oral"
"FUR-BO-10003438","ONP-VAR-856976","Oral Nicotine","Nicotine Pouches","Value","10-pack","Oral"
"FUR-BO-10003441","ONP-VAR-505514","Oral Nicotine","Nicotine Pouches","Value","Multi-pack","Oral"
"FUR-BO-10003450","ONP-VAR-501171","Oral Nicotine","Nicotine Pouches","Premium","10-pack","Oral"
"FUR-BO-10003463","ONP-VAR-493920","Oral Nicotine","Nicotine Pouches","Premium","20-pack","Oral"
"FUR-BO-10003499","ONP-VAR-100517","Oral Nicotine","Nicotine Pouches","Value","10-pack","Oral"
"FUR-BO-10003530","ONP-VAR-513980","Oral Nicotine","Nicotine Pouches","Value","20-pack","Oral"
"FUR-BO-10003541","ONP-VAR-319880","Oral Nicotine","Nicotine Pouches","Value","10-pack","Oral"
"FUR-BO-10003543","ONP-VAR-936623","Oral Nicotine","Nicotine Pouches","Value","10-pack","Oral"
"FUR-BO-10003546","ONP-VAR-456111","Oral Nicotine","Nicotine Pouches","Premium","Multi-pack","Oral"
"FUR-BO-10003549","ONP-VAR-000012","Oral Nicotine","Nicotine Pouches","Premium","30-pack","Oral"
"FUR-BO-10003554","ONP-VAR-395345","Oral Nicotine","Nicotine Pouches","Value","30-pack","Oral"
"FUR-BO-10003559","ONP-VAR-168078","Oral Nicotine","Nicotine Pouches","Premium","Multi-pack","Oral"
"FUR-BO-10003563","ONP-VAR-307210","Oral Nicotine","Nicotine Pouches","Core","30-pack","Oral"
"FUR-BO-10003589","ONP-VAR-837087","Oral Nicotine","Nicotine Pouches","Premium","30-pack","Oral"
"FUR-BO-10003604","ONP-VAR-322310","Oral Nicotine","Nicotine Pouches","Value","30-pack","Oral"
"FUR-BO-10003631","ONP-VAR-903613","Oral Nicotine","Nicotine Pouches","Core","30-pack","Oral"
"FUR-BO-10003647","ONP-VAR-805348","Oral Nicotine","Nicotine Pouches","Core","10-pack","Oral"
"FUR-BO-10003660","ONP-VAR-957144","Oral Nicotine","Nicotine Pouches","Premium","20-pack","Oral"
"FUR-BO-10003661","ONP-VAR-023632","Oral Nicotine","Nicotine Pouches","Core","Multi-pack","Oral"
"FUR-BO-10003668","ONP-VAR-015451","Oral Nicotine","Nicotine Pouches","Core","Multi-pack","Oral"
"FUR-BO-10003688","ONP-VAR-098272","Oral Nicotine","Nicotine Pouches","Core","20-pack","Oral"
"FUR-BO-10003697","ONP-VAR-926771","Oral Nicotine","Nicotine Pouches","Value","20-pack","Oral"
"FUR-BO-10003706","ONP-VAR-748004","Oral Nicotine","Nicotine Pouches","Value","20-pack","Oral"
"FUR-BO-10003713","ONP-VAR-516982","Oral Nicotine","Nicotine Pouches","Core","Multi-pack","Oral"
"FUR-BO-10003734","ONP-VAR-464515","Oral Nicotine","Nicotine Pouches","Core","30-pack","Oral"
"FUR-BO-10003738","ONP-VAR-393703","Oral Nicotine","Nicotine Pouches","Core","20-pack","Oral"
"FUR-BO-10003768","ONP-VAR-483649","Oral Nicotine","Nicotine Pouches","Core","10-pack","Oral"
"FUR-BO-10003779","ONP-VAR-002019","Oral Nicotine","Nicotine Pouches","Premium","Multi-pack","Oral"
"FUR-BO-10003783","ONP-VAR-904505","Oral Nicotine","Nicotine Pouches","Value","30-pack","Oral"
"FUR-BO-10003793","ONP-VAR-166609","Oral Nicotine","Nicotine Pouches","Core","Multi-pack","Oral"
"FUR-BO-10003828","ONP-VAR-374113","Oral Nicotine","Nicotine Pouches","Core","20-pack","Oral"
"FUR-BO-10003873","ONP-VAR-138039","Oral Nicotine","Nicotine Pouches","Premium","10-pack","Oral"
"FUR-BO-10003878","ONP-VAR-395284","Oral Nicotine","Nicotine Pouches","Core","10-pack","Oral"
"FUR-BO-10003880","ONP-VAR-639871","Oral Nicotine","Nicotine Pouches","Core","20-pack","Oral"
"FUR-BO-10003881","ONP-VAR-223583","Oral Nicotine","Nicotine Pouches","Value","Multi-pack","Oral"
"FUR-BO-10003887","ONP-VAR-334409","Oral Nicotine","Nicotine Pouches","Value","30-pack","Oral"
"FUR-BO-10003893","ONP-VAR-018381","Oral Nicotine","Nicotine Pouches","Premium","30-pack","Oral"
"FUR-BO-10003894","ONP-VAR-741645","Oral Nicotine","Nicotine Pouches","Premium","20-pack","Oral"
"FUR-BO-10003903","ONP-VAR-342021","Oral Nicotine","Nicotine Pouches","Premium","10-pack","Oral"
"FUR-BO-10003904","ONP-VAR-965097","Oral Nicotine","Nicotine Pouches","Premium","Multi-pack","Oral"
"FUR-BO-10003905","ONP-VAR-946340","Oral Nicotine","Nicotine Pouches","Value","20-pack","Oral"
"FUR-BO-10003913","ONP-VAR-013213","Oral Nicotine","Nicotine Pouches","Core","20-pack","Oral"
"FUR-BO-10003945","ONP-VAR-728801","Oral Nicotine","Nicotine Pouches","Value","20-pack","Oral"
"FUR-BO-10003965","ONP-VAR-583591","Oral Nicotine","Nicotine Pouches","Core","Multi-pack","Oral"
"FUR-BO-10003966","ONP-VAR-492018","Oral Nicotine","Nicotine Pouches","Premium","20-pack","Oral"
"FUR-BO-10003968","ONP-VAR-467737","Oral Nicotine","Nicotine Pouches","Core","30-pack","Oral"
"FUR-BO-10003985","ONP-VAR-116041","Oral Nicotine","Nicotine Pouches","Core","20-pack","Oral"
"FUR-BO-10003991","ONP-VAR-342948","Oral Nicotine","Nicotine Pouches","Premium","20-pack","Oral"
"FUR-BO-10004015","ONP-VAR-590828","Oral Nicotine","Nicotine Pouches","Value","30-pack","Oral"
"FUR-BO-10004032","ONP-VAR-955091","Oral Nicotine","Nicotine Pouches","Value","Multi-pack","Oral"
"FUR-BO-10004043","ONP-VAR-702154","Oral Nicotine","Nicotine Pouches","Core","30-pack","Oral"
"FUR-BO-10004053","ONP-VAR-191176","Oral Nicotine","Nicotine Pouches","Core","Multi-pack","Oral"
"FUR-BO-10004055","ONP-VAR-848992","Oral Nicotine","Nicotine Pouches","Core","30-pack","Oral"
"FUR-BO-10004075","ONP-VAR-185121","Oral Nicotine","Nicotine Pouches","Premium","10-pack","Oral"
"FUR-BO-10004080","ONP-VAR-150203","Oral Nicotine","Nicotine Pouches","Value","10-pack","Oral"
"FUR-BO-10004082","ONP-VAR-591344","Oral Nicotine","Nicotine Pouches","Value","10-pack","Oral"
"FUR-BO-10004098","ONP-VAR-709457","Oral Nicotine","Nicotine Pouches","Value","Multi-pack","Oral"
"FUR-BO-10004103","ONP-VAR-739675","Oral Nicotine","Nicotine Pouches","Core","20-pack","Oral"
"FUR-BO-10004113","ONP-VAR-969078","Oral Nicotine","Nicotine Pouches","Premium","10-pack","Oral"
"FUR-BO-10004119","ONP-VAR-984881","Oral Nicotine","Nicotine Pouches","Value","30-pack","Oral"
"FUR-BO-10004129","ONP-VAR-723658","Oral Nicotine","Nicotine Pouches","Core","20-pack","Oral"
"FUR-BO-10004135","ONP-VAR-589499","Oral Nicotine","Nicotine Pouches","Value","Multi-pack","Oral"
"FUR-BO-10004142","ONP-VAR-826545","Oral Nicotine","Nicotine Pouches","Premium","Multi-pack","Oral"
"FUR-BO-10004161","ONP-VAR-927323","Oral Nicotine","Nicotine Pouches","Value","Multi-pack","Oral"
"FUR-BO-10004162","ONP-VAR-858999","Oral Nicotine","Nicotine Pouches","Premium","20-pack","Oral"
"FUR-BO-10004191","ONP-VAR-932756","Oral Nicotine","Nicotine Pouches","Value","10-pack","Oral"
"FUR-BO-10004199","ONP-VAR-820067","Oral Nicotine","Nicotine Pouches","Value","30-pack","Oral"
"FUR-BO-10004218","ONP-VAR-309640","Oral Nicotine","Nicotine Pouches","Core","20-pack","Oral"
"FUR-BO-10004219","ONP-VAR-802500","Oral Nicotine","Nicotine Pouches","Premium","Multi-pack","Oral"
"FUR-BO-10004230","ONP-VAR-939302","Oral Nicotine","Nicotine Pouches","Value","20-pack","Oral"
"FUR-BO-10004238","ONP-VAR-627761","Oral Nicotine","Nicotine Pouches","Value","Multi-pack","Oral"
"FUR-BO-10004254","ONP-VAR-610330","Oral Nicotine","Nicotine Pouches","Core","30-pack","Oral"
"FUR-BO-10004312","ONP-VAR-158715","Oral Nicotine","Nicotine Pouches","Premium","10-pack","Oral"
"FUR-BO-10004316","ONP-VAR-342824","Oral Nicotine","Nicotine Pouches","Value","20-pack","Oral"
"FUR-BO-10004327","ONP-VAR-033019","Oral Nicotine","Nicotine Pouches","Core","10-pack","Oral"
"FUR-BO-10004340","ONP-VAR-119014","Oral Nicotine","Nicotine Pouches","Core","20-pack","Oral"
"FUR-BO-10004357","ONP-VAR-220669","Oral Nicotine","Nicotine Pouches","Core","Multi-pack","Oral"
"FUR-BO-10004360","ONP-VAR-654334","Oral Nicotine","Nicotine Pouches","Core","Multi-pack","Oral"
"FUR-BO-10004371","ONP-VAR-866359","Oral Nicotine","Nicotine Pouches","Core","10-pack","Oral"
"FUR-BO-10004388","ONP-VAR-123223","Oral Nicotine","Nicotine Pouches","Core","Multi-pack","Oral"
"FUR-BO-10004399","ONP-VAR-188789","Oral Nicotine","Nicotine Pouches","Value","10-pack","Oral"
"FUR-BO-10004404","ONP-VAR-885732","Oral Nicotine","Nicotine Pouches","Premium","20-pack","Oral"
"FUR-BO-10004407","ONP-VAR-645635","Oral Nicotine","Nicotine Pouches","Value","Multi-pack","Oral"
"FUR-BO-10004408","ONP-VAR-579771","Oral Nicotine","Nicotine Pouches","Premium","30-pack","Oral"
"FUR-BO-10004409","ONP-VAR-067401","Oral Nicotine","Nicotine Pouches","Premium","10-pack","Oral"
"FUR-BO-10004423","ONP-VAR-380102","Oral Nicotine","Nicotine Pouches","Value","10-pack","Oral"
"FUR-BO-10004425","ONP-VAR-713743","Oral Nicotine","Nicotine Pouches","Core","20-pack","Oral"
"FUR-BO-10004430","ONP-VAR-098783","Oral Nicotine","Nicotine Pouches","Value","Multi-pack","Oral"
"FUR-BO-10004434","ONP-VAR-876691","Oral Nicotine","Nicotine Pouches","Core","30-pack","Oral"
"FUR-BO-10004441","ONP-VAR-815094","Oral Nicotine","Nicotine Pouches","Premium","30-pack","Oral"
"FUR-BO-10004445","ONP-VAR-573526","Oral Nicotine","Nicotine Pouches","Core","Multi-pack","Oral"
"FUR-BO-10004452","ONP-VAR-375104","Oral Nicotine","Nicotine Pouches","Value","20-pack","Oral"
"FUR-BO-10004459","ONP-VAR-001510","Oral Nicotine","Nicotine Pouches","Core","20-pack","Oral"
"FUR-BO-10004467","ONP-VAR-854593","Oral Nicotine","Nicotine Pouches","Core","20-pack","Oral"
"FUR-BO-10004472","ONP-VAR-542000","Oral Nicotine","Nicotine Pouches","Value","Multi-pack","Oral"
"FUR-BO-10004483","ONP-VAR-216479","Oral Nicotine","Nicotine Pouches","Value","30-pack","Oral"
"FUR-BO-10004504","ONP-VAR-761084","Oral Nicotine","Nicotine Pouches","Value","30-pack","Oral"
"FUR-BO-10004507","ONP-VAR-108249","Oral Nicotine","Nicotine Pouches","Premium","10-pack","Oral"
"FUR-BO-10004508","ONP-VAR-077700","Oral Nicotine","Nicotine Pouches","Premium","20-pack","Oral"
"FUR-BO-10004529","ONP-VAR-807508","Oral Nicotine","Nicotine Pouches","Core","20-pack","Oral"
"FUR-BO-10004537","ONP-VAR-834174","Oral Nicotine","Nicotine Pouches","Premium","Multi-pack","Oral"
"FUR-BO-10004541","ONP-VAR-968972","Oral Nicotine","Nicotine Pouches","Value","20-pack","Oral"
"FUR-BO-10004547","ONP-VAR-796322","Oral Nicotine","Nicotine Pouches","Value","10-pack","Oral"
"FUR-BO-10004558","ONP-VAR-874110","Oral Nicotine","Nicotine Pouches","Premium","10-pack","Oral"
"FUR-BO-10004560","ONP-VAR-592839","Oral Nicotine","Nicotine Pouches","Premium","20-pack","Oral"
"FUR-BO-10004565","ONP-VAR-352016","Oral Nicotine","Nicotine Pouches","Value","30-pack","Oral"
"FUR-BO-10004567","ONP-VAR-206107","Oral Nicotine","Nicotine Pouches","Core","30-pack","Oral"
"FUR-BO-10004585","ONP-VAR-418740","Oral Nicotine","Nicotine Pouches","Premium","10-pack","Oral"
"FUR-BO-10004620","ONP-VAR-283786","Oral Nicotine","Nicotine Pouches","Core","10-pack","Oral"
"FUR-BO-10004630","ONP-VAR-061942","Oral Nicotine","Nicotine Pouches","Core","20-pack","Oral"
"FUR-BO-10004633","ONP-VAR-973641","Oral Nicotine","Nicotine Pouches","Premium","Multi-pack","Oral"
"FUR-BO-10004648","ONP-VAR-273362","Oral Nicotine","Nicotine Pouches","Value","10-pack","Oral"
"FUR-BO-10004660","ONP-VAR-003369","Oral Nicotine","Nicotine Pouches","Premium","10-pack","Oral"
"FUR-BO-10004665","ONP-VAR-353932","Oral Nicotine","Nicotine Pouches","Core","Multi-pack","Oral"
"FUR-BO-10004670","ONP-VAR-733459","Oral Nicotine","Nicotine Pouches","Core","20-pack","Oral"
"FUR-BO-10004679","ONP-VAR-618681","Oral Nicotine","Nicotine Pouches","Premium","20-pack","Oral"
"FUR-BO-10004681","ONP-VAR-181993","Oral Nicotine","Nicotine Pouches","Core","10-pack","Oral"
"FUR-BO-10004690","ONP-VAR-067114","Oral Nicotine","Nicotine Pouches","Core","Multi-pack","Oral"
"FUR-BO-10004695","ONP-VAR-476736","Oral Nicotine","Nicotine Pouches","Premium","10-pack","Oral"
"FUR-BO-10004699","ONP-VAR-751930","Oral Nicotine","Nicotine Pouches","Core","Multi-pack","Oral"
"FUR-BO-10004704","ONP-VAR-164702","Oral Nicotine","Nicotine Pouches","Value","10-pack","Oral"
"FUR-BO-10004707","ONP-VAR-916364","Oral Nicotine","Nicotine Pouches","Value","30-pack","Oral"
"FUR-BO-10004709","ONP-VAR-457303","Oral Nicotine","Nicotine Pouches","Core","20-pack","Oral"
"FUR-BO-10004725","ONP-VAR-983464","Oral Nicotine","Nicotine Pouches","Core","10-pack","Oral"
"FUR-BO-10004771","ONP-VAR-987664","Oral Nicotine","Nicotine Pouches","Core","10-pack","Oral"
"FUR-BO-10004773","ONP-VAR-344781","Oral Nicotine","Nicotine Pouches","Premium","10-pack","Oral"
"FUR-BO-10004806","ONP-VAR-273508","Oral Nicotine","Nicotine Pouches","Core","20-pack","Oral"
"FUR-BO-10004821","ONP-VAR-294677","Oral Nicotine","Nicotine Pouches","Value","10-pack","Oral"
"FUR-BO-10004824","ONP-VAR-429117","Oral Nicotine","Nicotine Pouches","Premium","Multi-pack","Oral"
"FUR-BO-10004834","ONP-VAR-819769","Oral Nicotine","Nicotine Pouches","Core","30-pack","Oral"
"FUR-BO-10004842","ONP-VAR-925070","Oral Nicotine","Nicotine Pouches","Value","10-pack","Oral"
"FUR-BO-10004844","ONP-VAR-680454","Oral Nicotine","Nicotine Pouches","Premium","20-pack","Oral"
"FUR-BO-10004852","ONP-VAR-248082","Oral Nicotine","Nicotine Pouches","Premium","20-pack","Oral"
"FUR-BO-10004878","ONP-VAR-448940","Oral Nicotine","Nicotine Pouches","Value","20-pack","Oral"
"FUR-BO-10004899","ONP-VAR-280850","Oral Nicotine","Nicotine Pouches","Value","20-pack","Oral"
"FUR-BO-10004911","ONP-VAR-830954","Oral Nicotine","Nicotine Pouches","Value","10-pack","Oral"
"FUR-BO-10004914","ONP-VAR-178414","Oral Nicotine","Nicotine Pouches","Core","Multi-pack","Oral"
"FUR-BO-10004917","ONP-VAR-752369","Oral Nicotine","Nicotine Pouches","Value","20-pack","Oral"
"FUR-BO-10004924","ONP-VAR-853882","Oral Nicotine","Nicotine Pouches","Core","10-pack","Oral"
"FUR-BO-10004926","ONP-VAR-381108","Oral Nicotine","Nicotine Pouches","Premium","10-pack","Oral"
"FUR-BO-10004935","ONP-VAR-690906","Oral Nicotine","Nicotine Pouches","Premium","Multi-pack","Oral"
"FUR-BO-10004947","ONP-VAR-344870","Oral Nicotine","Nicotine Pouches","Value","10-pack","Oral"
"FUR-BO-10004980","ONP-VAR-202188","Oral Nicotine","Nicotine Pouches","Premium","Multi-pack","Oral"
"FUR-BO-10004999","ONP-VAR-778817","Oral Nicotine","Nicotine Pouches","Value","30-pack","Oral"
"FUR-BUS-10000332","ONP-VAR-678205","Oral Nicotine","Nicotine Pouches","Core","20-pack","Oral"
"FUR-BUS-10000984","ONP-VAR-907332","Oral Nicotine","Nicotine Pouches","Premium","20-pack","Oral"
"FUR-BUS-10001187","ONP-VAR-180935","Oral Nicotine","Nicotine Pouches","Value","30-pack","Oral"
"FUR-BUS-10001243","ONP-VAR-347184","Oral Nicotine","Nicotine Pouches","Premium","30-pack","Oral"
"FUR-BUS-10001781","ONP-VAR-791289","Oral Nicotine","Nicotine Pouches","Premium","20-pack","Oral"
"FUR-BUS-10001876","ONP-VAR-347340","Oral Nicotine","Nicotine Pouches","Premium","10-pack","Oral"
"FUR-BUS-10002040","ONP-VAR-706267","Oral Nicotine","Nicotine Pouches","Core","10-pack","Oral"
"FUR-BUS-10002138","ONP-VAR-603631","Oral Nicotine","Nicotine Pouches","Core","30-pack","Oral"
"FUR-BUS-10002192","ONP-VAR-934049","Oral Nicotine","Nicotine Pouches","Value","30-pack","Oral"
"FUR-BUS-10002639","ONP-VAR-499314","Oral Nicotine","Nicotine Pouches","Premium","20-pack","Oral"
"FUR-BUS-10002989","ONP-VAR-163337","Oral Nicotine","Nicotine Pouches","Value","Multi-pack","Oral"
"FUR-BUS-10003055","ONP-VAR-200496","Oral Nicotine","Nicotine Pouches","Premium","Multi-pack","Oral"
"FUR-BUS-10003368","ONP-VAR-511328","Oral Nicotine","Nicotine Pouches","Value","10-pack","Oral"
"FUR-BUS-10003708","ONP-VAR-474041","Oral Nicotine","Nicotine Pouches","Value","30-pack","Oral"
"FUR-BUS-10003724","ONP-VAR-533903","Oral Nicotine","Nicotine Pouches","Value","Multi-pack","Oral"
"FUR-BUS-10004121","ONP-VAR-177467","Oral Nicotine","Nicotine Pouches","Value","Multi-pack","Oral"
"FUR-BUS-10004336","ONP-VAR-820957","Oral Nicotine","Nicotine Pouches","Core","Multi-pack","Oral"
"FUR-BUS-10004475","ONP-VAR-961273","Oral Nicotine","Nicotine Pouches","Core","10-pack","Oral"
"FUR-BUS-10004622","ONP-VAR-170725","Oral Nicotine","Nicotine Pouches","Core","10-pack","Oral"
"FUR-BUS-10004644","ONP-VAR-297530","Oral Nicotine","Nicotine Pouches","Value","Multi-pack","Oral"
"FUR-BUS-10004820","ONP-VAR-161237","Oral Nicotine","Nicotine Pouches","Value","30-pack","Oral"
"FUR-BUS-10004854","ONP-VAR-461409","Oral Nicotine","Nicotine Pouches","Premium","10-pack","Oral"
"FUR-BUS-10004882","ONP-VAR-833891","Oral Nicotine","Nicotine Pouches","Value","10-pack","Oral"
"FUR-CH-10000005","ONP-VAR-808933","Oral Nicotine","Nicotine Pouches","Core","20-pack","Oral"
"FUR-CH-10000013","ONP-VAR-658452","Oral Nicotine","Nicotine Pouches","Premium","20-pack","Oral"
"FUR-CH-10000015","ONP-VAR-012739","Oral Nicotine","Nicotine Pouches","Core","10-pack","Oral"
"FUR-CH-10000025","ONP-VAR-042386","Oral Nicotine","Nicotine Pouches","Value","Multi-pack","Oral"
"FUR-CH-10000026","ONP-VAR-444122","Oral Nicotine","Nicotine Pouches","Value","20-pack","Oral"
"FUR-CH-10000027","ONP-VAR-510958","Oral Nicotine","Nicotine Pouches","Core","Multi-pack","Oral"
"FUR-CH-10000042","ONP-VAR-788314","Oral Nicotine","Nicotine Pouches","Core","30-pack","Oral"
"FUR-CH-10000051","ONP-VAR-429366","Oral Nicotine","Nicotine Pouches","Premium","20-pack","Oral"
"FUR-CH-10000068","ONP-VAR-746347","Oral Nicotine","Nicotine Pouches","Core","30-pack","Oral"
"FUR-CH-10000089","ONP-VAR-736291","Oral Nicotine","Nicotine Pouches","Core","30-pack","Oral"
"FUR-CH-10000105","ONP-VAR-974149","Oral Nicotine","Nicotine Pouches","Core","30-pack","Oral"
"FUR-CH-10000110","ONP-VAR-305716","Oral Nicotine","Nicotine Pouches","Core","10-pack","Oral"
"FUR-CH-10000117","ONP-VAR-745813","Oral Nicotine","Nicotine Pouches","Core","Multi-pack","Oral"
"FUR-CH-10000133","ONP-VAR-616597","Oral Nicotine","Nicotine Pouches","Core","10-pack","Oral"
"FUR-CH-10000136","ONP-VAR-535140","Oral Nicotine","Nicotine Pouches","Premium","Multi-pack","Oral"
"FUR-CH-10000155","ONP-VAR-122150","Oral Nicotine","Nicotine Pouches","Value","Multi-pack","Oral"
"FUR-CH-10000171","ONP-VAR-690814","Oral Nicotine","Nicotine Pouches","Core","10-pack","Oral"
"FUR-CH-10000182","ONP-VAR-418712","Oral Nicotine","Nicotine Pouches","Value","20-pack","Oral"
"FUR-CH-10000187","ONP-VAR-670305","Oral Nicotine","Nicotine Pouches","Premium","30-pack","Oral"
"FUR-CH-10000213","ONP-VAR-244224","Oral Nicotine","Nicotine Pouches","Premium","Multi-pack","Oral"
"FUR-CH-10000214","ONP-VAR-224489","Oral Nicotine","Nicotine Pouches","Value","10-pack","Oral"
"FUR-CH-10000225","ONP-VAR-124932","Oral Nicotine","Nicotine Pouches","Premium","20-pack","Oral"
"FUR-CH-10000229","ONP-VAR-265841","Oral Nicotine","Nicotine Pouches","Value","30-pack","Oral"
"FUR-CH-10000233","ONP-VAR-255252","Oral Nicotine","Nicotine Pouches","Premium","20-pack","Oral"
"FUR-CH-10000258","ONP-VAR-153664","Oral Nicotine","Nicotine Pouches","Core","Multi-pack","Oral"
"FUR-CH-10000265","ONP-VAR-745791","Oral Nicotine","Nicotine Pouches","Premium","20-pack","Oral"
"FUR-CH-10000294","ONP-VAR-674176","Oral Nicotine","Nicotine Pouches","Core","10-pack","Oral"
"FUR-CH-10000302","ONP-VAR-801898","Oral Nicotine","Nicotine Pouches","Core","Multi-pack","Oral"
"FUR-CH-10000309","ONP-VAR-995609","Oral Nicotine","Nicotine Pouches","Value","Multi-pack","Oral"
"FUR-CH-10000326","ONP-VAR-770534","Oral Nicotine","Nicotine Pouches","Value","10-pack","Oral"
"FUR-CH-10000333","ONP-VAR-118782","Oral Nicotine","Nicotine Pouches","Premium","30-pack","Oral"
"FUR-CH-10000336","ONP-VAR-949232","Oral Nicotine","Nicotine Pouches","Value","20-pack","Oral"
"FUR-CH-10000343","ONP-VAR-521849","Oral Nicotine","Nicotine Pouches","Value","20-pack","Oral"
"FUR-CH-10000351","ONP-VAR-278915","Oral Nicotine","Nicotine Pouches","Value","10-pack","Oral"
"FUR-CH-10000373","ONP-VAR-629193","Oral Nicotine","Nicotine Pouches","Premium","30-pack","Oral"
"FUR-CH-10000391","ONP-VAR-404616","Oral Nicotine","Nicotine Pouches","Premium","10-pack","Oral"
"FUR-CH-10000399","ONP-VAR-469332","Oral Nicotine","Nicotine Pouches","Premium","30-pack","Oral"
"FUR-CH-10000414","ONP-VAR-144832","Oral Nicotine","Nicotine Pouches","Core","30-pack","Oral"
"FUR-CH-10000422","ONP-VAR-496931","Oral Nicotine","Nicotine Pouches","Value","10-pack","Oral"
"FUR-CH-10000423","ONP-VAR-071920","Oral Nicotine","Nicotine Pouches","Core","30-pack","Oral"
"FUR-CH-10000430","ONP-VAR-631801","Oral Nicotine","Nicotine Pouches","Core","20-pack","Oral"
"FUR-CH-10000432","ONP-VAR-405293","Oral Nicotine","Nicotine Pouches","Value","20-pack","Oral"
"FUR-CH-10000438","ONP-VAR-900320","Oral Nicotine","Nicotine Pouches","Value","Multi-pack","Oral"
"FUR-CH-10000454","ONP-VAR-534434","Oral Nicotine","Nicotine Pouches","Value","30-pack","Oral"
"FUR-CH-10000470","ONP-VAR-041662","Oral Nicotine","Nicotine Pouches","Core","20-pack","Oral"
"FUR-CH-10000479","ONP-VAR-975246","Oral Nicotine","Nicotine Pouches","Premium","20-pack","Oral"
"FUR-CH-10000488","ONP-VAR-032295","Oral Nicotine","Nicotine Pouches","Premium","10-pack","Oral"
"FUR-CH-10000513","ONP-VAR-219666","Oral Nicotine","Nicotine Pouches","Premium","30-pack","Oral"
"FUR-CH-10000527","ONP-VAR-178778","Oral Nicotine","Nicotine Pouches","Value","10-pack","Oral"
"FUR-CH-10000528","ONP-VAR-261093","Oral Nicotine","Nicotine Pouches","Premium","20-pack","Oral"
"FUR-CH-10000546","ONP-VAR-919213","Oral Nicotine","Nicotine Pouches","Core","10-pack","Oral"
"FUR-CH-10000553","ONP-VAR-010155","Oral Nicotine","Nicotine Pouches","Premium","30-pack","Oral"
"FUR-CH-10000568","ONP-VAR-922087","Oral Nicotine","Nicotine Pouches","Core","20-pack","Oral"
"FUR-CH-10000583","ONP-VAR-512424","Oral Nicotine","Nicotine Pouches","Premium","Multi-pack","Oral"
"FUR-CH-10000595","ONP-VAR-390903","Oral Nicotine","Nicotine Pouches","Premium","Multi-pack","Oral"
"FUR-CH-10000602","ONP-VAR-256023","Oral Nicotine","Nicotine Pouches","Premium","10-pack","Oral"
"FUR-CH-10000603","ONP-VAR-177365","Oral Nicotine","Nicotine Pouches","Value","30-pack","Oral"
"FUR-CH-10000604","ONP-VAR-452202","Oral Nicotine","Nicotine Pouches","Premium","20-pack","Oral"
"FUR-CH-10000608","ONP-VAR-467301","Oral Nicotine","Nicotine Pouches","Premium","30-pack","Oral"
"FUR-CH-10000656","ONP-VAR-260335","Oral Nicotine","Nicotine Pouches","Core","10-pack","Oral"
"FUR-CH-10000660","ONP-VAR-400077","Oral Nicotine","Nicotine Pouches","Premium","30-pack","Oral"
"FUR-CH-10000663","ONP-VAR-045004","Oral Nicotine","Nicotine Pouches","Core","10-pack","Oral"
"FUR-CH-10000665","ONP-VAR-243255","Oral Nicotine","Nicotine Pouches","Premium","20-pack","Oral"
"FUR-CH-10000666","ONP-VAR-767011","Oral Nicotine","Nicotine Pouches","Core","Multi-pack","Oral"
"FUR-CH-10000667","ONP-VAR-923552","Oral Nicotine","Nicotine Pouches","Value","20-pack","Oral"
"FUR-CH-10000677","ONP-VAR-428064","Oral Nicotine","Nicotine Pouches","Premium","10-pack","Oral"
"FUR-CH-10000685","ONP-VAR-956300","Oral Nicotine","Nicotine Pouches","Value","Multi-pack","Oral"
"FUR-CH-10000689","ONP-VAR-712011","Oral Nicotine","Nicotine Pouches","Premium","10-pack","Oral"
"FUR-CH-10000690","ONP-VAR-621503","Oral Nicotine","Nicotine Pouches","Value","20-pack","Oral"
"FUR-CH-10000694","ONP-VAR-339113","Oral Nicotine","Nicotine Pouches","Value","10-pack","Oral"
"FUR-CH-10000727","ONP-VAR-628249","Oral Nicotine","Nicotine Pouches","Core","30-pack","Oral"
"FUR-CH-10000745","ONP-VAR-115961","Oral Nicotine","Nicotine Pouches","Value","10-pack","Oral"
"FUR-CH-10000749","ONP-VAR-546153","Oral Nicotine","Nicotine Pouches","Premium","Multi-pack","Oral"
"FUR-CH-10000774","ONP-VAR-780338","Oral Nicotine","Nicotine Pouches","Value","20-pack","Oral"
"FUR-CH-10000777","ONP-VAR-279308","Oral Nicotine","Nicotine Pouches","Value","Multi-pack","Oral"
"FUR-CH-10000783","ONP-VAR-737076","Oral Nicotine","Nicotine Pouches","Premium","20-pack","Oral"
"FUR-CH-10000785","ONP-VAR-717440","Oral Nicotine","Nicotine Pouches","Value","10-pack","Oral"
"FUR-CH-10000788","ONP-VAR-633162","Oral Nicotine","Nicotine Pouches","Premium","20-pack","Oral"
"FUR-CH-10000790","ONP-VAR-358489","Oral Nicotine","Nicotine Pouches","Core","30-pack","Oral"
"FUR-CH-10000807","ONP-VAR-216959","Oral Nicotine","Nicotine Pouches","Value","20-pack","Oral"
"FUR-CH-10000825","ONP-VAR-230887","Oral Nicotine","Nicotine Pouches","Core","Multi-pack","Oral"
"FUR-CH-10000836","ONP-VAR-949193","Oral Nicotine","Nicotine Pouches","Value","10-pack","Oral"
"FUR-CH-10000843","ONP-VAR-822488","Oral Nicotine","Nicotine Pouches","Value","10-pack","Oral"
"FUR-CH-10000847","ONP-VAR-492952","Oral Nicotine","Nicotine Pouches","Core","20-pack","Oral"
"FUR-CH-10000848","ONP-VAR-178712","Oral Nicotine","Nicotine Pouches","Value","10-pack","Oral"
"FUR-CH-10000852","ONP-VAR-561523","Oral Nicotine","Nicotine Pouches","Core","Multi-pack","Oral"
"FUR-CH-10000857","ONP-VAR-738355","Oral Nicotine","Nicotine Pouches","Core","10-pack","Oral"
"FUR-CH-10000863","ONP-VAR-560069","Oral Nicotine","Nicotine Pouches","Value","30-pack","Oral"
"FUR-CH-10000885","ONP-VAR-581086","Oral Nicotine","Nicotine Pouches","Core","20-pack","Oral"
"FUR-CH-10000891","ONP-VAR-266141","Oral Nicotine","Nicotine Pouches","Value","20-pack","Oral"
"FUR-CH-10000892","ONP-VAR-059308","Oral Nicotine","Nicotine Pouches","Core","Multi-pack","Oral"
"FUR-CH-10000920","ONP-VAR-470298","Oral Nicotine","Nicotine Pouches","Premium","Multi-pack","Oral"
"FUR-CH-10000932","ONP-VAR-149517","Oral Nicotine","Nicotine Pouches","Premium","30-pack","Oral"
"FUR-CH-10000953","ONP-VAR-345782","Oral Nicotine","Nicotine Pouches","Value","30-pack","Oral"
"FUR-CH-10000966","ONP-VAR-305465","Oral Nicotine","Nicotine Pouches","Value","30-pack","Oral"
"FUR-CH-10000969","ONP-VAR-290377","Oral Nicotine","Nicotine Pouches","Core","Multi-pack","Oral"
"FUR-CH-10000974","ONP-VAR-980057","Oral Nicotine","Nicotine Pouches","Value","Multi-pack","Oral"
"FUR-CH-10000981","ONP-VAR-887472","Oral Nicotine","Nicotine Pouches","Premium","Multi-pack","Oral"
"FUR-CH-10000988","ONP-VAR-768232","Oral Nicotine","Nicotine Pouches","Core","Multi-pack","Oral"
"FUR-CH-10000994","ONP-VAR-473429","Oral Nicotine","Nicotine Pouches","Value","20-pack","Oral"
"FUR-CH-10000996","ONP-VAR-535298","Oral Nicotine","Nicotine Pouches","Value","20-pack","Oral"
"FUR-CH-10001021","ONP-VAR-457062","Oral Nicotine","Nicotine Pouches","Premium","Multi-pack","Oral"
"FUR-CH-10001037","ONP-VAR-149168","Oral Nicotine","Nicotine Pouches","Value","Multi-pack","Oral"
"FUR-CH-10001039","ONP-VAR-355735","Oral Nicotine","Nicotine Pouches","Core","10-pack","Oral"
"FUR-CH-10001043","ONP-VAR-205551","Oral Nicotine","Nicotine Pouches","Premium","20-pack","Oral"
"FUR-CH-10001044","ONP-VAR-797780","Oral Nicotine","Nicotine Pouches","Value","30-pack","Oral"
"FUR-CH-10001051","ONP-VAR-954523","Oral Nicotine","Nicotine Pouches","Core","10-pack","Oral"
"FUR-CH-10001114","ONP-VAR-148826","Oral Nicotine","Nicotine Pouches","Value","10-pack","Oral"
"FUR-CH-10001130","ONP-VAR-263909","Oral Nicotine","Nicotine Pouches","Value","Multi-pack","Oral"
"FUR-CH-10001138","ONP-VAR-173708","Oral Nicotine","Nicotine Pouches","Value","20-pack","Oral"
"FUR-CH-10001146","ONP-VAR-782884","Oral Nicotine","Nicotine Pouches","Core","20-pack","Oral"
"FUR-CH-10001147","ONP-VAR-705339","Oral Nicotine","Nicotine Pouches","Premium","Multi-pack","Oral"
"FUR-CH-10001150","ONP-VAR-029612","Oral Nicotine","Nicotine Pouches","Value","20-pack","Oral"
"FUR-CH-10001153","ONP-VAR-566223","Oral Nicotine","Nicotine Pouches","Premium","Multi-pack","Oral"
"FUR-CH-10001187","ONP-VAR-395820","Oral Nicotine","Nicotine Pouches","Premium","Multi-pack","Oral"
"FUR-CH-10001190","ONP-VAR-418596","Oral Nicotine","Nicotine Pouches","Premium","20-pack","Oral"
"FUR-CH-10001191","ONP-VAR-297366","Oral Nicotine","Nicotine Pouches","Premium","Multi-pack","Oral"
"FUR-CH-10001203","ONP-VAR-913225","Oral Nicotine","Nicotine Pouches","Core","Multi-pack","Oral"
"FUR-CH-10001204","ONP-VAR-241576","Oral Nicotine","Nicotine Pouches","Core","10-pack","Oral"
"FUR-CH-10001207","ONP-VAR-293886","Oral Nicotine","Nicotine Pouches","Premium","30-pack","Oral"
"FUR-CH-10001215","ONP-VAR-575297","Oral Nicotine","Nicotine Pouches","Value","Multi-pack","Oral"
"FUR-CH-10001220","ONP-VAR-373262","Oral Nicotine","Nicotine Pouches","Value","Multi-pack","Oral"
"FUR-CH-10001237","ONP-VAR-444225","Oral Nicotine","Nicotine Pouches","Premium","20-pack","Oral"
"FUR-CH-10001262","ONP-VAR-530812","Oral Nicotine","Nicotine Pouches","Core","Multi-pack","Oral"
"FUR-CH-10001270","ONP-VAR-534215","Oral Nicotine","Nicotine Pouches","Value","30-pack","Oral"
"FUR-CH-10001271","ONP-VAR-970622","Oral Nicotine","Nicotine Pouches","Value","10-pack","Oral"
"FUR-CH-10001278","ONP-VAR-899589","Oral Nicotine","Nicotine Pouches","Premium","10-pack","Oral"
"FUR-CH-10001282","ONP-VAR-331437","Oral Nicotine","Nicotine Pouches","Premium","20-pack","Oral"
"FUR-CH-10001313","ONP-VAR-051852","Oral Nicotine","Nicotine Pouches","Premium","20-pack","Oral"
"FUR-CH-10001317","ONP-VAR-705897","Oral Nicotine","Nicotine Pouches","Premium","10-pack","Oral"
"FUR-CH-10001322","ONP-VAR-956491","Oral Nicotine","Nicotine Pouches","Core","10-pack","Oral"
"FUR-CH-10001332","ONP-VAR-999554","Oral Nicotine","Nicotine Pouches","Value","20-pack","Oral"
"FUR-CH-10001343","ONP-VAR-936968","Oral Nicotine","Nicotine Pouches","Value","10-pack","Oral"
"FUR-CH-10001347","ONP-VAR-440447","Oral Nicotine","Nicotine Pouches","Value","20-pack","Oral"
"FUR-CH-10001374","ONP-VAR-129027","Oral Nicotine","Nicotine Pouches","Premium","10-pack","Oral"
"FUR-CH-10001382","ONP-VAR-848767","Oral Nicotine","Nicotine Pouches","Core","30-pack","Oral"
"FUR-CH-10001394","ONP-VAR-087607","Oral Nicotine","Nicotine Pouches","Core","30-pack","Oral"
"FUR-CH-10001397","ONP-VAR-999306","Oral Nicotine","Nicotine Pouches","Premium","10-pack","Oral"
"FUR-CH-10001414","ONP-VAR-322455","Oral Nicotine","Nicotine Pouches","Premium","Multi-pack","Oral"
"FUR-CH-10001415","ONP-VAR-158763","Oral Nicotine","Nicotine Pouches","Premium","20-pack","Oral"
"FUR-CH-10001423","ONP-VAR-752919","Oral Nicotine","Nicotine Pouches","Premium","Multi-pack","Oral"
"FUR-CH-10001429","ONP-VAR-555796","Oral Nicotine","Nicotine Pouches","Core","20-pack","Oral"
"FUR-CH-10001455","ONP-VAR-956134","Oral Nicotine","Nicotine Pouches","Core","20-pack","Oral"
"FUR-CH-10001465","ONP-VAR-023306","Oral Nicotine","Nicotine Pouches","Value","30-pack","Oral"
"FUR-CH-10001477","ONP-VAR-116226","Oral Nicotine","Nicotine Pouches","Premium","Multi-pack","Oral"
"FUR-CH-10001482","ONP-VAR-968612","Oral Nicotine","Nicotine Pouches","Value","Multi-pack","Oral"
"FUR-CH-10001490","ONP-VAR-446643","Oral Nicotine","Nicotine Pouches","Premium","30-pack","Oral"
"FUR-CH-10001492","ONP-VAR-105839","Oral Nicotine","Nicotine Pouches","Value","30-pack","Oral"
"FUR-CH-10001536","ONP-VAR-968220","Oral Nicotine","Nicotine Pouches","Premium","30-pack","Oral"
"FUR-CH-10001545","ONP-VAR-018664","Oral Nicotine","Nicotine Pouches","Core","Multi-pack","Oral"
"FUR-CH-10001553","ONP-VAR-051287","Oral Nicotine","Nicotine Pouches","Value","Multi-pack","Oral"
"FUR-CH-10001559","ONP-VAR-767231","Oral Nicotine","Nicotine Pouches","Value","20-pack","Oral"
"FUR-CH-10001582","ONP-VAR-655490","Oral Nicotine","Nicotine Pouches","Value","10-pack","Oral"
"FUR-CH-10001588","ONP-VAR-511898","Oral Nicotine","Nicotine Pouches","Value","30-pack","Oral"
"FUR-CH-10001607","ONP-VAR-888958","Oral Nicotine","Nicotine Pouches","Core","30-pack","Oral"
"FUR-CH-10001616","ONP-VAR-114137","Oral Nicotine","Nicotine Pouches","Value","20-pack","Oral"
"FUR-CH-10001634","ONP-VAR-100205","Oral Nicotine","Nicotine Pouches","Value","Multi-pack","Oral"
"FUR-CH-10001647","ONP-VAR-069398","Oral Nicotine","Nicotine Pouches","Value","30-pack","Oral"
"FUR-CH-10001658","ONP-VAR-374145","Oral Nicotine","Nicotine Pouches","Premium","30-pack","Oral"
"FUR-CH-10001663","ONP-VAR-003928","Oral Nicotine","Nicotine Pouches","Core","20-pack","Oral"
"FUR-CH-10001664","ONP-VAR-850985","Oral Nicotine","Nicotine Pouches","Value","30-pack","Oral"
"FUR-CH-10001674","ONP-VAR-867726","Oral Nicotine","Nicotine Pouches","Premium","Multi-pack","Oral"
"FUR-CH-10001675","ONP-VAR-796477","Oral Nicotine","Nicotine Pouches","Core","20-pack","Oral"
"FUR-CH-10001684","ONP-VAR-997108","Oral Nicotine","Nicotine Pouches","Core","10-pack","Oral"
"FUR-CH-10001695","ONP-VAR-832913","Oral Nicotine","Nicotine Pouches","Value","Multi-pack","Oral"
"FUR-CH-10001701","ONP-VAR-528407","Oral Nicotine","Nicotine Pouches","Value","10-pack","Oral"
"FUR-CH-10001708","ONP-VAR-573245","Oral Nicotine","Nicotine Pouches","Value","10-pack","Oral"
"FUR-CH-10001714","ONP-VAR-385665","Oral Nicotine","Nicotine Pouches","Premium","30-pack","Oral"
"FUR-CH-10001726","ONP-VAR-535631","Oral Nicotine","Nicotine Pouches","Value","20-pack","Oral"
"FUR-CH-10001752","ONP-VAR-679554","Oral Nicotine","Nicotine Pouches","Premium","Multi-pack","Oral"
"FUR-CH-10001756","ONP-VAR-956261","Oral Nicotine","Nicotine Pouches","Value","30-pack","Oral"
"FUR-CH-10001784","ONP-VAR-859648","Oral Nicotine","Nicotine Pouches","Core","Multi-pack","Oral"
"FUR-CH-10001795","ONP-VAR-695407","Oral Nicotine","Nicotine Pouches","Core","10-pack","Oral"
"FUR-CH-10001797","ONP-VAR-528675","Oral Nicotine","Nicotine Pouches","Premium","10-pack","Oral"
"FUR-CH-10001802","ONP-VAR-816946","Oral Nicotine","Nicotine Pouches","Core","Multi-pack","Oral"
"FUR-CH-10001805","ONP-VAR-675905","Oral Nicotine","Nicotine Pouches","Value","10-pack","Oral"
"FUR-CH-10001810","ONP-VAR-454941","Oral Nicotine","Nicotine Pouches","Premium","30-pack","Oral"
"FUR-CH-10001819","ONP-VAR-894129","Oral Nicotine","Nicotine Pouches","Premium","30-pack","Oral"
"FUR-CH-10001831","ONP-VAR-634893","Oral Nicotine","Nicotine Pouches","Premium","30-pack","Oral"
"FUR-CH-10001832","ONP-VAR-558440","Oral Nicotine","Nicotine Pouches","Value","10-pack","Oral"
"FUR-CH-10001854","ONP-VAR-335191","Oral Nicotine","Nicotine Pouches","Core","Multi-pack","Oral"
"FUR-CH-10001871","ONP-VAR-038705","Oral Nicotine","Nicotine Pouches","Value","30-pack","Oral"
"FUR-CH-10001891","ONP-VAR-951959","Oral Nicotine","Nicotine Pouches","Value","10-pack","Oral"
"FUR-CH-10001895","ONP-VAR-499124","Oral Nicotine","Nicotine Pouches","Value","20-pack","Oral"
"FUR-CH-10001897","ONP-VAR-465061","Oral Nicotine","Nicotine Pouches","Core","20-pack","Oral"
"FUR-CH-10001913","ONP-VAR-069924","Oral Nicotine","Nicotine Pouches","Premium","Multi-pack","Oral"
"FUR-CH-10001914","ONP-VAR-249387","Oral Nicotine","Nicotine Pouches","Premium","10-pack","Oral"
"FUR-CH-10001919","ONP-VAR-769447","Oral Nicotine","Nicotine Pouches","Core","20-pack","Oral"
"FUR-CH-10001944","ONP-VAR-654102","Oral Nicotine","Nicotine Pouches","Premium","20-pack","Oral"
"FUR-CH-10001972","ONP-VAR-229633","Oral Nicotine","Nicotine Pouches","Core","Multi-pack","Oral"
"FUR-CH-10001973","ONP-VAR-649189","Oral Nicotine","Nicotine Pouches","Core","20-pack","Oral"
"FUR-CH-10001975","ONP-VAR-468480","Oral Nicotine","Nicotine Pouches","Premium","10-pack","Oral"
"FUR-CH-10002002","ONP-VAR-191392","Oral Nicotine","Nicotine Pouches","Core","20-pack","Oral"
"FUR-CH-10002010","ONP-VAR-917860","Oral Nicotine","Nicotine Pouches","Core","10-pack","Oral"
"FUR-CH-10002017","ONP-VAR-548411","Oral Nicotine","Nicotine Pouches","Value","Multi-pack","Oral"
"FUR-CH-10002024","ONP-VAR-455440","Oral Nicotine","Nicotine Pouches","Core","30-pack","Oral"
"FUR-CH-10002030","ONP-VAR-357398","Oral Nicotine","Nicotine Pouches","Value","30-pack","Oral"
"FUR-CH-10002033","ONP-VAR-236102","Oral Nicotine","Nicotine Pouches","Value","10-pack","Oral"
"FUR-CH-10002044","ONP-VAR-987152","Oral Nicotine","Nicotine Pouches","Value","10-pack","Oral"
"FUR-CH-10002045","ONP-VAR-209723","Oral Nicotine","Nicotine Pouches","Value","30-pack","Oral"
"FUR-CH-10002053","ONP-VAR-320264","Oral Nicotine","Nicotine Pouches","Value","30-pack","Oral"
"FUR-CH-10002060","ONP-VAR-593280","Oral Nicotine","Nicotine Pouches","Premium","Multi-pack","Oral"
"FUR-CH-10002061","ONP-VAR-292088","Oral Nicotine","Nicotine Pouches","Value","20-pack","Oral"
"FUR-CH-10002073","ONP-VAR-170008","Oral Nicotine","Nicotine Pouches","Core","10-pack","Oral"
"FUR-CH-10002084","ONP-VAR-898651","Oral Nicotine","Nicotine Pouches","Core","10-pack","Oral"
"FUR-CH-10002085","ONP-VAR-253033","Oral Nicotine","Nicotine Pouches","Core","30-pack","Oral"
"FUR-CH-10002088","ONP-VAR-290326","Oral Nicotine","Nicotine Pouches","Core","Multi-pack","Oral"
"FUR-CH-10002090","ONP-VAR-676141","Oral Nicotine","Nicotine Pouches","Core","10-pack","Oral"
"FUR-CH-10002091","ONP-VAR-264140","Oral Nicotine","Nicotine Pouches","Value","30-pack","Oral"
"FUR-CH-10002093","ONP-VAR-359679","Oral Nicotine","Nicotine Pouches","Premium","30-pack","Oral"
"FUR-CH-10002116","ONP-VAR-427016","Oral Nicotine","Nicotine Pouches","Value","30-pack","Oral"
"FUR-CH-10002117","ONP-VAR-272113","Oral Nicotine","Nicotine Pouches","Core","10-pack","Oral"
"FUR-CH-10002126","ONP-VAR-799652","Oral Nicotine","Nicotine Pouches","Value","20-pack","Oral"
"FUR-CH-10002132","ONP-VAR-461448","Oral Nicotine","Nicotine Pouches","Premium","20-pack","Oral"
"FUR-CH-10002152","ONP-VAR-210181","Oral Nicotine","Nicotine Pouches","Core","Multi-pack","Oral"
"FUR-CH-10002188","ONP-VAR-088322","Oral Nicotine","Nicotine Pouches","Value","10-pack","Oral"
"FUR-CH-10002203","ONP-VAR-653374","Oral Nicotine","Nicotine Pouches","Core","20-pack","Oral"
"FUR-CH-10002207","ONP-VAR-531651","Oral Nicotine","Nicotine Pouches","Premium","10-pack","Oral"
"FUR-CH-10002209","ONP-VAR-756264","Oral Nicotine","Nicotine Pouches","Premium","Multi-pack","Oral"
"FUR-CH-10002212","ONP-VAR-866265","Oral Nicotine","Nicotine Pouches","Premium","30-pack","Oral"
"FUR-CH-10002213","ONP-VAR-554010","Oral Nicotine","Nicotine Pouches","Premium","10-pack","Oral"
"FUR-CH-10002224","ONP-VAR-706828","Oral Nicotine","Nicotine Pouches","Core","10-pack","Oral"
"FUR-CH-10002226","ONP-VAR-938837","Oral Nicotine","Nicotine Pouches","Value","10-pack","Oral"
"FUR-CH-10002228","ONP-VAR-438198","Oral Nicotine","Nicotine Pouches","Premium","Multi-pack","Oral"
"FUR-CH-10002247","ONP-VAR-870225","Oral Nicotine","Nicotine Pouches","Premium","10-pack","Oral"
"FUR-CH-10002250","ONP-VAR-966595","Oral Nicotine","Nicotine Pouches","Core","30-pack","Oral"
"FUR-CH-10002273","ONP-VAR-725051","Oral Nicotine","Nicotine Pouches","Value","30-pack","Oral"
"FUR-CH-10002275","ONP-VAR-562985","Oral Nicotine","Nicotine Pouches","Value","Multi-pack","Oral"
"FUR-CH-10002288","ONP-VAR-810669","Oral Nicotine","Nicotine Pouches","Premium","20-pack","Oral"
"FUR-CH-10002291","ONP-VAR-102908","Oral Nicotine","Nicotine Pouches","Value","10-pack","Oral"
"FUR-CH-10002297","ONP-VAR-554651","Oral Nicotine","Nicotine Pouches","Value","20-pack","Oral"
"FUR-CH-10002304","ONP-VAR-439447","Oral Nicotine","Nicotine Pouches","Core","20-pack","Oral"
"FUR-CH-10002316","ONP-VAR-430949","Oral Nicotine","Nicotine Pouches","Value","10-pack","Oral"
"FUR-CH-10002317","ONP-VAR-080181","Oral Nicotine","Nicotine Pouches","Premium","30-pack","Oral"
"FUR-CH-10002320","ONP-VAR-768863","Oral Nicotine","Nicotine Pouches","Value","30-pack","Oral"
"FUR-CH-10002331","ONP-VAR-259726","Oral Nicotine","Nicotine Pouches","Core","20-pack","Oral"
"FUR-CH-10002335","ONP-VAR-212769","Oral Nicotine","Nicotine Pouches","Premium","10-pack","Oral"
"FUR-CH-10002344","ONP-VAR-341332","Oral Nicotine","Nicotine Pouches","Core","20-pack","Oral"
"FUR-CH-10002362","ONP-VAR-035077","Oral Nicotine","Nicotine Pouches","Core","30-pack","Oral"
"FUR-CH-10002372","ONP-VAR-272674","Oral Nicotine","Nicotine Pouches","Core","Multi-pack","Oral"
"FUR-CH-10002373","ONP-VAR-981283","Oral Nicotine","Nicotine Pouches","Core","20-pack","Oral"
"FUR-CH-10002374","ONP-VAR-333751","Oral Nicotine","Nicotine Pouches","Core","30-pack","Oral"
"FUR-CH-10002378","ONP-VAR-277310","Oral Nicotine","Nicotine Pouches","Value","20-pack","Oral"
"FUR-CH-10002410","ONP-VAR-729581","Oral Nicotine","Nicotine Pouches","Value","10-pack","Oral"
"FUR-CH-10002412","ONP-VAR-890317","Oral Nicotine","Nicotine Pouches","Core","10-pack","Oral"
"FUR-CH-10002417","ONP-VAR-099131","Oral Nicotine","Nicotine Pouches","Value","Multi-pack","Oral"
"FUR-CH-10002435","ONP-VAR-496886","Oral Nicotine","Nicotine Pouches","Value","20-pack","Oral"
"FUR-CH-10002438","ONP-VAR-259639","Oral Nicotine","Nicotine Pouches","Core","10-pack","Oral"
"FUR-CH-10002439","ONP-VAR-143235","Oral Nicotine","Nicotine Pouches","Premium","30-pack","Oral"
"FUR-CH-10002468","ONP-VAR-914138","Oral Nicotine","Nicotine Pouches","Value","20-pack","Oral"
"FUR-CH-10002477","ONP-VAR-718307","Oral Nicotine","Nicotine Pouches","Value","20-pack","Oral"
"FUR-CH-10002481","ONP-VAR-198312","Oral Nicotine","Nicotine Pouches","Premium","Multi-pack","Oral"
"FUR-CH-10002498","ONP-VAR-425448","Oral Nicotine","Nicotine Pouches","Premium","30-pack","Oral"
"FUR-CH-10002510","ONP-VAR-522535","Oral Nicotine","Nicotine Pouches","Core","Multi-pack","Oral"
"FUR-CH-10002542","ONP-VAR-663690","Oral Nicotine","Nicotine Pouches","Premium","30-pack","Oral"
"FUR-CH-10002543","ONP-VAR-435449","Oral Nicotine","Nicotine Pouches","Value","10-pack","Oral"
"FUR-CH-10002547","ONP-VAR-706653","Oral Nicotine","Nicotine Pouches","Premium","20-pack","Oral"
"FUR-CH-10002555","ONP-VAR-104717","Oral Nicotine","Nicotine Pouches","Value","10-pack","Oral"
"FUR-CH-10002573","ONP-VAR-739145","Oral Nicotine","Nicotine Pouches","Value","Multi-pack","Oral"
"FUR-CH-10002574","ONP-VAR-827935","Oral Nicotine","Nicotine Pouches","Core","10-pack","Oral"
"FUR-CH-10002585","ONP-VAR-652153","Oral Nicotine","Nicotine Pouches","Core","20-pack","Oral"
"FUR-CH-10002589","ONP-VAR-269104","Oral Nicotine","Nicotine Pouches","Core","30-pack","Oral"
"FUR-CH-10002602","ONP-VAR-945157","Oral Nicotine","Nicotine Pouches","Core","Multi-pack","Oral"
"FUR-CH-10002610","ONP-VAR-323729","Oral Nicotine","Nicotine Pouches","Value","30-pack","Oral"
"FUR-CH-10002626","ONP-VAR-261262","Oral Nicotine","Nicotine Pouches","Core","10-pack","Oral"
"FUR-CH-10002631","ONP-VAR-828029","Oral Nicotine","Nicotine Pouches","Value","30-pack","Oral"
"FUR-CH-10002647","ONP-VAR-895178","Oral Nicotine","Nicotine Pouches","Value","10-pack","Oral"
"FUR-CH-10002653","ONP-VAR-109066","Oral Nicotine","Nicotine Pouches","Core","10-pack","Oral"
"FUR-CH-10002693","ONP-VAR-497880","Oral Nicotine","Nicotine Pouches","Premium","10-pack","Oral"
"FUR-CH-10002727","ONP-VAR-220146","Oral Nicotine","Nicotine Pouches","Premium","20-pack","Oral"
"FUR-CH-10002743","ONP-VAR-740638","Oral Nicotine","Nicotine Pouches","Core","30-pack","Oral"
"FUR-CH-10002749","ONP-VAR-493447","Oral Nicotine","Nicotine Pouches","Core","10-pack","Oral"
"FUR-CH-10002752","ONP-VAR-358430","Oral Nicotine","Nicotine Pouches","Value","20-pack","Oral"
"FUR-CH-10002758","ONP-VAR-718021","Oral Nicotine","Nicotine Pouches","Core","Multi-pack","Oral"
"FUR-CH-10002768","ONP-VAR-336828","Oral Nicotine","Nicotine Pouches","Premium","10-pack","Oral"
"FUR-CH-10002774","ONP-VAR-674979","Oral Nicotine","Nicotine Pouches","Premium","30-pack","Oral"
"FUR-CH-10002780","ONP-VAR-063084","Oral Nicotine","Nicotine Pouches","Premium","10-pack","Oral"
"FUR-CH-10002782","ONP-VAR-351588","Oral Nicotine","Nicotine Pouches","Premium","10-pack","Oral"
"FUR-CH-10002793","ONP-VAR-684594","Oral Nicotine","Nicotine Pouches","Premium","Multi-pack","Oral"
"FUR-CH-10002816","ONP-VAR-291274","Oral Nicotine","Nicotine Pouches","Core","20-pack","Oral"
"FUR-CH-10002817","ONP-VAR-132500","Oral Nicotine","Nicotine Pouches","Value","Multi-pack","Oral"
"FUR-CH-10002819","ONP-VAR-734815","Oral Nicotine","Nicotine Pouches","Core","10-pack","Oral"
"FUR-CH-10002830","ONP-VAR-533610","Oral Nicotine","Nicotine Pouches","Premium","30-pack","Oral"
"FUR-CH-10002846","ONP-VAR-632031","Oral Nicotine","Nicotine Pouches","Premium","10-pack","Oral"
"FUR-CH-10002872","ONP-VAR-605703","Oral Nicotine","Nicotine Pouches","Premium","30-pack","Oral"
"FUR-CH-10002880","ONP-VAR-213376","Oral Nicotine","Nicotine Pouches","Core","20-pack","Oral"
"FUR-CH-10002882","ONP-VAR-271049","Oral Nicotine","Nicotine Pouches","Value","20-pack","Oral"
"FUR-CH-10002890","ONP-VAR-822721","Oral Nicotine","Nicotine Pouches","Core","10-pack","Oral"
"FUR-CH-10002891","ONP-VAR-682742","Oral Nicotine","Nicotine Pouches","Value","30-pack","Oral"
"FUR-CH-10002923","ONP-VAR-167493","Oral Nicotine","Nicotine Pouches","Premium","30-pack","Oral"
"FUR-CH-10002924","ONP-VAR-578291","Oral Nicotine","Nicotine Pouches","Value","20-pack","Oral"
"FUR-CH-10002927","ONP-VAR-194637","Oral Nicotine","Nicotine Pouches","Premium","Multi-pack","Oral"
"FUR-CH-10002932","ONP-VAR-964917","Oral Nicotine","Nicotine Pouches","Premium","20-pack","Oral"
"FUR-CH-10002938","ONP-VAR-459227","Oral Nicotine","Nicotine Pouches","Value","Multi-pack","Oral"
"FUR-CH-10002940","ONP-VAR-736392","Oral Nicotine","Nicotine Pouches","Premium","30-pack","Oral"
"FUR-CH-10002944","ONP-VAR-942076","Oral Nicotine","Nicotine Pouches","Core","Multi-pack","Oral"
"FUR-CH-10002961","ONP-VAR-656627","Oral Nicotine","Nicotine Pouches","Value","30-pack","Oral"
"FUR-CH-10002965","ONP-VAR-448100","Oral Nicotine","Nicotine Pouches","Value","Multi-pack","Oral"
"FUR-CH-10002966","ONP-VAR-367701","Oral Nicotine","Nicotine Pouches","Premium","20-pack","Oral"
"FUR-CH-10002970","ONP-VAR-909396","Oral Nicotine","Nicotine Pouches","Premium","20-pack","Oral"
"FUR-CH-10002974","ONP-VAR-600558","Oral Nicotine","Nicotine Pouches","Premium","10-pack","Oral"
"FUR-CH-10002980","ONP-VAR-140361","Oral Nicotine","Nicotine Pouches","Premium","30-pack","Oral"
"FUR-CH-10002989","ONP-VAR-934123","Oral Nicotine","Nicotine Pouches","Core","30-pack","Oral"
"FUR-CH-10002991","ONP-VAR-609765","Oral Nicotine","Nicotine Pouches","Premium","20-pack","Oral"
"FUR-CH-10003009","ONP-VAR-864291","Oral Nicotine","Nicotine Pouches","Premium","10-pack","Oral"
"FUR-CH-10003026","ONP-VAR-000774","Oral Nicotine","Nicotine Pouches","Premium","Multi-pack","Oral"
"FUR-CH-10003033","ONP-VAR-510167","Oral Nicotine","Nicotine Pouches","Value","20-pack","Oral"
"FUR-CH-10003054","ONP-VAR-163594","Oral Nicotine","Nicotine Pouches","Core","10-pack","Oral"
"FUR-CH-10003061","ONP-VAR-459496","Oral Nicotine","Nicotine Pouches","Core","10-pack","Oral"
"FUR-CH-10003062","ONP-VAR-543901","Oral Nicotine","Nicotine Pouches","Core","30-pack","Oral"
"FUR-CH-10003077","ONP-VAR-858074","Oral Nicotine","Nicotine Pouches","Value","10-pack","Oral"
"FUR-CH-10003097","ONP-VAR-412151","Oral Nicotine","Nicotine Pouches","Value","30-pack","Oral"
"FUR-CH-10003107","ONP-VAR-694335","Oral Nicotine","Nicotine Pouches","Premium","10-pack","Oral"
"FUR-CH-10003109","ONP-VAR-306463","Oral Nicotine","Nicotine Pouches","Core","Multi-pack","Oral"
"FUR-CH-10003114","ONP-VAR-287229","Oral Nicotine","Nicotine Pouches","Premium","Multi-pack","Oral"
"FUR-CH-10003123","ONP-VAR-395894","Oral Nicotine","Nicotine Pouches","Value","Multi-pack","Oral"
"FUR-CH-10003143","ONP-VAR-854332","Oral Nicotine","Nicotine Pouches","Core","20-pack","Oral"
"FUR-CH-10003155","ONP-VAR-270148","Oral Nicotine","Nicotine Pouches","Core","20-pack","Oral"
"FUR-CH-10003168","ONP-VAR-144021","Oral Nicotine","Nicotine Pouches","Premium","Multi-pack","Oral"
"FUR-CH-10003180","ONP-VAR-673788","Oral Nicotine","Nicotine Pouches","Premium","Multi-pack","Oral"
"FUR-CH-10003195","ONP-VAR-795829","Oral Nicotine","Nicotine Pouches","Core","20-pack","Oral"
"FUR-CH-10003199","ONP-VAR-091537","Oral Nicotine","Nicotine Pouches","Core","30-pack","Oral"
"FUR-CH-10003232","ONP-VAR-935873","Oral Nicotine","Nicotine Pouches","Value","20-pack","Oral"
"FUR-CH-10003248","ONP-VAR-737502","Oral Nicotine","Nicotine Pouches","Premium","10-pack","Oral"
"FUR-CH-10003249","ONP-VAR-670116","Oral Nicotine","Nicotine Pouches","Premium","30-pack","Oral"
"FUR-CH-10003282","ONP-VAR-250342","Oral Nicotine","Nicotine Pouches","Core","30-pack","Oral"
"FUR-CH-10003298","ONP-VAR-383074","Oral Nicotine","Nicotine Pouches","Core","20-pack","Oral"
"FUR-CH-10003312","ONP-VAR-026962","Oral Nicotine","Nicotine Pouches","Core","10-pack","Oral"
"FUR-CH-10003336","ONP-VAR-825860","Oral Nicotine","Nicotine Pouches","Value","Multi-pack","Oral"
"FUR-CH-10003341","ONP-VAR-062259","Oral Nicotine","Nicotine Pouches","Premium","Multi-pack","Oral"
"FUR-CH-10003353","ONP-VAR-484612","Oral Nicotine","Nicotine Pouches","Core","30-pack","Oral"
"FUR-CH-10003354","ONP-VAR-266893","Oral Nicotine","Nicotine Pouches","Core","20-pack","Oral"
"FUR-CH-10003355","ONP-VAR-901538","Oral Nicotine","Nicotine Pouches","Value","Multi-pack","Oral"
"FUR-CH-10003362","ONP-VAR-444684","Oral Nicotine","Nicotine Pouches","Premium","Multi-pack","Oral"
"FUR-CH-10003365","ONP-VAR-557178","Oral Nicotine","Nicotine Pouches","Premium","10-pack","Oral"
"FUR-CH-10003379","ONP-VAR-428322","Oral Nicotine","Nicotine Pouches","Premium","30-pack","Oral"
"FUR-CH-10003392","ONP-VAR-623890","Oral Nicotine","Nicotine Pouches","Core","10-pack","Oral"
"FUR-CH-10003396","ONP-VAR-865444","Oral Nicotine","Nicotine Pouches","Core","20-pack","Oral"
"FUR-CH-10003419","ONP-VAR-133489","Oral Nicotine","Nicotine Pouches","Core","20-pack","Oral"
"FUR-CH-10003423","ONP-VAR-067625","Oral Nicotine","Nicotine Pouches","Value","10-pack","Oral"
"FUR-CH-10003440","ONP-VAR-246211","Oral Nicotine","Nicotine Pouches","Core","10-pack","Oral"
"FUR-CH-10003448","ONP-VAR-361403","Oral Nicotine","Nicotine Pouches","Value","30-pack","Oral"
"FUR-CH-10003485","ONP-VAR-518636","Oral Nicotine","Nicotine Pouches","Value","Multi-pack","Oral"
"FUR-CH-10003499","ONP-VAR-003657","Oral Nicotine","Nicotine Pouches","Premium","20-pack","Oral"
"FUR-CH-10003508","ONP-VAR-827097","Oral Nicotine","Nicotine Pouches","Premium","20-pack","Oral"
"FUR-CH-10003512","ONP-VAR-471976","Oral Nicotine","Nicotine Pouches","Core","30-pack","Oral"
"FUR-CH-10003514","ONP-VAR-964780","Oral Nicotine","Nicotine Pouches","Core","Multi-pack","Oral"
"FUR-CH-10003535","ONP-VAR-106760","Oral Nicotine","Nicotine Pouches","Value","Multi-pack","Oral"
"FUR-CH-10003540","ONP-VAR-498295","Oral Nicotine","Nicotine Pouches","Core","Multi-pack","Oral"
"FUR-CH-10003551","ONP-VAR-653185","Oral Nicotine","Nicotine Pouches","Core","10-pack","Oral"
"FUR-CH-10003558","ONP-VAR-214236","Oral Nicotine","Nicotine Pouches","Premium","10-pack","Oral"
"FUR-CH-10003559","ONP-VAR-341357","Oral Nicotine","Nicotine Pouches","Value","30-pack","Oral"
"FUR-CH-10003580","ONP-VAR-615958","Oral Nicotine","Nicotine Pouches","Core","Multi-pack","Oral"
"FUR-CH-10003581","ONP-VAR-047580","Oral Nicotine","Nicotine Pouches","Premium","20-pack","Oral"
"FUR-CH-10003597","ONP-VAR-788700","Oral Nicotine","Nicotine Pouches","Premium","20-pack","Oral"
"FUR-CH-10003606","ONP-VAR-735089","Oral Nicotine","Nicotine Pouches","Value","Multi-pack","Oral"
"FUR-CH-10003608","ONP-VAR-747485","Oral Nicotine","Nicotine Pouches","Value","10-pack","Oral"
"FUR-CH-10003616","ONP-VAR-962874","Oral Nicotine","Nicotine Pouches","Premium","30-pack","Oral"
"FUR-CH-10003618","ONP-VAR-485256","Oral Nicotine","Nicotine Pouches","Premium","20-pack","Oral"
"FUR-CH-10003621","ONP-VAR-524883","Oral Nicotine","Nicotine Pouches","Premium","30-pack","Oral"
"FUR-CH-10003623","ONP-VAR-517224","Oral Nicotine","Nicotine Pouches","Premium","30-pack","Oral"
"FUR-CH-10003692","ONP-VAR-191360","Oral Nicotine","Nicotine Pouches","Value","Multi-pack","Oral"
"FUR-CH-10003696","ONP-VAR-783594","Oral Nicotine","Nicotine Pouches","Premium","30-pack","Oral"
"FUR-CH-10003697","ONP-VAR-702809","Oral Nicotine","Nicotine Pouches","Value","10-pack","Oral"
"FUR-CH-10003702","ONP-VAR-896236","Oral Nicotine","Nicotine Pouches","Core","20-pack","Oral"
"FUR-CH-10003706","ONP-VAR-455719","Oral Nicotine","Nicotine Pouches","Core","10-pack","Oral"
"FUR-CH-10003733","ONP-VAR-316168","Oral Nicotine","Nicotine Pouches","Core","10-pack","Oral"
"FUR-CH-10003746","ONP-VAR-182286","Oral Nicotine","Nicotine Pouches","Premium","10-pack","Oral"
"FUR-CH-10003750","ONP-VAR-598346","Oral Nicotine","Nicotine Pouches","Value","10-pack","Oral"
"FUR-CH-10003760","ONP-VAR-901439","Oral Nicotine","Nicotine Pouches","Value","Multi-pack","Oral"
"FUR-CH-10003761","ONP-VAR-132230","Oral Nicotine","Nicotine Pouches","Value","20-pack","Oral"
"FUR-CH-10003771","ONP-VAR-410210","Oral Nicotine","Nicotine Pouches","Value","10-pack","Oral"
"FUR-CH-10003772","ONP-VAR-801532","Oral Nicotine","Nicotine Pouches","Core","30-pack","Oral"
"FUR-CH-10003774","ONP-VAR-591866","Oral Nicotine","Nicotine Pouches","Value","Multi-pack","Oral"
"FUR-CH-10003794","ONP-VAR-780337","Oral Nicotine","Nicotine Pouches","Core","20-pack","Oral"
"FUR-CH-10003808","ONP-VAR-725973","Oral Nicotine","Nicotine Pouches","Premium","30-pack","Oral"
"FUR-CH-10003817","ONP-VAR-488032","Oral Nicotine","Nicotine Pouches","Core","30-pack","Oral"
"FUR-CH-10003822","ONP-VAR-776446","Oral Nicotine","Nicotine Pouches","Core","30-pack","Oral"
"FUR-CH-10003833","ONP-VAR-711801","Oral Nicotine","Nicotine Pouches","Premium","20-pack","Oral"
"FUR-CH-10003836","ONP-VAR-252187","Oral Nicotine","Nicotine Pouches","Core","30-pack","Oral"
"FUR-CH-10003841","ONP-VAR-881353","Oral Nicotine","Nicotine Pouches","Core","30-pack","Oral"
"FUR-CH-10003842","ONP-VAR-395376","Oral Nicotine","Nicotine Pouches","Premium","10-pack","Oral"
"FUR-CH-10003844","ONP-VAR-892528","Oral Nicotine","Nicotine Pouches","Core","20-pack","Oral"
"FUR-CH-10003846","ONP-VAR-551292","Oral Nicotine","Nicotine Pouches","Premium","20-pack","Oral"
"FUR-CH-10003848","ONP-VAR-116088","Oral Nicotine","Nicotine Pouches","Premium","30-pack","Oral"
"FUR-CH-10003853","ONP-VAR-756952","Oral Nicotine","Nicotine Pouches","Core","Multi-pack","Oral"
"FUR-CH-10003861","ONP-VAR-744799","Oral Nicotine","Nicotine Pouches","Core","10-pack","Oral"
"FUR-CH-10003874","ONP-VAR-516288","Oral Nicotine","Nicotine Pouches","Premium","30-pack","Oral"
"FUR-CH-10003875","ONP-VAR-340862","Oral Nicotine","Nicotine Pouches","Value","10-pack","Oral"
"FUR-CH-10003883","ONP-VAR-181577","Oral Nicotine","Nicotine Pouches","Value","30-pack","Oral"
"FUR-CH-10003894","ONP-VAR-162672","Oral Nicotine","Nicotine Pouches","Premium","10-pack","Oral"
"FUR-CH-10003910","ONP-VAR-876529","Oral Nicotine","Nicotine Pouches","Core","30-pack","Oral"
"FUR-CH-10003941","ONP-VAR-104858","Oral Nicotine","Nicotine Pouches","Value","20-pack","Oral"
"FUR-CH-10003948","ONP-VAR-598725","Oral Nicotine","Nicotine Pouches","Premium","20-pack","Oral"
"FUR-CH-10003950","ONP-VAR-949957","Oral Nicotine","Nicotine Pouches","Core","30-pack","Oral"
"FUR-CH-10003956","ONP-VAR-720869","Oral Nicotine","Nicotine Pouches","Value","Multi-pack","Oral"
"FUR-CH-10003965","ONP-VAR-381024","Oral Nicotine","Nicotine Pouches","Premium","30-pack","Oral"
"FUR-CH-10003968","ONP-VAR-054903","Oral Nicotine","Nicotine Pouches","Premium","Multi-pack","Oral"
"FUR-CH-10003973","ONP-VAR-756523","Oral Nicotine","Nicotine Pouches","Core","30-pack","Oral"
"FUR-CH-10003981","ONP-VAR-429583","Oral Nicotine","Nicotine Pouches","Core","20-pack","Oral"
"FUR-CH-10003982","ONP-VAR-794370","Oral Nicotine","Nicotine Pouches","Premium","Multi-pack","Oral"
"FUR-CH-10004007","ONP-VAR-023992","Oral Nicotine","Nicotine Pouches","Core","30-pack","Oral"
"FUR-CH-10004009","ONP-VAR-979548","Oral Nicotine","Nicotine Pouches","Premium","20-pack","Oral"
"FUR-CH-10004010","ONP-VAR-140131","Oral Nicotine","Nicotine Pouches","Core","10-pack","Oral"
"FUR-CH-10004011","ONP-VAR-428595","Oral Nicotine","Nicotine Pouches","Premium","30-pack","Oral"
"FUR-CH-10004026","ONP-VAR-713268","Oral Nicotine","Nicotine Pouches","Premium","30-pack","Oral"
"FUR-CH-10004040","ONP-VAR-656667","Oral Nicotine","Nicotine Pouches","Premium","20-pack","Oral"
"FUR-CH-10004047","ONP-VAR-136405","Oral Nicotine","Nicotine Pouches","Core","30-pack","Oral"
"FUR-CH-10004049","ONP-VAR-986998","Oral Nicotine","Nicotine Pouches","Core","20-pack","Oral"
"FUR-CH-10004050","ONP-VAR-738367","Oral Nicotine","Nicotine Pouches","Core","10-pack","Oral"
"FUR-CH-10004054","ONP-VAR-854585","Oral Nicotine","Nicotine Pouches","Value","20-pack","Oral"
"FUR-CH-10004062","ONP-VAR-833020","Oral Nicotine","Nicotine Pouches","Core","Multi-pack","Oral"
"FUR-CH-10004063","ONP-VAR-049948","Oral Nicotine","Nicotine Pouches","Core","20-pack","Oral"
"FUR-CH-10004065","ONP-VAR-620987","Oral Nicotine","Nicotine Pouches","Value","10-pack","Oral"
"FUR-CH-10004082","ONP-VAR-820838","Oral Nicotine","Nicotine Pouches","Value","20-pack","Oral"
"FUR-CH-10004086","ONP-VAR-190329","Oral Nicotine","Nicotine Pouches","Premium","10-pack","Oral"
"FUR-CH-10004089","ONP-VAR-144388","Oral Nicotine","Nicotine Pouches","Core","20-pack","Oral"
"FUR-CH-10004095","ONP-VAR-471958","Oral Nicotine","Nicotine Pouches","Core","Multi-pack","Oral"
"FUR-CH-10004101","ONP-VAR-848862","Oral Nicotine","Nicotine Pouches","Premium","10-pack","Oral"
"FUR-CH-10004151","ONP-VAR-325971","Oral Nicotine","Nicotine Pouches","Premium","20-pack","Oral"
"FUR-CH-10004163","ONP-VAR-564331","Oral Nicotine","Nicotine Pouches","Core","30-pack","Oral"
"FUR-CH-10004194","ONP-VAR-769015","Oral Nicotine","Nicotine Pouches","Core","30-pack","Oral"
"FUR-CH-10004196","ONP-VAR-826437","Oral Nicotine","Nicotine Pouches","Premium","30-pack","Oral"
"FUR-CH-10004199","ONP-VAR-298632","Oral Nicotine","Nicotine Pouches","Premium","Multi-pack","Oral"
"FUR-CH-10004218","ONP-VAR-881272","Oral Nicotine","Nicotine Pouches","Core","10-pack","Oral"
"FUR-CH-10004219","ONP-VAR-557064","Oral Nicotine","Nicotine Pouches","Premium","30-pack","Oral"
"FUR-CH-10004242","ONP-VAR-686010","Oral Nicotine","Nicotine Pouches","Premium","Multi-pack","Oral"
"FUR-CH-10004255","ONP-VAR-797184","Oral Nicotine","Nicotine Pouches","Premium","20-pack","Oral"
"FUR-CH-10004277","ONP-VAR-731314","Oral Nicotine","Nicotine Pouches","Core","Multi-pack","Oral"
"FUR-CH-10004287","ONP-VAR-265165","Oral Nicotine","Nicotine Pouches","Core","10-pack","Oral"
"FUR-CH-10004289","ONP-VAR-218546","Oral Nicotine","Nicotine Pouches","Value","Multi-pack","Oral"
"FUR-CH-10004306","ONP-VAR-116047","Oral Nicotine","Nicotine Pouches","Core","20-pack","Oral"
"FUR-CH-10004309","ONP-VAR-232609","Oral Nicotine","Nicotine Pouches","Core","10-pack","Oral"
"FUR-CH-10004312","ONP-VAR-835759","Oral Nicotine","Nicotine Pouches","Core","20-pack","Oral"
"FUR-CH-10004331","ONP-VAR-738208","Oral Nicotine","Nicotine Pouches","Core","20-pack","Oral"
"FUR-CH-10004338","ONP-VAR-014373","Oral Nicotine","Nicotine Pouches","Premium","20-pack","Oral"
"FUR-CH-10004339","ONP-VAR-165123","Oral Nicotine","Nicotine Pouches","Premium","Multi-pack","Oral"
"FUR-CH-10004355","ONP-VAR-311403","Oral Nicotine","Nicotine Pouches","Premium","30-pack","Oral"
"FUR-CH-10004365","ONP-VAR-623767","Oral Nicotine","Nicotine Pouches","Core","20-pack","Oral"
"FUR-CH-10004387","ONP-VAR-450823","Oral Nicotine","Nicotine Pouches","Core","Multi-pack","Oral"
"FUR-CH-10004441","ONP-VAR-648905","Oral Nicotine","Nicotine Pouches","Value","Multi-pack","Oral"
"FUR-CH-10004447","ONP-VAR-682149","Oral Nicotine","Nicotine Pouches","Premium","30-pack","Oral"
"FUR-CH-10004448","ONP-VAR-256765","Oral Nicotine","Nicotine Pouches","Core","Multi-pack","Oral"
"FUR-CH-10004455","ONP-VAR-163935","Oral Nicotine","Nicotine Pouches","Premium","Multi-pack","Oral"
"FUR-CH-10004462","ONP-VAR-504679","Oral Nicotine","Nicotine Pouches","Core","Multi-pack","Oral"
"FUR-CH-10004467","ONP-VAR-025809","Oral Nicotine","Nicotine Pouches","Premium","10-pack","Oral"
"FUR-CH-10004477","ONP-VAR-831941","Oral Nicotine","Nicotine Pouches","Value","20-pack","Oral"
"FUR-CH-10004478","ONP-VAR-002528","Oral Nicotine","Nicotine Pouches","Value","10-pack","Oral"
"FUR-CH-10004491","ONP-VAR-051096","Oral Nicotine","Nicotine Pouches","Premium","30-pack","Oral"
"FUR-CH-10004495","ONP-VAR-576392","Oral Nicotine","Nicotine Pouches","Value","Multi-pack","Oral"
"FUR-CH-10004506","ONP-VAR-888468","Oral Nicotine","Nicotine Pouches","Premium","Multi-pack","Oral"
"FUR-CH-10004536","ONP-VAR-048565","Oral Nicotine","Nicotine Pouches","Core","10-pack","Oral"
"FUR-CH-10004540","ONP-VAR-376717","Oral Nicotine","Nicotine Pouches","Core","30-pack","Oral"
"FUR-CH-10004547","ONP-VAR-852419","Oral Nicotine","Nicotine Pouches","Value","20-pack","Oral"
"FUR-CH-10004572","ONP-VAR-831217","Oral Nicotine","Nicotine Pouches","Core","20-pack","Oral"
"FUR-CH-10004576","ONP-VAR-803434","Oral Nicotine","Nicotine Pouches","Core","10-pack","Oral"
"FUR-CH-10004580","ONP-VAR-160924","Oral Nicotine","Nicotine Pouches","Core","30-pack","Oral"
"FUR-CH-10004584","ONP-VAR-246713","Oral Nicotine","Nicotine Pouches","Value","Multi-pack","Oral"
"FUR-CH-10004592","ONP-VAR-996744","Oral Nicotine","Nicotine Pouches","Premium","Multi-pack","Oral"
"FUR-CH-10004600","ONP-VAR-277318","Oral Nicotine","Nicotine Pouches","Core","Multi-pack","Oral"
"FUR-CH-10004606","ONP-VAR-881166","Oral Nicotine","Nicotine Pouches","Premium","30-pack","Oral"
"FUR-CH-10004609","ONP-VAR-430068","Oral Nicotine","Nicotine Pouches","Premium","Multi-pack","Oral"
"FUR-CH-10004626","ONP-VAR-520278","Oral Nicotine","Nicotine Pouches","Premium","10-pack","Oral"
"FUR-CH-10004642","ONP-VAR-721643","Oral Nicotine","Nicotine Pouches","Value","Multi-pack","Oral"
"FUR-CH-10004652","ONP-VAR-227843","Oral Nicotine","Nicotine Pouches","Value","30-pack","Oral"
"FUR-CH-10004669","ONP-VAR-319055","Oral Nicotine","Nicotine Pouches","Value","20-pack","Oral"
"FUR-CH-10004675","ONP-VAR-132460","Oral Nicotine","Nicotine Pouches","Core","Multi-pack","Oral"
"FUR-CH-10004676","ONP-VAR-576737","Oral Nicotine","Nicotine Pouches","Value","20-pack","Oral"
"FUR-CH-10004685","ONP-VAR-087404","Oral Nicotine","Nicotine Pouches","Value","10-pack","Oral"
"FUR-CH-10004694","ONP-VAR-360675","Oral Nicotine","Nicotine Pouches","Premium","Multi-pack","Oral"
"FUR-CH-10004698","ONP-VAR-226506","Oral Nicotine","Nicotine Pouches","Premium","10-pack","Oral"
"FUR-CH-10004705","ONP-VAR-141995","Oral Nicotine","Nicotine Pouches","Value","Multi-pack","Oral"
"FUR-CH-10004725","ONP-VAR-154650","Oral Nicotine","Nicotine Pouches","Premium","20-pack","Oral"
"FUR-CH-10004736","ONP-VAR-452437","Oral Nicotine","Nicotine Pouches","Core","30-pack","Oral"
"FUR-CH-10004746","ONP-VAR-003074","Oral Nicotine","Nicotine Pouches","Value","20-pack","Oral"
"FUR-CH-10004751","ONP-VAR-258346","Oral Nicotine","Nicotine Pouches","Core","Multi-pack","Oral"
"FUR-CH-10004754","ONP-VAR-304583","Oral Nicotine","Nicotine Pouches","Value","10-pack","Oral"
"FUR-CH-10004755","ONP-VAR-704904","Oral Nicotine","Nicotine Pouches","Premium","30-pack","Oral"
"FUR-CH-10004774","ONP-VAR-883824","Oral Nicotine","Nicotine Pouches","Premium","30-pack","Oral"
"FUR-CH-10004783","ONP-VAR-590152","Oral Nicotine","Nicotine Pouches","Core","30-pack","Oral"
"FUR-CH-10004790","ONP-VAR-920913","Oral Nicotine","Nicotine Pouches","Premium","20-pack","Oral"
"FUR-CH-10004792","ONP-VAR-070963","Oral Nicotine","Nicotine Pouches","Core","20-pack","Oral"
"FUR-CH-10004795","ONP-VAR-634498","Oral Nicotine","Nicotine Pouches","Core","30-pack","Oral"
"FUR-CH-10004801","ONP-VAR-712091","Oral Nicotine","Nicotine Pouches","Value","Multi-pack","Oral"
"FUR-CH-10004810","ONP-VAR-233602","Oral Nicotine","Nicotine Pouches","Core","10-pack","Oral"
"FUR-CH-10004826","ONP-VAR-000625","Oral Nicotine","Nicotine Pouches","Core","30-pack","Oral"
"FUR-CH-10004827","ONP-VAR-382167","Oral Nicotine","Nicotine Pouches","Premium","10-pack","Oral"
"FUR-CH-10004844","ONP-VAR-032657","Oral Nicotine","Nicotine Pouches","Value","10-pack","Oral"
"FUR-CH-10004853","ONP-VAR-970666","Oral Nicotine","Nicotine Pouches","Core","30-pack","Oral"
"FUR-CH-10004860","ONP-VAR-073174","Oral Nicotine","Nicotine Pouches","Core","Multi-pack","Oral"
"FUR-CH-10004863","ONP-VAR-284590","Oral Nicotine","Nicotine Pouches","Core","20-pack","Oral"
"FUR-CH-10004875","ONP-VAR-888786","Oral Nicotine","Nicotine Pouches","Premium","20-pack","Oral"
"FUR-CH-10004886","ONP-VAR-596628","Oral Nicotine","Nicotine Pouches","Premium","10-pack","Oral"
"FUR-CH-10004899","ONP-VAR-827867","Oral Nicotine","Nicotine Pouches","Value","10-pack","Oral"
"FUR-CH-10004910","ONP-VAR-399780","Oral Nicotine","Nicotine Pouches","Premium","Multi-pack","Oral"
"FUR-CH-10004913","ONP-VAR-891048","Oral Nicotine","Nicotine Pouches","Premium","20-pack","Oral"
"FUR-CH-10004920","ONP-VAR-579580","Oral Nicotine","Nicotine Pouches","Core","10-pack","Oral"
"FUR-CH-10004943","ONP-VAR-254576","Oral Nicotine","Nicotine Pouches","Value","10-pack","Oral"
"FUR-CH-10004969","ONP-VAR-816007","Oral Nicotine","Nicotine Pouches","Core","10-pack","Oral"
"FUR-CH-10004983","ONP-VAR-843053","Oral Nicotine","Nicotine Pouches","Value","10-pack","Oral"
"FUR-CH-10004992","ONP-VAR-351566","Oral Nicotine","Nicotine Pouches","Value","Multi-pack","Oral"
"FUR-CH-10004993","ONP-VAR-683181","Oral Nicotine","Nicotine Pouches","Premium","20-pack","Oral"
"FUR-CH-10004997","ONP-VAR-328664","Oral Nicotine","Nicotine Pouches","Value","10-pack","Oral"
"FUR-CHR-10000585","ONP-VAR-530599","Oral Nicotine","Nicotine Pouches","Core","30-pack","Oral"
"FUR-CHR-10000888","ONP-VAR-862854","Oral Nicotine","Nicotine Pouches","Premium","10-pack","Oral"
"FUR-CHR-10001018","ONP-VAR-456202","Oral Nicotine","Nicotine Pouches","Core","10-pack","Oral"
"FUR-CHR-10001570","ONP-VAR-783274","Oral Nicotine","Nicotine Pouches","Core","Multi-pack","Oral"
"FUR-CHR-10001784","ONP-VAR-760926","Oral Nicotine","Nicotine Pouches","Premium","Multi-pack","Oral"
"FUR-CHR-10002165","ONP-VAR-217198","Oral Nicotine","Nicotine Pouches","Core","Multi-pack","Oral"
"FUR-CHR-10002278","ONP-VAR-623569","Oral Nicotine","Nicotine Pouches","Core","30-pack","Oral"
"FUR-CHR-10002686","ONP-VAR-927815","Oral Nicotine","Nicotine Pouches","Value","30-pack","Oral"
"FUR-CHR-10003806","ONP-VAR-172662","Oral Nicotine","Nicotine Pouches","Premium","20-pack","Oral"
"FUR-CHR-10004803","ONP-VAR-579929","Oral Nicotine","Nicotine Pouches","Value","Multi-pack","Oral"
"FUR-DAN-10000597","ONP-VAR-744720","Oral Nicotine","Nicotine Pouches","Premium","Multi-pack","Oral"
"FUR-DAN-10001340","ONP-VAR-323716","Oral Nicotine","Nicotine Pouches","Core","30-pack","Oral"
"FUR-DAN-10001462","ONP-VAR-328866","Oral Nicotine","Nicotine Pouches","Premium","20-pack","Oral"
"FUR-DAN-10001557","ONP-VAR-836662","Oral Nicotine","Nicotine Pouches","Core","30-pack","Oral"
"FUR-DAN-10001584","ONP-VAR-687452","Oral Nicotine","Nicotine Pouches","Value","20-pack","Oral"
"FUR-DAN-10001622","ONP-VAR-384866","Oral Nicotine","Nicotine Pouches","Value","Multi-pack","Oral"
"FUR-DAN-10001875","ONP-VAR-420064","Oral Nicotine","Nicotine Pouches","Core","Multi-pack","Oral"
"FUR-DAN-10001993","ONP-VAR-332768","Oral Nicotine","Nicotine Pouches","Value","Multi-pack","Oral"
"FUR-DAN-10002017","ONP-VAR-633567","Oral Nicotine","Nicotine Pouches","Premium","Multi-pack","Oral"
"FUR-DAN-10002028","ONP-VAR-819218","Oral Nicotine","Nicotine Pouches","Value","20-pack","Oral"
"FUR-DAN-10002167","ONP-VAR-273841","Oral Nicotine","Nicotine Pouches","Core","Multi-pack","Oral"
"FUR-DAN-10002314","ONP-VAR-265708","Oral Nicotine","Nicotine Pouches","Core","10-pack","Oral"
"FUR-DAN-10002348","ONP-VAR-237265","Oral Nicotine","Nicotine Pouches","Core","30-pack","Oral"
"FUR-DAN-10002631","ONP-VAR-745017","Oral Nicotine","Nicotine Pouches","Premium","30-pack","Oral"
"FUR-DAN-10002741","ONP-VAR-266440","Oral Nicotine","Nicotine Pouches","Core","30-pack","Oral"
"FUR-DAN-10002846","ONP-VAR-269371","Oral Nicotine","Nicotine Pouches","Core","10-pack","Oral"
"FUR-DAN-10002967","ONP-VAR-009106","Oral Nicotine","Nicotine Pouches","Core","Multi-pack","Oral"
"FUR-DAN-10003011","ONP-VAR-812465","Oral Nicotine","Nicotine Pouches","Value","Multi-pack","Oral"
"FUR-DAN-10003065","ONP-VAR-479441","Oral Nicotine","Nicotine Pouches","Value","20-pack","Oral"
"FUR-DAN-10003334","ONP-VAR-371730","Oral Nicotine","Nicotine Pouches","Premium","Multi-pack","Oral"
"FUR-DAN-10004510","ONP-VAR-503662","Oral Nicotine","Nicotine Pouches","Core","Multi-pack","Oral"
"FUR-DAN-10004625","ONP-VAR-746805","Oral Nicotine","Nicotine Pouches","Premium","30-pack","Oral"
"FUR-DAN-10004745","ONP-VAR-267711","Oral Nicotine","Nicotine Pouches","Premium","Multi-pack","Oral"
"FUR-DAN-10004940","ONP-VAR-867679","Oral Nicotine","Nicotine Pouches","Core","30-pack","Oral"
"FUR-DEF-10000065","ONP-VAR-128253","Oral Nicotine","Nicotine Pouches","Premium","20-pack","Oral"
"FUR-DEF-10000346","ONP-VAR-709790","Oral Nicotine","Nicotine Pouches","Value","10-pack","Oral"
"FUR-DEF-10000349","ONP-VAR-779089","Oral Nicotine","Nicotine Pouches","Core","20-pack","Oral"
"FUR-DEF-10000384","ONP-VAR-393611","Oral Nicotine","Nicotine Pouches","Value","10-pack","Oral"
"FUR-DEF-10000495","ONP-VAR-189034","Oral Nicotine","Nicotine Pouches","Core","30-pack","Oral"
"FUR-DEF-10000572","ONP-VAR-163597","Oral Nicotine","Nicotine Pouches","Core","10-pack","Oral"
"FUR-DEF-10000622","ONP-VAR-879596","Oral Nicotine","Nicotine Pouches","Value","10-pack","Oral"
"FUR-DEF-10000639","ONP-VAR-827897","Oral Nicotine","Nicotine Pouches","Value","20-pack","Oral"
"FUR-DEF-10000720","ONP-VAR-401218","Oral Nicotine","Nicotine Pouches","Core","Multi-pack","Oral"
"FUR-DEF-10000810","ONP-VAR-355470","Oral Nicotine","Nicotine Pouches","Premium","20-pack","Oral"
"FUR-DEF-10001359","ONP-VAR-284353","Oral Nicotine","Nicotine Pouches","Core","20-pack","Oral"
"FUR-DEF-10001477","ONP-VAR-578358","Oral Nicotine","Nicotine Pouches","Premium","20-pack","Oral"
"FUR-DEF-10001763","ONP-VAR-846587","Oral Nicotine","Nicotine Pouches","Value","10-pack","Oral"
"FUR-DEF-10002774","ONP-VAR-420893","Oral Nicotine","Nicotine Pouches","Value","10-pack","Oral"
"FUR-DEF-10002814","ONP-VAR-631382","Oral Nicotine","Nicotine Pouches","Value","Multi-pack","Oral"
"FUR-DEF-10002865","ONP-VAR-262710","Oral Nicotine","Nicotine Pouches","Premium","30-pack","Oral"
"FUR-DEF-10003140","ONP-VAR-994931","Oral Nicotine","Nicotine Pouches","Value","20-pack","Oral"
"FUR-DEF-10003315","ONP-VAR-856053","Oral Nicotine","Nicotine Pouches","Premium","20-pack","Oral"
"FUR-DEF-10003551","ONP-VAR-204874","Oral Nicotine","Nicotine Pouches","Core","30-pack","Oral"
"FUR-DEF-10003676","ONP-VAR-985125","Oral Nicotine","Nicotine Pouches","Premium","30-pack","Oral"
"FUR-DEF-10004141","ONP-VAR-495070","Oral Nicotine","Nicotine Pouches","Core","30-pack","Oral"
"FUR-DEF-10004355","ONP-VAR-629480","Oral Nicotine","Nicotine Pouches","Value","10-pack","Oral"
"FUR-DEF-10004555","ONP-VAR-647957","Oral Nicotine","Nicotine Pouches","Value","30-pack","Oral"
"FUR-DEF-10004936","ONP-VAR-846826","Oral Nicotine","Nicotine Pouches","Core","30-pack","Oral"
"FUR-ELD-10000038","ONP-VAR-560104","Oral Nicotine","Nicotine Pouches","Core","30-pack","Oral"
"FUR-ELD-10000301","ONP-VAR-189874","Oral Nicotine","Nicotine Pouches","Core","10-pack","Oral"
"FUR-ELD-10000335","ONP-VAR-155082","Oral Nicotine","Nicotine Pouches","Premium","30-pack","Oral"
"FUR-ELD-10000605","ONP-VAR-067279","Oral Nicotine","Nicotine Pouches","Core","30-pack","Oral"
"FUR-ELD-10000857","ONP-VAR-177589","Oral Nicotine","Nicotine Pouches","Core","20-pack","Oral"
"FUR-ELD-10000963","ONP-VAR-491510","Oral Nicotine","Nicotine Pouches","Value","10-pack","Oral"
"FUR-ELD-10001163","ONP-VAR-071873","Oral Nicotine","Nicotine Pouches","Value","20-pack","Oral"
"FUR-ELD-10001413","ONP-VAR-495043","Oral Nicotine","Nicotine Pouches","Core","20-pack","Oral"
"FUR-ELD-10002511","ONP-VAR-949470","Oral Nicotine","Nicotine Pouches","Premium","10-pack","Oral"
"FUR-ELD-10003131","ONP-VAR-113832","Oral Nicotine","Nicotine Pouches","Premium","Multi-pack","Oral"
"FUR-ELD-10003179","ONP-VAR-769630","Oral Nicotine","Nicotine Pouches","Core","20-pack","Oral"
"FUR-ELD-10003479","ONP-VAR-911468","Oral Nicotine","Nicotine Pouches","Value","30-pack","Oral"
"FUR-ELD-10003695","ONP-VAR-288064","Oral Nicotine","Nicotine Pouches","Core","20-pack","Oral"
"FUR-ELD-10003802","ONP-VAR-004292","Oral Nicotine","Nicotine Pouches","Value","20-pack","Oral"
"FUR-ELD-10003828","ONP-VAR-999188","Oral Nicotine","Nicotine Pouches","Value","20-pack","Oral"
"FUR-ELD-10003843","ONP-VAR-061404","Oral Nicotine","Nicotine Pouches","Premium","Multi-pack","Oral"
"FUR-ELD-10004384","ONP-VAR-297685","Oral Nicotine","Nicotine Pouches","Core","10-pack","Oral"
"FUR-ELD-10004515","ONP-VAR-265444","Oral Nicotine","Nicotine Pouches","Core","20-pack","Oral"
"FUR-ELD-10004559","ONP-VAR-932992","Oral Nicotine","Nicotine Pouches","Core","30-pack","Oral"
"FUR-ELD-10004727","ONP-VAR-719582","Oral Nicotine","Nicotine Pouches","Value","10-pack","Oral"
"FUR-ELD-10004973","ONP-VAR-638047","Oral Nicotine","Nicotine Pouches","Core","30-pack","Oral"
"FUR-ELD-10004994","ONP-VAR-835510","Oral Nicotine","Nicotine Pouches","Core","Multi-pack","Oral"
"FUR-FU-10000010","ONP-VAR-354752","Oral Nicotine","Nicotine Pouches","Value","20-pack","Oral"
"FUR-FU-10000012","ONP-VAR-458813","Oral Nicotine","Nicotine Pouches","Value","20-pack","Oral"
"FUR-FU-10000018","ONP-VAR-897391","Oral Nicotine","Nicotine Pouches","Core","Multi-pack","Oral"
"FUR-FU-10000023","ONP-VAR-666218","Oral Nicotine","Nicotine Pouches","Value","10-pack","Oral"
"FUR-FU-10000039","ONP-VAR-953628","Oral Nicotine","Nicotine Pouches","Premium","Multi-pack","Oral"
"FUR-FU-10000060","ONP-VAR-914756","Oral Nicotine","Nicotine Pouches","Value","30-pack","Oral"
"FUR-FU-10000065","ONP-VAR-311601","Oral Nicotine","Nicotine Pouches","Premium","20-pack","Oral"
"FUR-FU-10000067","ONP-VAR-140182","Oral Nicotine","Nicotine Pouches","Core","20-pack","Oral"
"FUR-FU-10000069","ONP-VAR-220937","Oral Nicotine","Nicotine Pouches","Value","30-pack","Oral"
"FUR-FU-10000072","ONP-VAR-941658","Oral Nicotine","Nicotine Pouches","Premium","Multi-pack","Oral"
"FUR-FU-10000073","ONP-VAR-212670","Oral Nicotine","Nicotine Pouches","Premium","20-pack","Oral"
"FUR-FU-10000076","ONP-VAR-888284","Oral Nicotine","Nicotine Pouches","Value","30-pack","Oral"
"FUR-FU-10000087","ONP-VAR-524783","Oral Nicotine","Nicotine Pouches","Value","Multi-pack","Oral"
"FUR-FU-10000110","ONP-VAR-853807","Oral Nicotine","Nicotine Pouches","Core","30-pack","Oral"
"FUR-FU-10000135","ONP-VAR-530899","Oral Nicotine","Nicotine Pouches","Core","Multi-pack","Oral"
"FUR-FU-10000140","ONP-VAR-163218","Oral Nicotine","Nicotine Pouches","Premium","Multi-pack","Oral"
"FUR-FU-10000142","ONP-VAR-909223","Oral Nicotine","Nicotine Pouches","Core","Multi-pack","Oral"
"FUR-FU-10000159","ONP-VAR-974502","Oral Nicotine","Nicotine Pouches","Premium","30-pack","Oral"
"FUR-FU-10000163","ONP-VAR-012575","Oral Nicotine","Nicotine Pouches","Value","Multi-pack","Oral"
"FUR-FU-10000175","ONP-VAR-456951","Oral Nicotine","Nicotine Pouches","Premium","Multi-pack","Oral"
"FUR-FU-10000188","ONP-VAR-710506","Oral Nicotine","Nicotine Pouches","Core","20-pack","Oral"
"FUR-FU-10000193","ONP-VAR-461663","Oral Nicotine","Nicotine Pouches","Value","10-pack","Oral"
"FUR-FU-10000204","ONP-VAR-811118","Oral Nicotine","Nicotine Pouches","Value","Multi-pack","Oral"
"FUR-FU-10000206","ONP-VAR-507809","Oral Nicotine","Nicotine Pouches","Value","Multi-pack","Oral"
"FUR-FU-10000221","ONP-VAR-586386","Oral Nicotine","Nicotine Pouches","Premium","30-pack","Oral"
"FUR-FU-10000222","ONP-VAR-457330","Oral Nicotine","Nicotine Pouches","Core","10-pack","Oral"
"FUR-FU-10000225","ONP-VAR-096449","Oral Nicotine","Nicotine Pouches","Value","Multi-pack","Oral"
"FUR-FU-10000242","ONP-VAR-050441","Oral Nicotine","Nicotine Pouches","Value","30-pack","Oral"
"FUR-FU-10000246","ONP-VAR-821783","Oral Nicotine","Nicotine Pouches","Value","Multi-pack","Oral"
"FUR-FU-10000251","ONP-VAR-506813","Oral Nicotine","Nicotine Pouches","Value","20-pack","Oral"
"FUR-FU-10000256","ONP-VAR-641339","Oral Nicotine","Nicotine Pouches","Value","30-pack","Oral"
"FUR-FU-10000260","ONP-VAR-498133","Oral Nicotine","Nicotine Pouches","Core","10-pack","Oral"
"FUR-FU-10000267","ONP-VAR-301422","Oral Nicotine","Nicotine Pouches","Premium","Multi-pack","Oral"
"FUR-FU-10000277","ONP-VAR-592238","Oral Nicotine","Nicotine Pouches","Value","30-pack","Oral"
"FUR-FU-10000287","ONP-VAR-352249","Oral Nicotine","Nicotine Pouches","Core","20-pack","Oral"
"FUR-FU-10000293","ONP-VAR-710645","Oral Nicotine","Nicotine Pouches","Value","20-pack","Oral"
"FUR-FU-10000295","ONP-VAR-835182","Oral Nicotine","Nicotine Pouches","Premium","10-pack","Oral"
"FUR-FU-10000298","ONP-VAR-089707","Oral Nicotine","Nicotine Pouches","Core","20-pack","Oral"
"FUR-FU-10000305","ONP-VAR-548239","Oral Nicotine","Nicotine Pouches","Core","30-pack","Oral"
"FUR-FU-10000306","ONP-VAR-759975","Oral Nicotine","Nicotine Pouches","Premium","10-pack","Oral"
"FUR-FU-10000308","ONP-VAR-470215","Oral Nicotine","Nicotine Pouches","Core","Multi-pack","Oral"
"FUR-FU-10000320","ONP-VAR-855238","Oral Nicotine","Nicotine Pouches","Core","Multi-pack","Oral"
"FUR-FU-10000339","ONP-VAR-501750","Oral Nicotine","Nicotine Pouches","Premium","30-pack","Oral"
"FUR-FU-10000342","ONP-VAR-748119","Oral Nicotine","Nicotine Pouches","Premium","20-pack","Oral"
"FUR-FU-10000350","ONP-VAR-116901","Oral Nicotine","Nicotine Pouches","Premium","10-pack","Oral"
"FUR-FU-10000361","ONP-VAR-564860","Oral Nicotine","Nicotine Pouches","Value","20-pack","Oral"
"FUR-FU-10000366","ONP-VAR-427750","Oral Nicotine","Nicotine Pouches","Core","30-pack","Oral"
"FUR-FU-10000368","ONP-VAR-481113","Oral Nicotine","Nicotine Pouches","Premium","20-pack","Oral"
"FUR-FU-10000388","ONP-VAR-485918","Oral Nicotine","Nicotine Pouches","Value","Multi-pack","Oral"
"FUR-FU-10000394","ONP-VAR-430666","Oral Nicotine","Nicotine Pouches","Core","20-pack","Oral"
"FUR-FU-10000397","ONP-VAR-539439","Oral Nicotine","Nicotine Pouches","Premium","Multi-pack","Oral"
"FUR-FU-10000409","ONP-VAR-411369","Oral Nicotine","Nicotine Pouches","Premium","10-pack","Oral"
"FUR-FU-10000422","ONP-VAR-598090","Oral Nicotine","Nicotine Pouches","Core","30-pack","Oral"
"FUR-FU-10000432","ONP-VAR-099443","Oral Nicotine","Nicotine Pouches","Value","Multi-pack","Oral"
"FUR-FU-10000444","ONP-VAR-807157","Oral Nicotine","Nicotine Pouches","Core","20-pack","Oral"
"FUR-FU-10000448","ONP-VAR-979299","Oral Nicotine","Nicotine Pouches","Premium","30-pack","Oral"
"FUR-FU-10000468","ONP-VAR-108340","Oral Nicotine","Nicotine Pouches","Core","10-pack","Oral"
"FUR-FU-10000481","ONP-VAR-622432","Oral Nicotine","Nicotine Pouches","Core","30-pack","Oral"
"FUR-FU-10000482","ONP-VAR-094301","Oral Nicotine","Nicotine Pouches","Value","10-pack","Oral"
"FUR-FU-10000483","ONP-VAR-471844","Oral Nicotine","Nicotine Pouches","Core","30-pack","Oral"
"FUR-FU-10000488","ONP-VAR-286699","Oral Nicotine","Nicotine Pouches","Core","30-pack","Oral"
"FUR-FU-10000490","ONP-VAR-064718","Oral Nicotine","Nicotine Pouches","Value","20-pack","Oral"
"FUR-FU-10000496","ONP-VAR-321557","Oral Nicotine","Nicotine Pouches","Value","10-pack","Oral"
"FUR-FU-10000499","ONP-VAR-171557","Oral Nicotine","Nicotine Pouches","Value","20-pack","Oral"
"FUR-FU-10000502","ONP-VAR-713473","Oral Nicotine","Nicotine Pouches","Core","Multi-pack","Oral"
"FUR-FU-10000507","ONP-VAR-454482","Oral Nicotine","Nicotine Pouches","Premium","10-pack","Oral"
"FUR-FU-10000514","ONP-VAR-894458","Oral Nicotine","Nicotine Pouches","Value","Multi-pack","Oral"
"FUR-FU-10000516","ONP-VAR-784888","Oral Nicotine","Nicotine Pouches","Core","Multi-pack","Oral"
"FUR-FU-10000521","ONP-VAR-858264","Oral Nicotine","Nicotine Pouches","Premium","Multi-pack","Oral"
"FUR-FU-10000526","ONP-VAR-989378","Oral Nicotine","Nicotine Pouches","Value","10-pack","Oral"
"FUR-FU-10000541","ONP-VAR-670746","Oral Nicotine","Nicotine Pouches","Premium","20-pack","Oral"
"FUR-FU-10000546","ONP-VAR-365028","Oral Nicotine","Nicotine Pouches","Premium","30-pack","Oral"
"FUR-FU-10000548","ONP-VAR-288290","Oral Nicotine","Nicotine Pouches","Value","20-pack","Oral"
"FUR-FU-10000550","ONP-VAR-774730","Oral Nicotine","Nicotine Pouches","Core","30-pack","Oral"
"FUR-FU-10000556","ONP-VAR-966567","Oral Nicotine","Nicotine Pouches","Premium","Multi-pack","Oral"
"FUR-FU-10000567","ONP-VAR-629911","Oral Nicotine","Nicotine Pouches","Core","30-pack","Oral"
"FUR-FU-10000576","ONP-VAR-002258","Oral Nicotine","Nicotine Pouches","Value","20-pack","Oral"
"FUR-FU-10000585","ONP-VAR-270385","Oral Nicotine","Nicotine Pouches","Core","10-pack","Oral"
"FUR-FU-10000605","ONP-VAR-223628","Oral Nicotine","Nicotine Pouches","Value","20-pack","Oral"
"FUR-FU-10000606","ONP-VAR-223127","Oral Nicotine","Nicotine Pouches","Value","Multi-pack","Oral"
"FUR-FU-10000612","ONP-VAR-644931","Oral Nicotine","Nicotine Pouches","Premium","Multi-pack","Oral"
"FUR-FU-10000620","ONP-VAR-046140","Oral Nicotine","Nicotine Pouches","Premium","10-pack","Oral"
"FUR-FU-10000628","ONP-VAR-607558","Oral Nicotine","Nicotine Pouches","Core","30-pack","Oral"
"FUR-FU-10000629","ONP-VAR-414386","Oral Nicotine","Nicotine Pouches","Value","10-pack","Oral"
"FUR-FU-10000640","ONP-VAR-798133","Oral Nicotine","Nicotine Pouches","Core","30-pack","Oral"
"FUR-FU-10000641","ONP-VAR-875710","Oral Nicotine","Nicotine Pouches","Core","10-pack","Oral"
"FUR-FU-10000647","ONP-VAR-037669","Oral Nicotine","Nicotine Pouches","Core","20-pack","Oral"
"FUR-FU-10000657","ONP-VAR-191279","Oral Nicotine","Nicotine Pouches","Value","10-pack","Oral"
"FUR-FU-10000666","ONP-VAR-023320","Oral Nicotine","Nicotine Pouches","Core","20-pack","Oral"
"FUR-FU-10000668","ONP-VAR-914271","Oral Nicotine","Nicotine Pouches","Premium","30-pack","Oral"
"FUR-FU-10000669","ONP-VAR-284636","Oral Nicotine","Nicotine Pouches","Value","10-pack","Oral"
"FUR-FU-10000672","ONP-VAR-408292","Oral Nicotine","Nicotine Pouches","Core","20-pack","Oral"
"FUR-FU-10000674","ONP-VAR-050164","Oral Nicotine","Nicotine Pouches","Core","10-pack","Oral"
"FUR-FU-10000686","ONP-VAR-468958","Oral Nicotine","Nicotine Pouches","Core","Multi-pack","Oral"
"FUR-FU-10000702","ONP-VAR-709222","Oral Nicotine","Nicotine Pouches","Core","20-pack","Oral"
"FUR-FU-10000705","ONP-VAR-430686","Oral Nicotine","Nicotine Pouches","Premium","30-pack","Oral"
"FUR-FU-10000714","ONP-VAR-830871","Oral Nicotine","Nicotine Pouches","Premium","20-pack","Oral"
"FUR-FU-10000718","ONP-VAR-621466","Oral Nicotine","Nicotine Pouches","Core","30-pack","Oral"
"FUR-FU-10000719","ONP-VAR-201309","Oral Nicotine","Nicotine Pouches","Premium","10-pack","Oral"
"FUR-FU-10000723","ONP-VAR-398166","Oral Nicotine","Nicotine Pouches","Premium","20-pack","Oral"
"FUR-FU-10000729","ONP-VAR-301076","Oral Nicotine","Nicotine Pouches","Value","Multi-pack","Oral"
"FUR-FU-10000732","ONP-VAR-988771","Oral Nicotine","Nicotine Pouches","Core","30-pack","Oral"
"FUR-FU-10000735","ONP-VAR-705996","Oral Nicotine","Nicotine Pouches","Premium","20-pack","Oral"
"FUR-FU-10000743","ONP-VAR-640440","Oral Nicotine","Nicotine Pouches","Premium","Multi-pack","Oral"
"FUR-FU-10000747","ONP-VAR-134703","Oral Nicotine","Nicotine Pouches","Premium","30-pack","Oral"
"FUR-FU-10000755","ONP-VAR-415717","Oral Nicotine","Nicotine Pouches","Core","Multi-pack","Oral"
"FUR-FU-10000758","ONP-VAR-049131","Oral Nicotine","Nicotine Pouches","Premium","30-pack","Oral"
"FUR-FU-10000762","ONP-VAR-779685","Oral Nicotine","Nicotine Pouches","Premium","Multi-pack","Oral"
"FUR-FU-10000771","ONP-VAR-122566","Oral Nicotine","Nicotine Pouches","Core","10-pack","Oral"
"FUR-FU-10000776","ONP-VAR-514786","Oral Nicotine","Nicotine Pouches","Core","Multi-pack","Oral"
"FUR-FU-10000783","ONP-VAR-958511","Oral Nicotine","Nicotine Pouches","Value","Multi-pack","Oral"
"FUR-FU-10000790","ONP-VAR-273031","Oral Nicotine","Nicotine Pouches","Core","10-pack","Oral"
"FUR-FU-10000794","ONP-VAR-134878","Oral Nicotine","Nicotine Pouches","Core","20-pack","Oral"
"FUR-FU-10000813","ONP-VAR-635628","Oral Nicotine","Nicotine Pouches","Premium","Multi-pack","Oral"
"FUR-FU-10000815","ONP-VAR-703859","Oral Nicotine","Nicotine Pouches","Value","30-pack","Oral"
"FUR-FU-10000816","ONP-VAR-159618","Oral Nicotine","Nicotine Pouches","Premium","10-pack","Oral"
"FUR-FU-10000820","ONP-VAR-738021","Oral Nicotine","Nicotine Pouches","Premium","30-pack","Oral"
"FUR-FU-10000850","ONP-VAR-633731","Oral Nicotine","Nicotine Pouches","Value","20-pack","Oral"
"FUR-FU-10000885","ONP-VAR-807205","Oral Nicotine","Nicotine Pouches","Core","Multi-pack","Oral"
"FUR-FU-10000889","ONP-VAR-560140","Oral Nicotine","Nicotine Pouches","Core","10-pack","Oral"
"FUR-FU-10000905","ONP-VAR-303592","Oral Nicotine","Nicotine Pouches","Core","10-pack","Oral"
"FUR-FU-10000907","ONP-VAR-868550","Oral Nicotine","Nicotine Pouches","Value","10-pack","Oral"
"FUR-FU-10000913","ONP-VAR-951289","Oral Nicotine","Nicotine Pouches","Core","10-pack","Oral"
"FUR-FU-10000918","ONP-VAR-950658","Oral Nicotine","Nicotine Pouches","Premium","10-pack","Oral"
"FUR-FU-10000921","ONP-VAR-218213","Oral Nicotine","Nicotine Pouches","Value","Multi-pack","Oral"
"FUR-FU-10000936","ONP-VAR-568027","Oral Nicotine","Nicotine Pouches","Core","20-pack","Oral"
"FUR-FU-10000944","ONP-VAR-608085","Oral Nicotine","Nicotine Pouches","Premium","30-pack","Oral"
"FUR-FU-10000946","ONP-VAR-479670","Oral Nicotine","Nicotine Pouches","Premium","30-pack","Oral"
"FUR-FU-10000950","ONP-VAR-783523","Oral Nicotine","Nicotine Pouches","Core","30-pack","Oral"
"FUR-FU-10000955","ONP-VAR-822328","Oral Nicotine","Nicotine Pouches","Core","20-pack","Oral"
"FUR-FU-10000965","ONP-VAR-634814","Oral Nicotine","Nicotine Pouches","Value","30-pack","Oral"
"FUR-FU-10000972","ONP-VAR-408022","Oral Nicotine","Nicotine Pouches","Core","10-pack","Oral"
"FUR-FU-10000975","ONP-VAR-105410","Oral Nicotine","Nicotine Pouches","Value","Multi-pack","Oral"
"FUR-FU-10000980","ONP-VAR-751088","Oral Nicotine","Nicotine Pouches","Value","Multi-pack","Oral"
"FUR-FU-10001008","ONP-VAR-886849","Oral Nicotine","Nicotine Pouches","Core","Multi-pack","Oral"
"FUR-FU-10001015","ONP-VAR-748279","Oral Nicotine","Nicotine Pouches","Core","Multi-pack","Oral"
"FUR-FU-10001025","ONP-VAR-976346","Oral Nicotine","Nicotine Pouches","Value","10-pack","Oral"
"FUR-FU-10001037","ONP-VAR-644520","Oral Nicotine","Nicotine Pouches","Premium","20-pack","Oral"
"FUR-FU-10001045","ONP-VAR-244225","Oral Nicotine","Nicotine Pouches","Core","30-pack","Oral"
"FUR-FU-10001057","ONP-VAR-063566","Oral Nicotine","Nicotine Pouches","Value","Multi-pack","Oral"
"FUR-FU-10001063","ONP-VAR-029282","Oral Nicotine","Nicotine Pouches","Value","20-pack","Oral"
"FUR-FU-10001078","ONP-VAR-681694","Oral Nicotine","Nicotine Pouches","Core","10-pack","Oral"
"FUR-FU-10001085","ONP-VAR-055241","Oral Nicotine","Nicotine Pouches","Value","30-pack","Oral"
"FUR-FU-10001086","ONP-VAR-982169","Oral Nicotine","Nicotine Pouches","Value","10-pack","Oral"
"FUR-FU-10001090","ONP-VAR-066271","Oral Nicotine","Nicotine Pouches","Core","10-pack","Oral"
"FUR-FU-10001091","ONP-VAR-966442","Oral Nicotine","Nicotine Pouches","Core","30-pack","Oral"
"FUR-FU-10001095","ONP-VAR-422178","Oral Nicotine","Nicotine Pouches","Premium","Multi-pack","Oral"
"FUR-FU-10001096","ONP-VAR-433732","Oral Nicotine","Nicotine Pouches","Core","20-pack","Oral"
"FUR-FU-10001098","ONP-VAR-198167","Oral Nicotine","Nicotine Pouches","Value","30-pack","Oral"
"FUR-FU-10001126","ONP-VAR-538546","Oral Nicotine","Nicotine Pouches","Core","20-pack","Oral"
"FUR-FU-10001129","ONP-VAR-087496","Oral Nicotine","Nicotine Pouches","Core","10-pack","Oral"
"FUR-FU-10001130","ONP-VAR-156711","Oral Nicotine","Nicotine Pouches","Premium","20-pack","Oral"
"FUR-FU-10001132","ONP-VAR-712844","Oral Nicotine","Nicotine Pouches","Value","20-pack","Oral"
"FUR-FU-10001135","ONP-VAR-949807","Oral Nicotine","Nicotine Pouches","Core","30-pack","Oral"
"FUR-FU-10001142","ONP-VAR-509081","Oral Nicotine","Nicotine Pouches","Value","30-pack","Oral"
"FUR-FU-10001144","ONP-VAR-012394","Oral Nicotine","Nicotine Pouches","Core","Multi-pack","Oral"
"FUR-FU-10001161","ONP-VAR-609813","Oral Nicotine","Nicotine Pouches","Premium","30-pack","Oral"
"FUR-FU-10001169","ONP-VAR-270658","Oral Nicotine","Nicotine Pouches","Core","10-pack","Oral"
"FUR-FU-10001175","ONP-VAR-432742","Oral Nicotine","Nicotine Pouches","Core","30-pack","Oral"
"FUR-FU-10001185","ONP-VAR-096408","Oral Nicotine","Nicotine Pouches","Premium","20-pack","Oral"
"FUR-FU-10001194","ONP-VAR-990871","Oral Nicotine","Nicotine Pouches","Core","30-pack","Oral"
"FUR-FU-10001196","ONP-VAR-786293","Oral Nicotine","Nicotine Pouches","Value","30-pack","Oral"
"FUR-FU-10001200","ONP-VAR-134698","Oral Nicotine","Nicotine Pouches","Core","Multi-pack","Oral"
"FUR-FU-10001215","ONP-VAR-189603","Oral Nicotine","Nicotine Pouches","Premium","20-pack","Oral"
"FUR-FU-10001246","ONP-VAR-649038","Oral Nicotine","Nicotine Pouches","Premium","30-pack","Oral"
"FUR-FU-10001252","ONP-VAR-168984","Oral Nicotine","Nicotine Pouches","Premium","30-pack","Oral"
"FUR-FU-10001254","ONP-VAR-852926","Oral Nicotine","Nicotine Pouches","Value","Multi-pack","Oral"
"FUR-FU-10001255","ONP-VAR-963543","Oral Nicotine","Nicotine Pouches","Premium","20-pack","Oral"
"FUR-FU-10001260","ONP-VAR-450150","Oral Nicotine","Nicotine Pouches","Premium","20-pack","Oral"
"FUR-FU-10001290","ONP-VAR-769285","Oral Nicotine","Nicotine Pouches","Core","30-pack","Oral"
"FUR-FU-10001317","ONP-VAR-011720","Oral Nicotine","Nicotine Pouches","Value","30-pack","Oral"
"FUR-FU-10001322","ONP-VAR-421948","Oral Nicotine","Nicotine Pouches","Core","30-pack","Oral"
"FUR-FU-10001324","ONP-VAR-104595","Oral Nicotine","Nicotine Pouches","Premium","Multi-pack","Oral"
"FUR-FU-10001343","ONP-VAR-887368","Oral Nicotine","Nicotine Pouches","Core","30-pack","Oral"
"FUR-FU-10001351","ONP-VAR-657230","Oral Nicotine","Nicotine Pouches","Value","Multi-pack","Oral"
"FUR-FU-10001366","ONP-VAR-096182","Oral Nicotine","Nicotine Pouches","Value","Multi-pack","Oral"
"FUR-FU-10001371","ONP-VAR-632843","Oral Nicotine","Nicotine Pouches","Value","20-pack","Oral"
"FUR-FU-10001379","ONP-VAR-805308","Oral Nicotine","Nicotine Pouches","Premium","Multi-pack","Oral"
"FUR-FU-10001393","ONP-VAR-941005","Oral Nicotine","Nicotine Pouches","Core","Multi-pack","Oral"
"FUR-FU-10001410","ONP-VAR-662809","Oral Nicotine","Nicotine Pouches","Core","10-pack","Oral"
"FUR-FU-10001424","ONP-VAR-305661","Oral Nicotine","Nicotine Pouches","Premium","30-pack","Oral"
"FUR-FU-10001436","ONP-VAR-590217","Oral Nicotine","Nicotine Pouches","Premium","Multi-pack","Oral"
"FUR-FU-10001438","ONP-VAR-908150","Oral Nicotine","Nicotine Pouches","Value","10-pack","Oral"
"FUR-FU-10001447","ONP-VAR-278877","Oral Nicotine","Nicotine Pouches","Premium","30-pack","Oral"
"FUR-FU-10001452","ONP-VAR-022048","Oral Nicotine","Nicotine Pouches","Core","10-pack","Oral"
"FUR-FU-10001468","ONP-VAR-017747","Oral Nicotine","Nicotine Pouches","Value","20-pack","Oral"
"FUR-FU-10001471","ONP-VAR-310431","Oral Nicotine","Nicotine Pouches","Premium","10-pack","Oral"
"FUR-FU-10001473","ONP-VAR-664494","Oral Nicotine","Nicotine Pouches","Premium","10-pack","Oral"
"FUR-FU-10001475","ONP-VAR-099604","Oral Nicotine","Nicotine Pouches","Core","20-pack","Oral"
"FUR-FU-10001477","ONP-VAR-320574","Oral Nicotine","Nicotine Pouches","Premium","20-pack","Oral"
"FUR-FU-10001480","ONP-VAR-242882","Oral Nicotine","Nicotine Pouches","Value","20-pack","Oral"
"FUR-FU-10001487","ONP-VAR-732689","Oral Nicotine","Nicotine Pouches","Value","30-pack","Oral"
"FUR-FU-10001488","ONP-VAR-901958","Oral Nicotine","Nicotine Pouches","Value","Multi-pack","Oral"
"FUR-FU-10001495","ONP-VAR-826985","Oral Nicotine","Nicotine Pouches","Value","Multi-pack","Oral"
"FUR-FU-10001507","ONP-VAR-755110","Oral Nicotine","Nicotine Pouches","Core","20-pack","Oral"
"FUR-FU-10001541","ONP-VAR-917925","Oral Nicotine","Nicotine Pouches","Premium","10-pack","Oral"
"FUR-FU-10001546","ONP-VAR-669012","Oral Nicotine","Nicotine Pouches","Premium","Multi-pack","Oral"
"FUR-FU-10001557","ONP-VAR-090329","Oral Nicotine","Nicotine Pouches","Value","10-pack","Oral"
"FUR-FU-10001583","ONP-VAR-587474","Oral Nicotine","Nicotine Pouches","Value","10-pack","Oral"
"FUR-FU-10001588","ONP-VAR-198723","Oral Nicotine","Nicotine Pouches","Premium","10-pack","Oral"
"FUR-FU-10001591","ONP-VAR-748121","Oral Nicotine","Nicotine Pouches","Value","20-pack","Oral"
"FUR-FU-10001601","ONP-VAR-998508","Oral Nicotine","Nicotine Pouches","Premium","20-pack","Oral"
"FUR-FU-10001602","ONP-VAR-909732","Oral Nicotine","Nicotine Pouches","Premium","Multi-pack","Oral"
"FUR-FU-10001617","ONP-VAR-176769","Oral Nicotine","Nicotine Pouches","Premium","20-pack","Oral"
"FUR-FU-10001619","ONP-VAR-601614","Oral Nicotine","Nicotine Pouches","Premium","30-pack","Oral"
"FUR-FU-10001640","ONP-VAR-177074","Oral Nicotine","Nicotine Pouches","Value","Multi-pack","Oral"
"FUR-FU-10001657","ONP-VAR-250152","Oral Nicotine","Nicotine Pouches","Premium","20-pack","Oral"
"FUR-FU-10001667","ONP-VAR-210131","Oral Nicotine","Nicotine Pouches","Value","30-pack","Oral"
"FUR-FU-10001674","ONP-VAR-605038","Oral Nicotine","Nicotine Pouches","Core","20-pack","Oral"
"FUR-FU-10001691","ONP-VAR-686861","Oral Nicotine","Nicotine Pouches","Value","10-pack","Oral"
"FUR-FU-10001692","ONP-VAR-261381","Oral Nicotine","Nicotine Pouches","Premium","30-pack","Oral"
"FUR-FU-10001706","ONP-VAR-546190","Oral Nicotine","Nicotine Pouches","Core","20-pack","Oral"
"FUR-FU-10001711","ONP-VAR-542591","Oral Nicotine","Nicotine Pouches","Value","Multi-pack","Oral"
"FUR-FU-10001717","ONP-VAR-067489","Oral Nicotine","Nicotine Pouches","Core","30-pack","Oral"
"FUR-FU-10001718","ONP-VAR-635829","Oral Nicotine","Nicotine Pouches","Premium","Multi-pack","Oral"
"FUR-FU-10001731","ONP-VAR-531559","Oral Nicotine","Nicotine Pouches","Core","20-pack","Oral"
"FUR-FU-10001746","ONP-VAR-730611","Oral Nicotine","Nicotine Pouches","Premium","20-pack","Oral"
"FUR-FU-10001756","ONP-VAR-522160","Oral Nicotine","Nicotine Pouches","Core","10-pack","Oral"
"FUR-FU-10001760","ONP-VAR-062873","Oral Nicotine","Nicotine Pouches","Value","30-pack","Oral"
"FUR-FU-10001764","ONP-VAR-793372","Oral Nicotine","Nicotine Pouches","Core","Multi-pack","Oral"
"FUR-FU-10001765","ONP-VAR-292320","Oral Nicotine","Nicotine Pouches","Premium","20-pack","Oral"
"FUR-FU-10001770","ONP-VAR-573725","Oral Nicotine","Nicotine Pouches","Value","Multi-pack","Oral"
"FUR-FU-10001774","ONP-VAR-941183","Oral Nicotine","Nicotine Pouches","Value","30-pack","Oral"
"FUR-FU-10001775","ONP-VAR-629192","Oral Nicotine","Nicotine Pouches","Value","10-pack","Oral"
"FUR-FU-10001791","ONP-VAR-151994","Oral Nicotine","Nicotine Pouches","Value","Multi-pack","Oral"
"FUR-FU-10001843","ONP-VAR-490971","Oral Nicotine","Nicotine Pouches","Premium","Multi-pack","Oral"
"FUR-FU-10001847","ONP-VAR-904745","Oral Nicotine","Nicotine Pouches","Value","30-pack","Oral"
"FUR-FU-10001852","ONP-VAR-702868","Oral Nicotine","Nicotine Pouches","Core","10-pack","Oral"
"FUR-FU-10001861","ONP-VAR-666248","Oral Nicotine","Nicotine Pouches","Value","20-pack","Oral"
"FUR-FU-10001867","ONP-VAR-873069","Oral Nicotine","Nicotine Pouches","Premium","10-pack","Oral"
"FUR-FU-10001876","ONP-VAR-978257","Oral Nicotine","Nicotine Pouches","Value","Multi-pack","Oral"
"FUR-FU-10001889","ONP-VAR-407783","Oral Nicotine","Nicotine Pouches","Value","20-pack","Oral"
"FUR-FU-10001890","ONP-VAR-854224","Oral Nicotine","Nicotine Pouches","Core","10-pack","Oral"
"FUR-FU-10001893","ONP-VAR-218596","Oral Nicotine","Nicotine Pouches","Core","30-pack","Oral"
"FUR-FU-10001902","ONP-VAR-475308","Oral Nicotine","Nicotine Pouches","Premium","30-pack","Oral"
"FUR-FU-10001915","ONP-VAR-984195","Oral Nicotine","Nicotine Pouches","Premium","10-pack","Oral"
"FUR-FU-10001918","ONP-VAR-939669","Oral Nicotine","Nicotine Pouches","Premium","20-pack","Oral"
"FUR-FU-10001933","ONP-VAR-862953","Oral Nicotine","Nicotine Pouches","Premium","Multi-pack","Oral"
"FUR-FU-10001934","ONP-VAR-011925","Oral Nicotine","Nicotine Pouches","Premium","10-pack","Oral"
"FUR-FU-10001935","ONP-VAR-283314","Oral Nicotine","Nicotine Pouches","Premium","30-pack","Oral"
"FUR-FU-10001940","ONP-VAR-673953","Oral Nicotine","Nicotine Pouches","Premium","30-pack","Oral"
"FUR-FU-10001942","ONP-VAR-973083","Oral Nicotine","Nicotine Pouches","Premium","30-pack","Oral"
"FUR-FU-10001950","ONP-VAR-828543","Oral Nicotine","Nicotine Pouches","Premium","Multi-pack","Oral"
"FUR-FU-10001967","ONP-VAR-949553","Oral Nicotine","Nicotine Pouches","Value","Multi-pack","Oral"
"FUR-FU-10001977","ONP-VAR-189272","Oral Nicotine","Nicotine Pouches","Value","30-pack","Oral"
"FUR-FU-10001979","ONP-VAR-448539","Oral Nicotine","Nicotine Pouches","Premium","20-pack","Oral"
"FUR-FU-10001986","ONP-VAR-608031","Oral Nicotine","Nicotine Pouches","Premium","Multi-pack","Oral"
"FUR-FU-10002004","ONP-VAR-316065","Oral Nicotine","Nicotine Pouches","Premium","30-pack","Oral"
"FUR-FU-10002007","ONP-VAR-227573","Oral Nicotine","Nicotine Pouches","Value","10-pack","Oral"
"FUR-FU-10002017","ONP-VAR-985333","Oral Nicotine","Nicotine Pouches","Core","20-pack","Oral"
"FUR-FU-10002019","ONP-VAR-961712","Oral Nicotine","Nicotine Pouches","Value","30-pack","Oral"
"FUR-FU-10002030","ONP-VAR-710693","Oral Nicotine","Nicotine Pouches","Value","10-pack","Oral"
"FUR-FU-10002045","ONP-VAR-236174","Oral Nicotine","Nicotine Pouches","Value","10-pack","Oral"
"FUR-FU-10002055","ONP-VAR-183899","Oral Nicotine","Nicotine Pouches","Value","20-pack","Oral"
"FUR-FU-10002069","ONP-VAR-992958","Oral Nicotine","Nicotine Pouches","Premium","20-pack","Oral"
"FUR-FU-10002088","ONP-VAR-777919","Oral Nicotine","Nicotine Pouches","Core","20-pack","Oral"
"FUR-FU-10002094","ONP-VAR-126256","Oral Nicotine","Nicotine Pouches","Core","Multi-pack","Oral"
"FUR-FU-10002104","ONP-VAR-453623","Oral Nicotine","Nicotine Pouches","Value","20-pack","Oral"
"FUR-FU-10002107","ONP-VAR-952272","Oral Nicotine","Nicotine Pouches","Premium","Multi-pack","Oral"
"FUR-FU-10002111","ONP-VAR-125616","Oral Nicotine","Nicotine Pouches","Premium","Multi-pack","Oral"
"FUR-FU-10002116","ONP-VAR-886356","Oral Nicotine","Nicotine Pouches","Premium","10-pack","Oral"
"FUR-FU-10002122","ONP-VAR-860124","Oral Nicotine","Nicotine Pouches","Premium","30-pack","Oral"
"FUR-FU-10002157","ONP-VAR-068801","Oral Nicotine","Nicotine Pouches","Value","30-pack","Oral"
"FUR-FU-10002168","ONP-VAR-897239","Oral Nicotine","Nicotine Pouches","Value","10-pack","Oral"
"FUR-FU-10002170","ONP-VAR-066795","Oral Nicotine","Nicotine Pouches","Premium","Multi-pack","Oral"
"FUR-FU-10002185","ONP-VAR-791039","Oral Nicotine","Nicotine Pouches","Value","Multi-pack","Oral"
"FUR-FU-10002191","ONP-VAR-653783","Oral Nicotine","Nicotine Pouches","Value","Multi-pack","Oral"
"FUR-FU-10002210","ONP-VAR-963780","Oral Nicotine","Nicotine Pouches","Premium","10-pack","Oral"
"FUR-FU-10002223","ONP-VAR-085113","Oral Nicotine","Nicotine Pouches","Premium","20-pack","Oral"
"FUR-FU-10002240","ONP-VAR-072673","Oral Nicotine","Nicotine Pouches","Core","20-pack","Oral"
"FUR-FU-10002246","ONP-VAR-344039","Oral Nicotine","Nicotine Pouches","Value","10-pack","Oral"
"FUR-FU-10002250","ONP-VAR-534434","Oral Nicotine","Nicotine Pouches","Value","10-pack","Oral"
"FUR-FU-10002253","ONP-VAR-774487","Oral Nicotine","Nicotine Pouches","Core","30-pack","Oral"
"FUR-FU-10002268","ONP-VAR-165923","Oral Nicotine","Nicotine Pouches","Value","20-pack","Oral"
"FUR-FU-10002292","ONP-VAR-059384","Oral Nicotine","Nicotine Pouches","Value","10-pack","Oral"
"FUR-FU-10002298","ONP-VAR-753681","Oral Nicotine","Nicotine Pouches","Premium","30-pack","Oral"
"FUR-FU-10002304","ONP-VAR-414624","Oral Nicotine","Nicotine Pouches","Premium","Multi-pack","Oral"
"FUR-FU-10002305","ONP-VAR-965625","Oral Nicotine","Nicotine Pouches","Premium","20-pack","Oral"
"FUR-FU-10002335","ONP-VAR-941129","Oral Nicotine","Nicotine Pouches","Value","30-pack","Oral"
"FUR-FU-10002362","ONP-VAR-762380","Oral Nicotine","Nicotine Pouches","Value","10-pack","Oral"
"FUR-FU-10002364","ONP-VAR-170352","Oral Nicotine","Nicotine Pouches","Premium","20-pack","Oral"
"FUR-FU-10002379","ONP-VAR-592123","Oral Nicotine","Nicotine Pouches","Core","20-pack","Oral"
"FUR-FU-10002387","ONP-VAR-299728","Oral Nicotine","Nicotine Pouches","Core","20-pack","Oral"
"FUR-FU-10002396","ONP-VAR-404658","Oral Nicotine","Nicotine Pouches","Premium","30-pack","Oral"
"FUR-FU-10002407","ONP-VAR-870344","Oral Nicotine","Nicotine Pouches","Value","10-pack","Oral"
"FUR-FU-10002412","ONP-VAR-005660","Oral Nicotine","Nicotine Pouches","Value","30-pack","Oral"
"FUR-FU-10002422","ONP-VAR-075883","Oral Nicotine","Nicotine Pouches","Core","20-pack","Oral"
"FUR-FU-10002445","ONP-VAR-851950","Oral Nicotine","Nicotine Pouches","Core","10-pack","Oral"
"FUR-FU-10002456","ONP-VAR-291703","Oral Nicotine","Nicotine Pouches","Core","Multi-pack","Oral"
"FUR-FU-10002459","ONP-VAR-939125","Oral Nicotine","Nicotine Pouches","Value","30-pack","Oral"
"FUR-FU-10002485","ONP-VAR-921906","Oral Nicotine","Nicotine Pouches","Premium","10-pack","Oral"
"FUR-FU-10002486","ONP-VAR-374956","Oral Nicotine","Nicotine Pouches","Core","30-pack","Oral"
"FUR-FU-10002501","ONP-VAR-635830","Oral Nicotine","Nicotine Pouches","Core","30-pack","Oral"
"FUR-FU-10002502","ONP-VAR-552945","Oral Nicotine","Nicotine Pouches","Premium","10-pack","Oral"
"FUR-FU-10002505","ONP-VAR-328742","Oral Nicotine","Nicotine Pouches","Value","Multi-pack","Oral"
"FUR-FU-10002506","ONP-VAR-012692","Oral Nicotine","Nicotine Pouches","Value","20-pack","Oral"
"FUR-FU-10002508","ONP-VAR-120056","Oral Nicotine","Nicotine Pouches","Value","30-pack","Oral"
"FUR-FU-10002521","ONP-VAR-047203","Oral Nicotine","Nicotine Pouches","Core","10-pack","Oral"
"FUR-FU-10002525","ONP-VAR-163217","Oral Nicotine","Nicotine Pouches","Value","20-pack","Oral"
"FUR-FU-10002539","ONP-VAR-917378","Oral Nicotine","Nicotine Pouches","Value","Multi-pack","Oral"
"FUR-FU-10002546","ONP-VAR-969524","Oral Nicotine","Nicotine Pouches","Value","20-pack","Oral"
"FUR-FU-10002549","ONP-VAR-276736","Oral Nicotine","Nicotine Pouches","Core","10-pack","Oral"
"FUR-FU-10002553","ONP-VAR-105348","Oral Nicotine","Nicotine Pouches","Premium","Multi-pack","Oral"
"FUR-FU-10002554","ONP-VAR-906101","Oral Nicotine","Nicotine Pouches","Value","10-pack","Oral"
"FUR-FU-10002557","ONP-VAR-121851","Oral Nicotine","Nicotine Pouches","Premium","30-pack","Oral"
"FUR-FU-10002597","ONP-VAR-716239","Oral Nicotine","Nicotine Pouches","Core","30-pack","Oral"
"FUR-FU-10002598","ONP-VAR-156384","Oral Nicotine","Nicotine Pouches","Premium","Multi-pack","Oral"
"FUR-FU-10002614","ONP-VAR-121544","Oral Nicotine","Nicotine Pouches","Value","20-pack","Oral"
"FUR-FU-10002630","ONP-VAR-217138","Oral Nicotine","Nicotine Pouches","Core","30-pack","Oral"
"FUR-FU-10002637","ONP-VAR-868363","Oral Nicotine","Nicotine Pouches","Core","20-pack","Oral"
"FUR-FU-10002648","ONP-VAR-267466","Oral Nicotine","Nicotine Pouches","Core","Multi-pack","Oral"
"FUR-FU-10002655","ONP-VAR-497057","Oral Nicotine","Nicotine Pouches","Value","Multi-pack","Oral"
"FUR-FU-10002659","ONP-VAR-788600","Oral Nicotine","Nicotine Pouches","Value","10-pack","Oral"
"FUR-FU-10002665","ONP-VAR-358095","Oral Nicotine","Nicotine Pouches","Premium","10-pack","Oral"
"FUR-FU-10002671","ONP-VAR-780311","Oral Nicotine","Nicotine Pouches","Value","10-pack","Oral"
"FUR-FU-10002685","ONP-VAR-779505","Oral Nicotine","Nicotine Pouches","Premium","30-pack","Oral"
"FUR-FU-10002696","ONP-VAR-093755","Oral Nicotine","Nicotine Pouches","Value","20-pack","Oral"
"FUR-FU-10002698","ONP-VAR-386185","Oral Nicotine","Nicotine Pouches","Core","30-pack","Oral"
"FUR-FU-10002699","ONP-VAR-537776","Oral Nicotine","Nicotine Pouches","Value","10-pack","Oral"
"FUR-FU-10002703","ONP-VAR-804280","Oral Nicotine","Nicotine Pouches","Core","10-pack","Oral"
"FUR-FU-10002709","ONP-VAR-222416","Oral Nicotine","Nicotine Pouches","Value","30-pack","Oral"
"FUR-FU-10002722","ONP-VAR-274703","Oral Nicotine","Nicotine Pouches","Value","10-pack","Oral"
"FUR-FU-10002751","ONP-VAR-903343","Oral Nicotine","Nicotine Pouches","Core","20-pack","Oral"
"FUR-FU-10002759","ONP-VAR-879019","Oral Nicotine","Nicotine Pouches","Core","Multi-pack","Oral"
"FUR-FU-10002784","ONP-VAR-922079","Oral Nicotine","Nicotine Pouches","Value","Multi-pack","Oral"
"FUR-FU-10002800","ONP-VAR-733626","Oral Nicotine","Nicotine Pouches","Premium","Multi-pack","Oral"
"FUR-FU-10002803","ONP-VAR-820324","Oral Nicotine","Nicotine Pouches","Core","20-pack","Oral"
"FUR-FU-10002804","ONP-VAR-204351","Oral Nicotine","Nicotine Pouches","Premium","30-pack","Oral"
"FUR-FU-10002813","ONP-VAR-043787","Oral Nicotine","Nicotine Pouches","Value","10-pack","Oral"
"FUR-FU-10002818","ONP-VAR-839702","Oral Nicotine","Nicotine Pouches","Value","10-pack","Oral"
"FUR-FU-10002829","ONP-VAR-520808","Oral Nicotine","Nicotine Pouches","Value","20-pack","Oral"
"FUR-FU-10002834","ONP-VAR-379434","Oral Nicotine","Nicotine Pouches","Premium","20-pack","Oral"
"FUR-FU-10002837","ONP-VAR-893876","Oral Nicotine","Nicotine Pouches","Value","Multi-pack","Oral"
"FUR-FU-10002838","ONP-VAR-625874","Oral Nicotine","Nicotine Pouches","Value","30-pack","Oral"
"FUR-FU-10002848","ONP-VAR-260369","Oral Nicotine","Nicotine Pouches","Value","20-pack","Oral"
"FUR-FU-10002874","ONP-VAR-606394","Oral Nicotine","Nicotine Pouches","Core","20-pack","Oral"
"FUR-FU-10002878","ONP-VAR-217631","Oral Nicotine","Nicotine Pouches","Value","30-pack","Oral"
"FUR-FU-10002885","ONP-VAR-171894","Oral Nicotine","Nicotine Pouches","Premium","10-pack","Oral"
"FUR-FU-10002890","ONP-VAR-520736","Oral Nicotine","Nicotine Pouches","Value","30-pack","Oral"
"FUR-FU-10002918","ONP-VAR-504609","Oral Nicotine","Nicotine Pouches","Premium","Multi-pack","Oral"
"FUR-FU-10002919","ONP-VAR-194354","Oral Nicotine","Nicotine Pouches","Value","20-pack","Oral"
"FUR-FU-10002928","ONP-VAR-074993","Oral Nicotine","Nicotine Pouches","Value","10-pack","Oral"
"FUR-FU-10002930","ONP-VAR-907486","Oral Nicotine","Nicotine Pouches","Core","Multi-pack","Oral"
"FUR-FU-10002933","ONP-VAR-242356","Oral Nicotine","Nicotine Pouches","Core","20-pack","Oral"
"FUR-FU-10002937","ONP-VAR-801032","Oral Nicotine","Nicotine Pouches","Value","10-pack","Oral"
"FUR-FU-10002957","ONP-VAR-110291","Oral Nicotine","Nicotine Pouches","Value","30-pack","Oral"
"FUR-FU-10002960","ONP-VAR-241422","Oral Nicotine","Nicotine Pouches","Premium","30-pack","Oral"
"FUR-FU-10002963","ONP-VAR-886684","Oral Nicotine","Nicotine Pouches","Core","10-pack","Oral"
"FUR-FU-10002972","ONP-VAR-355338","Oral Nicotine","Nicotine Pouches","Premium","Multi-pack","Oral"
"FUR-FU-10002979","ONP-VAR-459108","Oral Nicotine","Nicotine Pouches","Premium","Multi-pack","Oral"
"FUR-FU-10003012","ONP-VAR-284006","Oral Nicotine","Nicotine Pouches","Value","Multi-pack","Oral"
"FUR-FU-10003026","ONP-VAR-926453","Oral Nicotine","Nicotine Pouches","Value","20-pack","Oral"
"FUR-FU-10003036","ONP-VAR-527991","Oral Nicotine","Nicotine Pouches","Premium","10-pack","Oral"
"FUR-FU-10003039","ONP-VAR-921949","Oral Nicotine","Nicotine Pouches","Core","20-pack","Oral"
"FUR-FU-10003046","ONP-VAR-109688","Oral Nicotine","Nicotine Pouches","Value","Multi-pack","Oral"
"FUR-FU-10003052","ONP-VAR-530701","Oral Nicotine","Nicotine Pouches","Core","Multi-pack","Oral"
"FUR-FU-10003066","ONP-VAR-459549","Oral Nicotine","Nicotine Pouches","Premium","20-pack","Oral"
"FUR-FU-10003069","ONP-VAR-923681","Oral Nicotine","Nicotine Pouches","Value","10-pack","Oral"
"FUR-FU-10003094","ONP-VAR-590614","Oral Nicotine","Nicotine Pouches","Core","30-pack","Oral"
"FUR-FU-10003095","ONP-VAR-045771","Oral Nicotine","Nicotine Pouches","Premium","10-pack","Oral"
"FUR-FU-10003096","ONP-VAR-600526","Oral Nicotine","Nicotine Pouches","Core","30-pack","Oral"
"FUR-FU-10003112","ONP-VAR-858274","Oral Nicotine","Nicotine Pouches","Core","10-pack","Oral"
"FUR-FU-10003142","ONP-VAR-959475","Oral Nicotine","Nicotine Pouches","Premium","20-pack","Oral"
"FUR-FU-10003150","ONP-VAR-698692","Oral Nicotine","Nicotine Pouches","Core","10-pack","Oral"
"FUR-FU-10003192","ONP-VAR-838475","Oral Nicotine","Nicotine Pouches","Value","10-pack","Oral"
"FUR-FU-10003194","ONP-VAR-660493","Oral Nicotine","Nicotine Pouches","Core","20-pack","Oral"
"FUR-FU-10003198","ONP-VAR-958232","Oral Nicotine","Nicotine Pouches","Value","30-pack","Oral"
"FUR-FU-10003214","ONP-VAR-580554","Oral Nicotine","Nicotine Pouches","Premium","10-pack","Oral"
"FUR-FU-10003217","ONP-VAR-332569","Oral Nicotine","Nicotine Pouches","Core","30-pack","Oral"
"FUR-FU-10003219","ONP-VAR-848930","Oral Nicotine","Nicotine Pouches","Value","20-pack","Oral"
"FUR-FU-10003235","ONP-VAR-496503","Oral Nicotine","Nicotine Pouches","Premium","10-pack","Oral"
"FUR-FU-10003237","ONP-VAR-498437","Oral Nicotine","Nicotine Pouches","Value","10-pack","Oral"
"FUR-FU-10003247","ONP-VAR-542243","Oral Nicotine","Nicotine Pouches","Value","Multi-pack","Oral"
"FUR-FU-10003264","ONP-VAR-256400","Oral Nicotine","Nicotine Pouches","Value","Multi-pack","Oral"
"FUR-FU-10003268","ONP-VAR-690666","Oral Nicotine","Nicotine Pouches","Premium","10-pack","Oral"
"FUR-FU-10003273","ONP-VAR-766853","Oral Nicotine","Nicotine Pouches","Value","20-pack","Oral"
"FUR-FU-10003274","ONP-VAR-706470","Oral Nicotine","Nicotine Pouches","Premium","30-pack","Oral"
"FUR-FU-10003276","ONP-VAR-111161","Oral Nicotine","Nicotine Pouches","Value","30-pack","Oral"
"FUR-FU-10003283","ONP-VAR-932448","Oral Nicotine","Nicotine Pouches","Premium","30-pack","Oral"
"FUR-FU-10003297","ONP-VAR-850214","Oral Nicotine","Nicotine Pouches","Value","30-pack","Oral"
"FUR-FU-10003325","ONP-VAR-471706","Oral Nicotine","Nicotine Pouches","Core","30-pack","Oral"
"FUR-FU-10003326","ONP-VAR-519010","Oral Nicotine","Nicotine Pouches","Core","10-pack","Oral"
"FUR-FU-10003336","ONP-VAR-850341","Oral Nicotine","Nicotine Pouches","Premium","20-pack","Oral"
"FUR-FU-10003339","ONP-VAR-016363","Oral Nicotine","Nicotine Pouches","Core","10-pack","Oral"
"FUR-FU-10003347","ONP-VAR-306455","Oral Nicotine","Nicotine Pouches","Value","10-pack","Oral"
"FUR-FU-10003362","ONP-VAR-381644","Oral Nicotine","Nicotine Pouches","Value","20-pack","Oral"
"FUR-FU-10003370","ONP-VAR-909407","Oral Nicotine","Nicotine Pouches","Value","10-pack","Oral"
"FUR-FU-10003374","ONP-VAR-471804","Oral Nicotine","Nicotine Pouches","Premium","20-pack","Oral"
"FUR-FU-10003384","ONP-VAR-257490","Oral Nicotine","Nicotine Pouches","Premium","30-pack","Oral"
"FUR-FU-10003394","ONP-VAR-585788","Oral Nicotine","Nicotine Pouches","Value","Multi-pack","Oral"
"FUR-FU-10003408","ONP-VAR-004574","Oral Nicotine","Nicotine Pouches","Value","10-pack","Oral"
"FUR-FU-10003414","ONP-VAR-727600","Oral Nicotine","Nicotine Pouches","Core","30-pack","Oral"
"FUR-FU-10003419","ONP-VAR-177600","Oral Nicotine","Nicotine Pouches","Premium","Multi-pack","Oral"
"FUR-FU-10003420","ONP-VAR-157821","Oral Nicotine","Nicotine Pouches","Premium","10-pack","Oral"
"FUR-FU-10003424","ONP-VAR-930334","Oral Nicotine","Nicotine Pouches","Core","20-pack","Oral"
"FUR-FU-10003427","ONP-VAR-800482","Oral Nicotine","Nicotine Pouches","Core","Multi-pack","Oral"
"FUR-FU-10003447","ONP-VAR-450028","Oral Nicotine","Nicotine Pouches","Core","20-pack","Oral"
"FUR-FU-10003451","ONP-VAR-891702","Oral Nicotine","Nicotine Pouches","Premium","20-pack","Oral"
"FUR-FU-10003462","ONP-VAR-617438","Oral Nicotine","Nicotine Pouches","Value","10-pack","Oral"
"FUR-FU-10003464","ONP-VAR-762872","Oral Nicotine","Nicotine Pouches","Value","20-pack","Oral"
"FUR-FU-10003489","ONP-VAR-404375","Oral Nicotine","Nicotine Pouches","Value","30-pack","Oral"
"FUR-FU-10003500","ONP-VAR-466098","Oral Nicotine","Nicotine Pouches","Premium","20-pack","Oral"
"FUR-FU-10003507","ONP-VAR-065157","Oral Nicotine","Nicotine Pouches","Premium","30-pack","Oral"
"FUR-FU-10003512","ONP-VAR-644781","Oral Nicotine","Nicotine Pouches","Premium","10-pack","Oral"
"FUR-FU-10003535","ONP-VAR-252756","Oral Nicotine","Nicotine Pouches","Premium","20-pack","Oral"
"FUR-FU-10003540","ONP-VAR-837440","Oral Nicotine","Nicotine Pouches","Value","20-pack","Oral"
"FUR-FU-10003546","ONP-VAR-147821","Oral Nicotine","Nicotine Pouches","Value","10-pack","Oral"
"FUR-FU-10003552","ONP-VAR-448228","Oral Nicotine","Nicotine Pouches","Core","10-pack","Oral"
"FUR-FU-10003553","ONP-VAR-135612","Oral Nicotine","Nicotine Pouches","Premium","30-pack","Oral"
"FUR-FU-10003577","ONP-VAR-267182","Oral Nicotine","Nicotine Pouches","Value","20-pack","Oral"
"FUR-FU-10003601","ONP-VAR-541839","Oral Nicotine","Nicotine Pouches","Premium","30-pack","Oral"
"FUR-FU-10003605","ONP-VAR-907590","Oral Nicotine","Nicotine Pouches","Premium","Multi-pack","Oral"
"FUR-FU-10003608","ONP-VAR-557769","Oral Nicotine","Nicotine Pouches","Premium","30-pack","Oral"
"FUR-FU-10003609","ONP-VAR-714286","Oral Nicotine","Nicotine Pouches","Core","10-pack","Oral"
"FUR-FU-10003619","ONP-VAR-315314","Oral Nicotine","Nicotine Pouches","Value","20-pack","Oral"
"FUR-FU-10003622","ONP-VAR-162986","Oral Nicotine","Nicotine Pouches","Value","30-pack","Oral"
"FUR-FU-10003623","ONP-VAR-989209","Oral Nicotine","Nicotine Pouches","Core","10-pack","Oral"
"FUR-FU-10003651","ONP-VAR-256755","Oral Nicotine","Nicotine Pouches","Premium","Multi-pack","Oral"
"FUR-FU-10003658","ONP-VAR-507881","Oral Nicotine","Nicotine Pouches","Value","Multi-pack","Oral"
"FUR-FU-10003662","ONP-VAR-567309","Oral Nicotine","Nicotine Pouches","Premium","30-pack","Oral"
"FUR-FU-10003664","ONP-VAR-199569","Oral Nicotine","Nicotine Pouches","Premium","Multi-pack","Oral"
"FUR-FU-10003691","ONP-VAR-263209","Oral Nicotine","Nicotine Pouches","Core","Multi-pack","Oral"
"FUR-FU-10003694","ONP-VAR-431865","Oral Nicotine","Nicotine Pouches","Premium","10-pack","Oral"
"FUR-FU-10003708","ONP-VAR-796537","Oral Nicotine","Nicotine Pouches","Core","20-pack","Oral"
"FUR-FU-10003717","ONP-VAR-982295","Oral Nicotine","Nicotine Pouches","Value","20-pack","Oral"
"FUR-FU-10003724","ONP-VAR-846571","Oral Nicotine","Nicotine Pouches","Core","10-pack","Oral"
"FUR-FU-10003725","ONP-VAR-284625","Oral Nicotine","Nicotine Pouches","Premium","30-pack","Oral"
"FUR-FU-10003731","ONP-VAR-918351","Oral Nicotine","Nicotine Pouches","Premium","30-pack","Oral"
"FUR-FU-10003736","ONP-VAR-679756","Oral Nicotine","Nicotine Pouches","Core","20-pack","Oral"
"FUR-FU-10003773","ONP-VAR-515638","Oral Nicotine","Nicotine Pouches","Core","30-pack","Oral"
"FUR-FU-10003798","ONP-VAR-338076","Oral Nicotine","Nicotine Pouches","Premium","10-pack","Oral"
"FUR-FU-10003799","ONP-VAR-872082","Oral Nicotine","Nicotine Pouches","Premium","30-pack","Oral"
"FUR-FU-10003804","ONP-VAR-275930","Oral Nicotine","Nicotine Pouches","Value","Multi-pack","Oral"
"FUR-FU-10003806","ONP-VAR-271564","Oral Nicotine","Nicotine Pouches","Core","Multi-pack","Oral"
"FUR-FU-10003826","ONP-VAR-065610","Oral Nicotine","Nicotine Pouches","Premium","20-pack","Oral"
"FUR-FU-10003829","ONP-VAR-282150","Oral Nicotine","Nicotine Pouches","Premium","10-pack","Oral"
"FUR-FU-10003832","ONP-VAR-239268","Oral Nicotine","Nicotine Pouches","Premium","20-pack","Oral"
"FUR-FU-10003849","ONP-VAR-313671","Oral Nicotine","Nicotine Pouches","Premium","30-pack","Oral"
"FUR-FU-10003855","ONP-VAR-231283","Oral Nicotine","Nicotine Pouches","Core","10-pack","Oral"
"FUR-FU-10003862","ONP-VAR-796657","Oral Nicotine","Nicotine Pouches","Core","10-pack","Oral"
"FUR-FU-10003874","ONP-VAR-114600","Oral Nicotine","Nicotine Pouches","Premium","10-pack","Oral"
"FUR-FU-10003878","ONP-VAR-799768","Oral Nicotine","Nicotine Pouches","Core","Multi-pack","Oral"
"FUR-FU-10003879","ONP-VAR-623595","Oral Nicotine","Nicotine Pouches","Premium","20-pack","Oral"
"FUR-FU-10003886","ONP-VAR-835461","Oral Nicotine","Nicotine Pouches","Premium","Multi-pack","Oral"
"FUR-FU-10003901","ONP-VAR-661402","Oral Nicotine","Nicotine Pouches","Core","Multi-pack","Oral"
"FUR-FU-10003910","ONP-VAR-081609","Oral Nicotine","Nicotine Pouches","Premium","10-pack","Oral"
"FUR-FU-10003918","ONP-VAR-424750","Oral Nicotine","Nicotine Pouches","Core","30-pack","Oral"
"FUR-FU-10003919","ONP-VAR-269506","Oral Nicotine","Nicotine Pouches","Core","10-pack","Oral"
"FUR-FU-10003930","ONP-VAR-921038","Oral Nicotine","Nicotine Pouches","Value","30-pack","Oral"
"FUR-FU-10003939","ONP-VAR-050815","Oral Nicotine","Nicotine Pouches","Core","30-pack","Oral"
"FUR-FU-10003960","ONP-VAR-986534","Oral Nicotine","Nicotine Pouches","Value","Multi-pack","Oral"
"FUR-FU-10003970","ONP-VAR-285031","Oral Nicotine","Nicotine Pouches","Core","30-pack","Oral"
"FUR-FU-10003975","ONP-VAR-232646","Oral Nicotine","Nicotine Pouches","Value","20-pack","Oral"
"FUR-FU-10003976","ONP-VAR-193099","Oral Nicotine","Nicotine Pouches","Core","Multi-pack","Oral"
"FUR-FU-10003981","ONP-VAR-917846","Oral Nicotine","Nicotine Pouches","Value","Multi-pack","Oral"
"FUR-FU-10003986","ONP-VAR-612977","Oral Nicotine","Nicotine Pouches","Value","10-pack","Oral"
"FUR-FU-10004006","ONP-VAR-982328","Oral Nicotine","Nicotine Pouches","Value","30-pack","Oral"
"FUR-FU-10004013","ONP-VAR-765433","Oral Nicotine","Nicotine Pouches","Core","10-pack","Oral"
"FUR-FU-10004015","ONP-VAR-639604","Oral Nicotine","Nicotine Pouches","Core","20-pack","Oral"
"FUR-FU-10004017","ONP-VAR-749166","Oral Nicotine","Nicotine Pouches","Premium","20-pack","Oral"
"FUR-FU-10004018","ONP-VAR-185319","Oral Nicotine","Nicotine Pouches","Premium","10-pack","Oral"
"FUR-FU-10004019","ONP-VAR-481104","Oral Nicotine","Nicotine Pouches","Premium","30-pack","Oral"
"FUR-FU-10004020","ONP-VAR-644135","Oral Nicotine","Nicotine Pouches","Value","20-pack","Oral"
"FUR-FU-10004031","ONP-VAR-867832","Oral Nicotine","Nicotine Pouches","Core","30-pack","Oral"
"FUR-FU-10004049","ONP-VAR-664764","Oral Nicotine","Nicotine Pouches","Premium","Multi-pack","Oral"
"FUR-FU-10004053","ONP-VAR-629446","Oral Nicotine","Nicotine Pouches","Core","10-pack","Oral"
"FUR-FU-10004064","ONP-VAR-358124","Oral Nicotine","Nicotine Pouches","Value","10-pack","Oral"
"FUR-FU-10004071","ONP-VAR-707301","Oral Nicotine","Nicotine Pouches","Premium","30-pack","Oral"
"FUR-FU-10004074","ONP-VAR-422646","Oral Nicotine","Nicotine Pouches","Premium","20-pack","Oral"
"FUR-FU-10004090","ONP-VAR-974195","Oral Nicotine","Nicotine Pouches","Value","30-pack","Oral"
"FUR-FU-10004091","ONP-VAR-719564","Oral Nicotine","Nicotine Pouches","Value","10-pack","Oral"
"FUR-FU-10004093","ONP-VAR-540551","Oral Nicotine","Nicotine Pouches","Value","10-pack","Oral"
"FUR-FU-10004095","ONP-VAR-936386","Oral Nicotine","Nicotine Pouches","Value","20-pack","Oral"
"FUR-FU-10004096","ONP-VAR-463492","Oral Nicotine","Nicotine Pouches","Core","Multi-pack","Oral"
"FUR-FU-10004097","ONP-VAR-987652","Oral Nicotine","Nicotine Pouches","Core","20-pack","Oral"
"FUR-FU-10004117","ONP-VAR-063784","Oral Nicotine","Nicotine Pouches","Core","30-pack","Oral"
"FUR-FU-10004137","ONP-VAR-113646","Oral Nicotine","Nicotine Pouches","Premium","10-pack","Oral"
"FUR-FU-10004139","ONP-VAR-123458","Oral Nicotine","Nicotine Pouches","Value","Multi-pack","Oral"
"FUR-FU-10004152","ONP-VAR-735038","Oral Nicotine","Nicotine Pouches","Value","20-pack","Oral"
"FUR-FU-10004158","ONP-VAR-035934","Oral Nicotine","Nicotine Pouches","Premium","Multi-pack","Oral"
"FUR-FU-10004164","ONP-VAR-095176","Oral Nicotine","Nicotine Pouches","Core","Multi-pack","Oral"
"FUR-FU-10004181","ONP-VAR-016818","Oral Nicotine","Nicotine Pouches","Premium","30-pack","Oral"
"FUR-FU-10004182","ONP-VAR-673496","Oral Nicotine","Nicotine Pouches","Value","10-pack","Oral"
"FUR-FU-10004188","ONP-VAR-953734","Oral Nicotine","Nicotine Pouches","Core","30-pack","Oral"
"FUR-FU-10004224","ONP-VAR-983382","Oral Nicotine","Nicotine Pouches","Premium","30-pack","Oral"
"FUR-FU-10004236","ONP-VAR-979831","Oral Nicotine","Nicotine Pouches","Core","Multi-pack","Oral"
"FUR-FU-10004241","ONP-VAR-642152","Oral Nicotine","Nicotine Pouches","Value","Multi-pack","Oral"
"FUR-FU-10004245","ONP-VAR-840600","Oral Nicotine","Nicotine Pouches","Premium","30-pack","Oral"
"FUR-FU-10004270","ONP-VAR-802366","Oral Nicotine","Nicotine Pouches","Core","30-pack","Oral"
"FUR-FU-10004281","ONP-VAR-847968","Oral Nicotine","Nicotine Pouches","Premium","Multi-pack","Oral"
"FUR-FU-10004283","ONP-VAR-959332","Oral Nicotine","Nicotine Pouches","Core","Multi-pack","Oral"
"FUR-FU-10004288","ONP-VAR-966188","Oral Nicotine","Nicotine Pouches","Value","Multi-pack","Oral"
"FUR-FU-10004289","ONP-VAR-308733","Oral Nicotine","Nicotine Pouches","Premium","20-pack","Oral"
"FUR-FU-10004306","ONP-VAR-080396","Oral Nicotine","Nicotine Pouches","Value","Multi-pack","Oral"
"FUR-FU-10004313","ONP-VAR-315717","Oral Nicotine","Nicotine Pouches","Premium","20-pack","Oral"
"FUR-FU-10004338","ONP-VAR-326121","Oral Nicotine","Nicotine Pouches","Premium","Multi-pack","Oral"
"FUR-FU-10004339","ONP-VAR-758421","Oral Nicotine","Nicotine Pouches","Premium","20-pack","Oral"
"FUR-FU-10004351","ONP-VAR-111346","Oral Nicotine","Nicotine Pouches","Core","20-pack","Oral"
"FUR-FU-10004415","ONP-VAR-120548","Oral Nicotine","Nicotine Pouches","Value","20-pack","Oral"
"FUR-FU-10004421","ONP-VAR-983549","Oral Nicotine","Nicotine Pouches","Value","Multi-pack","Oral"
"FUR-FU-10004422","ONP-VAR-975874","Oral Nicotine","Nicotine Pouches","Core","20-pack","Oral"
"FUR-FU-10004427","ONP-VAR-267056","Oral Nicotine","Nicotine Pouches","Value","30-pack","Oral"
"FUR-FU-10004450","ONP-VAR-284668","Oral Nicotine","Nicotine Pouches","Core","30-pack","Oral"
"FUR-FU-10004458","ONP-VAR-636565","Oral Nicotine","Nicotine Pouches","Core","10-pack","Oral"
"FUR-FU-10004459","ONP-VAR-416869","Oral Nicotine","Nicotine Pouches","Core","30-pack","Oral"
"FUR-FU-10004460","ONP-VAR-933039","Oral Nicotine","Nicotine Pouches","Premium","20-pack","Oral"
"FUR-FU-10004462","ONP-VAR-450608","Oral Nicotine","Nicotine Pouches","Value","20-pack","Oral"
"FUR-FU-10004464","ONP-VAR-920827","Oral Nicotine","Nicotine Pouches","Core","10-pack","Oral"
"FUR-FU-10004474","ONP-VAR-594277","Oral Nicotine","Nicotine Pouches","Core","20-pack","Oral"
"FUR-FU-10004483","ONP-VAR-247655","Oral Nicotine","Nicotine Pouches","Value","20-pack","Oral"
"FUR-FU-10004497","ONP-VAR-012486","Oral Nicotine","Nicotine Pouches","Premium","20-pack","Oral"
"FUR-FU-10004503","ONP-VAR-796011","Oral Nicotine","Nicotine Pouches","Premium","30-pack","Oral"
"FUR-FU-10004509","ONP-VAR-883288","Oral Nicotine","Nicotine Pouches","Core","10-pack","Oral"
"FUR-FU-10004516","ONP-VAR-742661","Oral Nicotine","Nicotine Pouches","Value","10-pack","Oral"
"FUR-FU-10004527","ONP-VAR-603135","Oral Nicotine","Nicotine Pouches","Premium","20-pack","Oral"
"FUR-FU-10004549","ONP-VAR-260751","Oral Nicotine","Nicotine Pouches","Premium","10-pack","Oral"
"FUR-FU-10004579","ONP-VAR-520281","Oral Nicotine","Nicotine Pouches","Premium","Multi-pack","Oral"
"FUR-FU-10004586","ONP-VAR-005216","Oral Nicotine","Nicotine Pouches","Value","20-pack","Oral"
"FUR-FU-10004587","ONP-VAR-306408","Oral Nicotine","Nicotine Pouches","Premium","Multi-pack","Oral"
"FUR-FU-10004596","ONP-VAR-679168","Oral Nicotine","Nicotine Pouches","Core","10-pack","Oral"
"FUR-FU-10004597","ONP-VAR-923086","Oral Nicotine","Nicotine Pouches","Core","30-pack","Oral"
"FUR-FU-10004598","ONP-VAR-227012","Oral Nicotine","Nicotine Pouches","Value","Multi-pack","Oral"
"FUR-FU-10004604","ONP-VAR-761811","Oral Nicotine","Nicotine Pouches","Premium","10-pack","Oral"
"FUR-FU-10004608","ONP-VAR-882640","Oral Nicotine","Nicotine Pouches","Core","Multi-pack","Oral"
"FUR-FU-10004614","ONP-VAR-655160","Oral Nicotine","Nicotine Pouches","Value","20-pack","Oral"
"FUR-FU-10004617","ONP-VAR-185116","Oral Nicotine","Nicotine Pouches","Core","Multi-pack","Oral"
"FUR-FU-10004619","ONP-VAR-413507","Oral Nicotine","Nicotine Pouches","Value","10-pack","Oral"
"FUR-FU-10004622","ONP-VAR-610778","Oral Nicotine","Nicotine Pouches","Value","Multi-pack","Oral"
"FUR-FU-10004640","ONP-VAR-773149","Oral Nicotine","Nicotine Pouches","Core","20-pack","Oral"
"FUR-FU-10004665","ONP-VAR-505225","Oral Nicotine","Nicotine Pouches","Core","10-pack","Oral"
"FUR-FU-10004666","ONP-VAR-342322","Oral Nicotine","Nicotine Pouches","Core","30-pack","Oral"
"FUR-FU-10004671","ONP-VAR-008168","Oral Nicotine","Nicotine Pouches","Value","10-pack","Oral"
"FUR-FU-10004689","ONP-VAR-360550","Oral Nicotine","Nicotine Pouches","Core","20-pack","Oral"
"FUR-FU-10004704","ONP-VAR-595615","Oral Nicotine","Nicotine Pouches","Core","Multi-pack","Oral"
"FUR-FU-10004712","ONP-VAR-937701","Oral Nicotine","Nicotine Pouches","Premium","Multi-pack","Oral"
"FUR-FU-10004730","ONP-VAR-732453","Oral Nicotine","Nicotine Pouches","Premium","20-pack","Oral"
"FUR-FU-10004748","ONP-VAR-967657","Oral Nicotine","Nicotine Pouches","Core","10-pack","Oral"
"FUR-FU-10004778","ONP-VAR-647746","Oral Nicotine","Nicotine Pouches","Core","Multi-pack","Oral"
"FUR-FU-10004780","ONP-VAR-247659","Oral Nicotine","Nicotine Pouches","Premium","30-pack","Oral"
"FUR-FU-10004787","ONP-VAR-828887","Oral Nicotine","Nicotine Pouches","Value","20-pack","Oral"
"FUR-FU-10004790","ONP-VAR-853889","Oral Nicotine","Nicotine Pouches","Value","Multi-pack","Oral"
"FUR-FU-10004797","ONP-VAR-008096","Oral Nicotine","Nicotine Pouches","Value","10-pack","Oral"
"FUR-FU-10004800","ONP-VAR-883329","Oral Nicotine","Nicotine Pouches","Premium","Multi-pack","Oral"
"FUR-FU-10004811","ONP-VAR-108250","Oral Nicotine","Nicotine Pouches","Core","10-pack","Oral"
"FUR-FU-10004816","ONP-VAR-999433","Oral Nicotine","Nicotine Pouches","Core","Multi-pack","Oral"
"FUR-FU-10004820","ONP-VAR-475715","Oral Nicotine","Nicotine Pouches","Value","20-pack","Oral"
"FUR-FU-10004823","ONP-VAR-949125","Oral Nicotine","Nicotine Pouches","Premium","Multi-pack","Oral"
"FUR-FU-10004842","ONP-VAR-985875","Oral Nicotine","Nicotine Pouches","Premium","Multi-pack","Oral"
"FUR-FU-10004845","ONP-VAR-284742","Oral Nicotine","Nicotine Pouches","Premium","10-pack","Oral"
"FUR-FU-10004848","ONP-VAR-116846","Oral Nicotine","Nicotine Pouches","Value","20-pack","Oral"
"FUR-FU-10004864","ONP-VAR-950164","Oral Nicotine","Nicotine Pouches","Core","10-pack","Oral"
"FUR-FU-10004876","ONP-VAR-953511","Oral Nicotine","Nicotine Pouches","Premium","20-pack","Oral"
"FUR-FU-10004888","ONP-VAR-934330","Oral Nicotine","Nicotine Pouches","Core","20-pack","Oral"
"FUR-FU-10004903","ONP-VAR-947610","Oral Nicotine","Nicotine Pouches","Premium","30-pack","Oral"
"FUR-FU-10004904","ONP-VAR-361013","Oral Nicotine","Nicotine Pouches","Value","20-pack","Oral"
"FUR-FU-10004907","ONP-VAR-918113","Oral Nicotine","Nicotine Pouches","Value","Multi-pack","Oral"
"FUR-FU-10004909","ONP-VAR-055998","Oral Nicotine","Nicotine Pouches","Premium","10-pack","Oral"
"FUR-FU-10004915","ONP-VAR-832001","Oral Nicotine","Nicotine Pouches","Value","30-pack","Oral"
"FUR-FU-10004923","ONP-VAR-424067","Oral Nicotine","Nicotine Pouches","Value","10-pack","Oral"
"FUR-FU-10004952","ONP-VAR-428074","Oral Nicotine","Nicotine Pouches","Core","20-pack","Oral"
"FUR-FU-10004954","ONP-VAR-735218","Oral Nicotine","Nicotine Pouches","Value","10-pack","Oral"
"FUR-FU-10004955","ONP-VAR-816003","Oral Nicotine","Nicotine Pouches","Premium","30-pack","Oral"
"FUR-FU-10004960","ONP-VAR-032793","Oral Nicotine","Nicotine Pouches","Premium","30-pack","Oral"
"FUR-FU-10004963","ONP-VAR-108826","Oral Nicotine","Nicotine Pouches","Core","10-pack","Oral"
"FUR-FU-10004973","ONP-VAR-702173","Oral Nicotine","Nicotine Pouches","Value","20-pack","Oral"
"FUR-FU-10004995","ONP-VAR-963719","Oral Nicotine","Nicotine Pouches","Value","30-pack","Oral"
"FUR-FU-10004998","ONP-VAR-330481","Oral Nicotine","Nicotine Pouches","Core","Multi-pack","Oral"
"FUR-HAR-10000100","ONP-VAR-131902","Oral Nicotine","Nicotine Pouches","Core","30-pack","Oral"
"FUR-HAR-10000334","ONP-VAR-367116","Oral Nicotine","Nicotine Pouches","Premium","30-pack","Oral"
"FUR-HAR-10000441","ONP-VAR-731078","Oral Nicotine","Nicotine Pouches","Value","Multi-pack","Oral"
"FUR-HAR-10000870","ONP-VAR-495136","Oral Nicotine","Nicotine Pouches","Core","30-pack","Oral"
"FUR-HAR-10001089","ONP-VAR-403552","Oral Nicotine","Nicotine Pouches","Core","10-pack","Oral"
"FUR-HAR-10001144","ONP-VAR-948780","Oral Nicotine","Nicotine Pouches","Premium","30-pack","Oral"
"FUR-HAR-10001374","ONP-VAR-888575","Oral Nicotine","Nicotine Pouches","Value","Multi-pack","Oral"
"FUR-HAR-10001792","ONP-VAR-642447","Oral Nicotine","Nicotine Pouches","Premium","10-pack","Oral"
"FUR-HAR-10002178","ONP-VAR-531538","Oral Nicotine","Nicotine Pouches","Core","10-pack","Oral"
"FUR-HAR-10002223","ONP-VAR-876323","Oral Nicotine","Nicotine Pouches","Value","10-pack","Oral"
"FUR-HAR-10002288","ONP-VAR-681210","Oral Nicotine","Nicotine Pouches","Premium","30-pack","Oral"
"FUR-HAR-10002328","ONP-VAR-422995","Oral Nicotine","Nicotine Pouches","Core","Multi-pack","Oral"
"FUR-HAR-10002546","ONP-VAR-806776","Oral Nicotine","Nicotine Pouches","Core","10-pack","Oral"
"FUR-HAR-10002632","ONP-VAR-158915","Oral Nicotine","Nicotine Pouches","Value","Multi-pack","Oral"
"FUR-HAR-10002697","ONP-VAR-754366","Oral Nicotine","Nicotine Pouches","Core","30-pack","Oral"
"FUR-HAR-10002873","ONP-VAR-742638","Oral Nicotine","Nicotine Pouches","Premium","Multi-pack","Oral"
"FUR-HAR-10003124","ONP-VAR-275029","Oral Nicotine","Nicotine Pouches","Core","Multi-pack","Oral"
"FUR-HAR-10003548","ONP-VAR-537997","Oral Nicotine","Nicotine Pouches","Core","30-pack","Oral"
"FUR-HAR-10003770","ONP-VAR-821329","Oral Nicotine","Nicotine Pouches","Core","20-pack","Oral"
"FUR-HAR-10004086","ONP-VAR-828494","Oral Nicotine","Nicotine Pouches","Value","Multi-pack","Oral"
"FUR-HAR-10004129","ONP-VAR-602743","Oral Nicotine","Nicotine Pouches","Core","Multi-pack","Oral"
"FUR-HAR-10004593","ONP-VAR-084526","Oral Nicotine","Nicotine Pouches","Core","30-pack","Oral"
"FUR-HAR-10004726","ONP-VAR-795883","Oral Nicotine","Nicotine Pouches","Core","10-pack","Oral"
"FUR-HON-10000029","ONP-VAR-471085","Oral Nicotine","Nicotine Pouches","Core","Multi-pack","Oral"
"FUR-HON-10000103","ONP-VAR-680760","Oral Nicotine","Nicotine Pouches","Premium","10-pack","Oral"
"FUR-HON-10000191","ONP-VAR-409506","Oral Nicotine","Nicotine Pouches","Premium","20-pack","Oral"
"FUR-HON-10000224","ONP-VAR-214257","Oral Nicotine","Nicotine Pouches","Premium","10-pack","Oral"
"FUR-HON-10000339","ONP-VAR-619130","Oral Nicotine","Nicotine Pouches","Value","Multi-pack","Oral"
"FUR-HON-10000344","ONP-VAR-609624","Oral Nicotine","Nicotine Pouches","Premium","20-pack","Oral"
"FUR-HON-10000722","ONP-VAR-751907","Oral Nicotine","Nicotine Pouches","Value","30-pack","Oral"
"FUR-HON-10001015","ONP-VAR-772501","Oral Nicotine","Nicotine Pouches","Core","30-pack","Oral"
"FUR-HON-10001343","ONP-VAR-185231","Oral Nicotine","Nicotine Pouches","Value","Multi-pack","Oral"
"FUR-HON-10001504","ONP-VAR-739862","Oral Nicotine","Nicotine Pouches","Value","30-pack","Oral"
"FUR-HON-10001558","ONP-VAR-511828","Oral Nicotine","Nicotine Pouches","Core","10-pack","Oral"
"FUR-HON-10001622","ONP-VAR-475896","Oral Nicotine","Nicotine Pouches","Premium","10-pack","Oral"
"FUR-HON-10001627","ONP-VAR-743095","Oral Nicotine","Nicotine Pouches","Core","Multi-pack","Oral"
"FUR-HON-10001689","ONP-VAR-705398","Oral Nicotine","Nicotine Pouches","Value","30-pack","Oral"
"FUR-HON-10001776","ONP-VAR-540458","Oral Nicotine","Nicotine Pouches","Value","Multi-pack","Oral"
"FUR-HON-10001847","ONP-VAR-118477","Oral Nicotine","Nicotine Pouches","Core","Multi-pack","Oral"
"FUR-HON-10001851","ONP-VAR-468000","Oral Nicotine","Nicotine Pouches","Premium","Multi-pack","Oral"
"FUR-HON-10001960","ONP-VAR-286928","Oral Nicotine","Nicotine Pouches","Value","20-pack","Oral"
"FUR-HON-10002424","ONP-VAR-085891","Oral Nicotine","Nicotine Pouches","Core","20-pack","Oral"
"FUR-HON-10002570","ONP-VAR-629424","Oral Nicotine","Nicotine Pouches","Premium","30-pack","Oral"
"FUR-HON-10002599","ONP-VAR-246752","Oral Nicotine","Nicotine Pouches","Value","10-pack","Oral"
"FUR-HON-10002837","ONP-VAR-139917","Oral Nicotine","Nicotine Pouches","Premium","30-pack","Oral"
"FUR-HON-10002941","ONP-VAR-582451","Oral Nicotine","Nicotine Pouches","Core","Multi-pack","Oral"
"FUR-HON-10003080","ONP-VAR-602582","Oral Nicotine","Nicotine Pouches","Value","Multi-pack","Oral"
"FUR-HON-10003137","ONP-VAR-687136","Oral Nicotine","Nicotine Pouches","Core","10-pack","Oral"
"FUR-HON-10003412","ONP-VAR-962950","Oral Nicotine","Nicotine Pouches","Core","30-pack","Oral"
"FUR-HON-10003533","ONP-VAR-877531","Oral Nicotine","Nicotine Pouches","Core","20-pack","Oral"
"FUR-HON-10003593","ONP-VAR-805445","Oral Nicotine","Nicotine Pouches","Value","Multi-pack","Oral"
"FUR-HON-10003653","ONP-VAR-023421","Oral Nicotine","Nicotine Pouches","Premium","30-pack","Oral"
"FUR-HON-10003871","ONP-VAR-036111","Oral Nicotine","Nicotine Pouches","Premium","30-pack","Oral"
"FUR-HON-10003950","ONP-VAR-936206","Oral Nicotine","Nicotine Pouches","Value","20-pack","Oral"
"FUR-HON-10004137","ONP-VAR-997211","Oral Nicotine","Nicotine Pouches","Value","20-pack","Oral"
"FUR-HON-10004632","ONP-VAR-106265","Oral Nicotine","Nicotine Pouches","Value","Multi-pack","Oral"
"FUR-HON-10004932","ONP-VAR-676732","Oral Nicotine","Nicotine Pouches","Core","30-pack","Oral"
"FUR-HON-10004987","ONP-VAR-407878","Oral Nicotine","Nicotine Pouches","Core","30-pack","Oral"
"FUR-IKE-10000521","ONP-VAR-087329","Oral Nicotine","Nicotine Pouches","Value","10-pack","Oral"
"FUR-IKE-10000619","ONP-VAR-525349","Oral Nicotine","Nicotine Pouches","Core","10-pack","Oral"
"FUR-IKE-10000649","ONP-VAR-540281","Oral Nicotine","Nicotine Pouches","Value","20-pack","Oral"
"FUR-IKE-10001301","ONP-VAR-445339","Oral Nicotine","Nicotine Pouches","Core","20-pack","Oral"
"FUR-IKE-10001312","ONP-VAR-885089","Oral Nicotine","Nicotine Pouches","Value","30-pack","Oral"
"FUR-IKE-10001539","ONP-VAR-506105","Oral Nicotine","Nicotine Pouches","Value","30-pack","Oral"
"FUR-IKE-10002147","ONP-VAR-515762","Oral Nicotine","Nicotine Pouches","Value","10-pack","Oral"
"FUR-IKE-10002268","ONP-VAR-902643","Oral Nicotine","Nicotine Pouches","Premium","30-pack","Oral"
"FUR-IKE-10002509","ONP-VAR-518133","Oral Nicotine","Nicotine Pouches","Premium","Multi-pack","Oral"
"FUR-IKE-10002719","ONP-VAR-514946","Oral Nicotine","Nicotine Pouches","Value","10-pack","Oral"
"FUR-IKE-10002894","ONP-VAR-860147","Oral Nicotine","Nicotine Pouches","Value","10-pack","Oral"
"FUR-IKE-10003015","ONP-VAR-840524","Oral Nicotine","Nicotine Pouches","Value","Multi-pack","Oral"
"FUR-IKE-10003053","ONP-VAR-296069","Oral Nicotine","Nicotine Pouches","Value","30-pack","Oral"
"FUR-IKE-10003251","ONP-VAR-307288","Oral Nicotine","Nicotine Pouches","Core","10-pack","Oral"
"FUR-IKE-10003262","ONP-VAR-096972","Oral Nicotine","Nicotine Pouches","Premium","20-pack","Oral"
"FUR-IKE-10003576","ONP-VAR-672423","Oral Nicotine","Nicotine Pouches","Premium","10-pack","Oral"
"FUR-IKE-10003642","ONP-VAR-711396","Oral Nicotine","Nicotine Pouches","Premium","Multi-pack","Oral"
"FUR-IKE-10003682","ONP-VAR-799544","Oral Nicotine","Nicotine Pouches","Value","Multi-pack","Oral"
"FUR-IKE-10003771","ONP-VAR-139427","Oral Nicotine","Nicotine Pouches","Value","20-pack","Oral"
"FUR-IKE-10003796","ONP-VAR-229739","Oral Nicotine","Nicotine Pouches","Value","10-pack","Oral"
"FUR-IKE-10004160","ONP-VAR-847373","Oral Nicotine","Nicotine Pouches","Value","20-pack","Oral"
"FUR-IKE-10004815","ONP-VAR-108844","Oral Nicotine","Nicotine Pouches","Core","30-pack","Oral"
"FUR-IKE-10004853","ONP-VAR-655169","Oral Nicotine","Nicotine Pouches","Value","Multi-pack","Oral"
"FUR-LES-10000488","ONP-VAR-804429","Oral Nicotine","Nicotine Pouches","Premium","10-pack","Oral"
"FUR-LES-10000874","ONP-VAR-787839","Oral Nicotine","Nicotine Pouches","Premium","10-pack","Oral"
"FUR-LES-10000904","ONP-VAR-700785","Oral Nicotine","Nicotine Pouches","Premium","10-pack","Oral"
"FUR-LES-10002026","ONP-VAR-586371","Oral Nicotine","Nicotine Pouches","Premium","30-pack","Oral"
"FUR-LES-10002613","ONP-VAR-276218","Oral Nicotine","Nicotine Pouches","Value","10-pack","Oral"
"FUR-LES-10002616","ONP-VAR-082426","Oral Nicotine","Nicotine Pouches","Core","Multi-pack","Oral"
"FUR-LES-10002852","ONP-VAR-593528","Oral Nicotine","Nicotine Pouches","Value","10-pack","Oral"
"FUR-LES-10003082","ONP-VAR-181846","Oral Nicotine","Nicotine Pouches","Core","10-pack","Oral"
"FUR-LES-10003538","ONP-VAR-799554","Oral Nicotine","Nicotine Pouches","Premium","30-pack","Oral"
"FUR-LES-10004098","ONP-VAR-193324","Oral Nicotine","Nicotine Pouches","Core","30-pack","Oral"
"FUR-LES-10004420","ONP-VAR-892317","Oral Nicotine","Nicotine Pouches","Premium","Multi-pack","Oral"
"FUR-LES-10004886","ONP-VAR-208296","Oral Nicotine","Nicotine Pouches","Premium","10-pack","Oral"
"FUR-NOV-10000123","ONP-VAR-833307","Oral Nicotine","Nicotine Pouches","Premium","30-pack","Oral"
"FUR-NOV-10000222","ONP-VAR-388527","Oral Nicotine","Nicotine Pouches","Premium","20-pack","Oral"
"FUR-NOV-10000283","ONP-VAR-703791","Oral Nicotine","Nicotine Pouches","Premium","20-pack","Oral"
"FUR-NOV-10000323","ONP-VAR-163173","Oral Nicotine","Nicotine Pouches","Premium","10-pack","Oral"
"FUR-NOV-10000669","ONP-VAR-959440","Oral Nicotine","Nicotine Pouches","Core","20-pack","Oral"
"FUR-NOV-10000847","ONP-VAR-474897","Oral Nicotine","Nicotine Pouches","Premium","30-pack","Oral"
"FUR-NOV-10001972","ONP-VAR-076758","Oral Nicotine","Nicotine Pouches","Premium","10-pack","Oral"
"FUR-NOV-10002107","ONP-VAR-747649","Oral Nicotine","Nicotine Pouches","Core","30-pack","Oral"
"FUR-NOV-10002333","ONP-VAR-591936","Oral Nicotine","Nicotine Pouches","Premium","30-pack","Oral"
"FUR-NOV-10002453","ONP-VAR-469717","Oral Nicotine","Nicotine Pouches","Core","20-pack","Oral"
"FUR-NOV-10002655","ONP-VAR-443220","Oral Nicotine","Nicotine Pouches","Premium","30-pack","Oral"
"FUR-NOV-10002791","ONP-VAR-425983","Oral Nicotine","Nicotine Pouches","Core","10-pack","Oral"
"FUR-NOV-10002911","ONP-VAR-819452","Oral Nicotine","Nicotine Pouches","Value","30-pack","Oral"
"FUR-NOV-10002939","ONP-VAR-797892","Oral Nicotine","Nicotine Pouches","Premium","30-pack","Oral"
"FUR-NOV-10003053","ONP-VAR-787743","Oral Nicotine","Nicotine Pouches","Premium","10-pack","Oral"
"FUR-NOV-10003195","ONP-VAR-431744","Oral Nicotine","Nicotine Pouches","Value","30-pack","Oral"
"FUR-NOV-10003257","ONP-VAR-587836","Oral Nicotine","Nicotine Pouches","Core","Multi-pack","Oral"
"FUR-NOV-10003754","ONP-VAR-462909","Oral Nicotine","Nicotine Pouches","Premium","30-pack","Oral"
"FUR-NOV-10004003","ONP-VAR-671749","Oral Nicotine","Nicotine Pouches","Core","10-pack","Oral"
"FUR-NOV-10004563","ONP-VAR-711736","Oral Nicotine","Nicotine Pouches","Core","20-pack","Oral"
"FUR-NOV-10004602","ONP-VAR-614357","Oral Nicotine","Nicotine Pouches","Value","10-pack","Oral"
"FUR-NOV-10004925","ONP-VAR-493233","Oral Nicotine","Nicotine Pouches","Premium","10-pack","Oral"
"FUR-NOV-10004962","ONP-VAR-560455","Oral Nicotine","Nicotine Pouches","Core","Multi-pack","Oral"
"FUR-OFF-10000303","ONP-VAR-732033","Oral Nicotine","Nicotine Pouches","Premium","10-pack","Oral"
"FUR-OFF-10000344","ONP-VAR-443997","Oral Nicotine","Nicotine Pouches","Premium","Multi-pack","Oral"
"FUR-OFF-10001125","ONP-VAR-037238","Oral Nicotine","Nicotine Pouches","Value","10-pack","Oral"
"FUR-OFF-10001132","ONP-VAR-908334","Oral Nicotine","Nicotine Pouches","Premium","30-pack","Oral"
"FUR-OFF-10001187","ONP-VAR-124480","Oral Nicotine","Nicotine Pouches","Core","30-pack","Oral"
"FUR-OFF-10001224","ONP-VAR-807674","Oral Nicotine","Nicotine Pouches","Value","Multi-pack","Oral"
"FUR-OFF-10001552","ONP-VAR-777324","Oral Nicotine","Nicotine Pouches","Premium","10-pack","Oral"
"FUR-OFF-10001661","ONP-VAR-207880","Oral Nicotine","Nicotine Pouches","Core","10-pack","Oral"
"FUR-OFF-10001798","ONP-VAR-960914","Oral Nicotine","Nicotine Pouches","Value","10-pack","Oral"
"FUR-OFF-10002330","ONP-VAR-217324","Oral Nicotine","Nicotine Pouches","Core","30-pack","Oral"
"FUR-OFF-10002395","ONP-VAR-320359","Oral Nicotine","Nicotine Pouches","Core","Multi-pack","Oral"
"FUR-OFF-10002486","ONP-VAR-780910","Oral Nicotine","Nicotine Pouches","Core","20-pack","Oral"
"FUR-OFF-10002511","ONP-VAR-215591","Oral Nicotine","Nicotine Pouches","Value","10-pack","Oral"
"FUR-OFF-10002542","ONP-VAR-428095","Oral Nicotine","Nicotine Pouches","Core","Multi-pack","Oral"
"FUR-OFF-10002740","ONP-VAR-915822","Oral Nicotine","Nicotine Pouches","Premium","20-pack","Oral"
"FUR-OFF-10003019","ONP-VAR-351065","Oral Nicotine","Nicotine Pouches","Value","10-pack","Oral"
"FUR-OFF-10003104","ONP-VAR-385929","Oral Nicotine","Nicotine Pouches","Premium","Multi-pack","Oral"
"FUR-OFF-10003688","ONP-VAR-996368","Oral Nicotine","Nicotine Pouches","Value","20-pack","Oral"
"FUR-OFF-10003703","ONP-VAR-530418","Oral Nicotine","Nicotine Pouches","Premium","30-pack","Oral"
"FUR-OFF-10003713","ONP-VAR-755763","Oral Nicotine","Nicotine Pouches","Premium","Multi-pack","Oral"
"FUR-OFF-10004214","ONP-VAR-280152","Oral Nicotine","Nicotine Pouches","Premium","30-pack","Oral"
"FUR-OFF-10004495","ONP-VAR-822855","Oral Nicotine","Nicotine Pouches","Premium","30-pack","Oral"
"FUR-OFF-10004824","ONP-VAR-907965","Oral Nicotine","Nicotine Pouches","Premium","Multi-pack","Oral"
"FUR-RUB-10000501","ONP-VAR-855276","Oral Nicotine","Nicotine Pouches","Premium","10-pack","Oral"
"FUR-RUB-10000958","ONP-VAR-059845","Oral Nicotine","Nicotine Pouches","Core","20-pack","Oral"
"FUR-RUB-10001094","ONP-VAR-853263","Oral Nicotine","Nicotine Pouches","Premium","10-pack","Oral"
"FUR-RUB-10001190","ONP-VAR-187088","Oral Nicotine","Nicotine Pouches","Value","30-pack","Oral"
"FUR-RUB-10001310","ONP-VAR-671505","Oral Nicotine","Nicotine Pouches","Premium","10-pack","Oral"
"FUR-RUB-10001380","ONP-VAR-019223","Oral Nicotine","Nicotine Pouches","Value","20-pack","Oral"
"FUR-RUB-10001484","ONP-VAR-528110","Oral Nicotine","Nicotine Pouches","Value","20-pack","Oral"
"FUR-RUB-10001704","ONP-VAR-525680","Oral Nicotine","Nicotine Pouches","Value","10-pack","Oral"
"FUR-RUB-10001717","ONP-VAR-851862","Oral Nicotine","Nicotine Pouches","Premium","Multi-pack","Oral"
"FUR-RUB-10001796","ONP-VAR-007620","Oral Nicotine","Nicotine Pouches","Premium","20-pack","Oral"
"FUR-RUB-10002021","ONP-VAR-890314","Oral Nicotine","Nicotine Pouches","Core","30-pack","Oral"
"FUR-RUB-10002067","ONP-VAR-327301","Oral Nicotine","Nicotine Pouches","Core","Multi-pack","Oral"
"FUR-RUB-10002507","ONP-VAR-157645","Oral Nicotine","Nicotine Pouches","Core","30-pack","Oral"
"FUR-RUB-10002817","ONP-VAR-356106","Oral Nicotine","Nicotine Pouches","Premium","10-pack","Oral"
"FUR-RUB-10002945","ONP-VAR-275989","Oral Nicotine","Nicotine Pouches","Core","30-pack","Oral"
"FUR-RUB-10003004","ONP-VAR-963197","Oral Nicotine","Nicotine Pouches","Value","30-pack","Oral"
"FUR-RUB-10003411","ONP-VAR-025587","Oral Nicotine","Nicotine Pouches","Premium","10-pack","Oral"
"FUR-RUB-10003518","ONP-VAR-632397","Oral Nicotine","Nicotine Pouches","Premium","Multi-pack","Oral"
"FUR-RUB-10003699","ONP-VAR-128362","Oral Nicotine","Nicotine Pouches","Core","10-pack","Oral"
"FUR-RUB-10003724","ONP-VAR-820207","Oral Nicotine","Nicotine Pouches","Core","20-pack","Oral"
"FUR-RUB-10004036","ONP-VAR-791344","Oral Nicotine","Nicotine Pouches","Core","10-pack","Oral"
"FUR-RUB-10004285","ONP-VAR-160248","Oral Nicotine","Nicotine Pouches","Premium","Multi-pack","Oral"
"FUR-RUB-10004420","ONP-VAR-934348","Oral Nicotine","Nicotine Pouches","Core","10-pack","Oral"
"FUR-RUB-10004633","ONP-VAR-146118","Oral Nicotine","Nicotine Pouches","Premium","20-pack","Oral"
"FUR-SAF-10000085","ONP-VAR-236619","Oral Nicotine","Nicotine Pouches","Premium","30-pack","Oral"
"FUR-SAF-10000204","ONP-VAR-882397","Oral Nicotine","Nicotine Pouches","Core","30-pack","Oral"
"FUR-SAF-10000213","ONP-VAR-339045","Oral Nicotine","Nicotine Pouches","Premium","10-pack","Oral"
"FUR-SAF-10000265","ONP-VAR-330426","Oral Nicotine","Nicotine Pouches","Premium","30-pack","Oral"
"FUR-SAF-10000351","ONP-VAR-477198","Oral Nicotine","Nicotine Pouches","Premium","Multi-pack","Oral"
"FUR-SAF-10000508","ONP-VAR-515129","Oral Nicotine","Nicotine Pouches","Value","10-pack","Oral"
"FUR-SAF-10000545","ONP-VAR-271638","Oral Nicotine","Nicotine Pouches","Premium","20-pack","Oral"
"FUR-SAF-10000565","ONP-VAR-792201","Oral Nicotine","Nicotine Pouches","Premium","Multi-pack","Oral"
"FUR-SAF-10000593","ONP-VAR-252969","Oral Nicotine","Nicotine Pouches","Premium","20-pack","Oral"
"FUR-SAF-10000607","ONP-VAR-924797","Oral Nicotine","Nicotine Pouches","Value","10-pack","Oral"
"FUR-SAF-10000678","ONP-VAR-245910","Oral Nicotine","Nicotine Pouches","Premium","30-pack","Oral"
"FUR-SAF-10000881","ONP-VAR-432538","Oral Nicotine","Nicotine Pouches","Core","Multi-pack","Oral"
"FUR-SAF-10000949","ONP-VAR-530901","Oral Nicotine","Nicotine Pouches","Premium","30-pack","Oral"
"FUR-SAF-10001136","ONP-VAR-808305","Oral Nicotine","Nicotine Pouches","Premium","20-pack","Oral"
"FUR-SAF-10001322","ONP-VAR-886981","Oral Nicotine","Nicotine Pouches","Core","Multi-pack","Oral"
"FUR-SAF-10001428","ONP-VAR-217526","Oral Nicotine","Nicotine Pouches","Value","10-pack","Oral"
"FUR-SAF-10001793","ONP-VAR-719758","Oral Nicotine","Nicotine Pouches","Core","30-pack","Oral"
"FUR-SAF-10001870","ONP-VAR-615280","Oral Nicotine","Nicotine Pouches","Core","Multi-pack","Oral"
"FUR-SAF-10001873","ONP-VAR-222548","Oral Nicotine","Nicotine Pouches","Value","20-pack","Oral"
"FUR-SAF-10001949","ONP-VAR-064084","Oral Nicotine","Nicotine Pouches","Core","Multi-pack","Oral"
"FUR-SAF-10001956","ONP-VAR-747815","Oral Nicotine","Nicotine Pouches","Value","Multi-pack","Oral"
"FUR-SAF-10002112","ONP-VAR-088275","Oral Nicotine","Nicotine Pouches","Premium","10-pack","Oral"
"FUR-SAF-10002121","ONP-VAR-842565","Oral Nicotine","Nicotine Pouches","Premium","20-pack","Oral"
"FUR-SAF-10002180","ONP-VAR-635865","Oral Nicotine","Nicotine Pouches","Premium","20-pack","Oral"
"FUR-SAF-10002253","ONP-VAR-761202","Oral Nicotine","Nicotine Pouches","Premium","Multi-pack","Oral"
"FUR-SAF-10002314","ONP-VAR-744952","Oral Nicotine","Nicotine Pouches","Core","Multi-pack","Oral"
"FUR-SAF-10002360","ONP-VAR-920367","Oral Nicotine","Nicotine Pouches","Premium","20-pack","Oral"
"FUR-SAF-10002400","ONP-VAR-173030","Oral Nicotine","Nicotine Pouches","Value","30-pack","Oral"
"FUR-SAF-10002495","ONP-VAR-783037","Oral Nicotine","Nicotine Pouches","Core","10-pack","Oral"
"FUR-SAF-10002529","ONP-VAR-694508","Oral Nicotine","Nicotine Pouches","Value","Multi-pack","Oral"
"FUR-SAF-10002557","ONP-VAR-024227","Oral Nicotine","Nicotine Pouches","Value","Multi-pack","Oral"
"FUR-SAF-10002616","ONP-VAR-511543","Oral Nicotine","Nicotine Pouches","Core","10-pack","Oral"
"FUR-SAF-10002757","ONP-VAR-436215","Oral Nicotine","Nicotine Pouches","Premium","20-pack","Oral"
"FUR-SAF-10002846","ONP-VAR-375580","Oral Nicotine","Nicotine Pouches","Core","Multi-pack","Oral"
"FUR-SAF-10002940","ONP-VAR-149868","Oral Nicotine","Nicotine Pouches","Premium","20-pack","Oral"
"FUR-SAF-10003160","ONP-VAR-687679","Oral Nicotine","Nicotine Pouches","Core","30-pack","Oral"
"FUR-SAF-10003402","ONP-VAR-090192","Oral Nicotine","Nicotine Pouches","Premium","Multi-pack","Oral"
"FUR-SAF-10003469","ONP-VAR-007497","Oral Nicotine","Nicotine Pouches","Premium","20-pack","Oral"
"FUR-SAF-10003540","ONP-VAR-370443","Oral Nicotine","Nicotine Pouches","Premium","10-pack","Oral"
"FUR-SAF-10003745","ONP-VAR-127996","Oral Nicotine","Nicotine Pouches","Core","20-pack","Oral"
"FUR-SAF-10003819","ONP-VAR-101271","Oral Nicotine","Nicotine Pouches","Premium","30-pack","Oral"
"FUR-SAF-10004173","ONP-VAR-177349","Oral Nicotine","Nicotine Pouches","Core","10-pack","Oral"
"FUR-SAF-10004252","ONP-VAR-766359","Oral Nicotine","Nicotine Pouches","Premium","20-pack","Oral"
"FUR-SAF-10004426","ONP-VAR-547015","Oral Nicotine","Nicotine Pouches","Core","20-pack","Oral"
"FUR-SAF-10004525","ONP-VAR-237839","Oral Nicotine","Nicotine Pouches","Value","10-pack","Oral"
"FUR-SAF-10004530","ONP-VAR-845223","Oral Nicotine","Nicotine Pouches","Premium","30-pack","Oral"
"FUR-SAF-10004664","ONP-VAR-059238","Oral Nicotine","Nicotine Pouches","Premium","Multi-pack","Oral"
"FUR-SAU-10000209","ONP-VAR-543821","Oral Nicotine","Nicotine Pouches","Value","10-pack","Oral"
"FUR-SAU-10000637","ONP-VAR-492667","Oral Nicotine","Nicotine Pouches","Core","10-pack","Oral"
"FUR-SAU-10000745","ONP-VAR-457354","Oral Nicotine","Nicotine Pouches","Core","10-pack","Oral"
"FUR-SAU-10000893","ONP-VAR-246120","Oral Nicotine","Nicotine Pouches","Premium","20-pack","Oral"
"FUR-SAU-10001776","ONP-VAR-994018","Oral Nicotine","Nicotine Pouches","Core","10-pack","Oral"
"FUR-SAU-10002043","ONP-VAR-439716","Oral Nicotine","Nicotine Pouches","Premium","Multi-pack","Oral"
"FUR-SAU-10002167","ONP-VAR-736935","Oral Nicotine","Nicotine Pouches","Premium","Multi-pack","Oral"
"FUR-SAU-10002255","ONP-VAR-157301","Oral Nicotine","Nicotine Pouches","Value","20-pack","Oral"
"FUR-SAU-10002331","ONP-VAR-573185","Oral Nicotine","Nicotine Pouches","Value","20-pack","Oral"
"FUR-SAU-10002540","ONP-VAR-833426","Oral Nicotine","Nicotine Pouches","Value","30-pack","Oral"
"FUR-SAU-10002642","ONP-VAR-494878","Oral Nicotine","Nicotine Pouches","Core","Multi-pack","Oral"
"FUR-SAU-10002714","ONP-VAR-646324","Oral Nicotine","Nicotine Pouches","Core","10-pack","Oral"
"FUR-SAU-10003188","ONP-VAR-863226","Oral Nicotine","Nicotine Pouches","Premium","20-pack","Oral"
"FUR-SAU-10003203","ONP-VAR-809681","Oral Nicotine","Nicotine Pouches","Value","10-pack","Oral"
"FUR-SAU-10003694","ONP-VAR-920561","Oral Nicotine","Nicotine Pouches","Value","30-pack","Oral"
"FUR-SAU-10003795","ONP-VAR-579925","Oral Nicotine","Nicotine Pouches","Core","Multi-pack","Oral"
"FUR-SAU-10003872","ONP-VAR-400487","Oral Nicotine","Nicotine Pouches","Value","Multi-pack","Oral"
"FUR-SAU-10003928","ONP-VAR-485906","Oral Nicotine","Nicotine Pouches","Value","Multi-pack","Oral"
"FUR-SAU-10003933","ONP-VAR-477842","Oral Nicotine","Nicotine Pouches","Value","30-pack","Oral"
"FUR-SAU-10004053","ONP-VAR-245078","Oral Nicotine","Nicotine Pouches","Value","30-pack","Oral"
"FUR-SAU-10004137","ONP-VAR-472848","Oral Nicotine","Nicotine Pouches","Premium","30-pack","Oral"
"FUR-SAU-10004221","ONP-VAR-190724","Oral Nicotine","Nicotine Pouches","Value","Multi-pack","Oral"
"FUR-SAU-10004653","ONP-VAR-254954","Oral Nicotine","Nicotine Pouches","Value","10-pack","Oral"
"FUR-TA-10000022","ONP-VAR-187630","Oral Nicotine","Nicotine Pouches","Core","30-pack","Oral"
"FUR-TA-10000038","ONP-VAR-462426","Oral Nicotine","Nicotine Pouches","Premium","20-pack","Oral"
"FUR-TA-10000052","ONP-VAR-034192","Oral Nicotine","Nicotine Pouches","Core","20-pack","Oral"
"FUR-TA-10000073","ONP-VAR-652763","Oral Nicotine","Nicotine Pouches","Value","20-pack","Oral"
"FUR-TA-10000075","ONP-VAR-479537","Oral Nicotine","Nicotine Pouches","Value","10-pack","Oral"
"FUR-TA-10000115","ONP-VAR-499534","Oral Nicotine","Nicotine Pouches","Core","20-pack","Oral"
"FUR-TA-10000136","ONP-VAR-202070","Oral Nicotine","Nicotine Pouches","Value","20-pack","Oral"
"FUR-TA-10000147","ONP-VAR-682811","Oral Nicotine","Nicotine Pouches","Value","10-pack","Oral"
"FUR-TA-10000164","ONP-VAR-603414","Oral Nicotine","Nicotine Pouches","Premium","10-pack","Oral"
"FUR-TA-10000184","ONP-VAR-969063","Oral Nicotine","Nicotine Pouches","Premium","30-pack","Oral"
"FUR-TA-10000198","ONP-VAR-053432","Oral Nicotine","Nicotine Pouches","Value","10-pack","Oral"
"FUR-TA-10000207","ONP-VAR-830876","Oral Nicotine","Nicotine Pouches","Value","20-pack","Oral"
"FUR-TA-10000222","ONP-VAR-156819","Oral Nicotine","Nicotine Pouches","Premium","10-pack","Oral"
"FUR-TA-10000226","ONP-VAR-978791","Oral Nicotine","Nicotine Pouches","Value","20-pack","Oral"
"FUR-TA-10000245","ONP-VAR-188797","Oral Nicotine","Nicotine Pouches","Core","20-pack","Oral"
"FUR-TA-10000283","ONP-VAR-737177","Oral Nicotine","Nicotine Pouches","Value","10-pack","Oral"
"FUR-TA-10000299","ONP-VAR-607527","Oral Nicotine","Nicotine Pouches","Premium","Multi-pack","Oral"
"FUR-TA-10000304","ONP-VAR-277637","Oral Nicotine","Nicotine Pouches","Value","10-pack","Oral"
"FUR-TA-10000310","ONP-VAR-901222","Oral Nicotine","Nicotine Pouches","Core","10-pack","Oral"
"FUR-TA-10000317","ONP-VAR-865995","Oral Nicotine","Nicotine Pouches","Premium","Multi-pack","Oral"
"FUR-TA-10000323","ONP-VAR-002722","Oral Nicotine","Nicotine Pouches","Core","20-pack","Oral"
"FUR-TA-10000347","ONP-VAR-203223","Oral Nicotine","Nicotine Pouches","Premium","30-pack","Oral"
"FUR-TA-10000355","ONP-VAR-048193","Oral Nicotine","Nicotine Pouches","Core","Multi-pack","Oral"
"FUR-TA-10000360","ONP-VAR-626234","Oral Nicotine","Nicotine Pouches","Value","Multi-pack","Oral"
"FUR-TA-10000403","ONP-VAR-893383","Oral Nicotine","Nicotine Pouches","Core","30-pack","Oral"
"FUR-TA-10000434","ONP-VAR-023491","Oral Nicotine","Nicotine Pouches","Core","30-pack","Oral"
"FUR-TA-10000478","ONP-VAR-978305","Oral Nicotine","Nicotine Pouches","Value","20-pack","Oral"
"FUR-TA-10000486","ONP-VAR-694102","Oral Nicotine","Nicotine Pouches","Core","20-pack","Oral"
"FUR-TA-10000490","ONP-VAR-866059","Oral Nicotine","Nicotine Pouches","Core","20-pack","Oral"
"FUR-TA-10000518","ONP-VAR-635899","Oral Nicotine","Nicotine Pouches","Core","10-pack","Oral"
"FUR-TA-10000519","ONP-VAR-549297","Oral Nicotine","Nicotine Pouches","Premium","30-pack","Oral"
"FUR-TA-10000558","ONP-VAR-852263","Oral Nicotine","Nicotine Pouches","Value","10-pack","Oral"
"FUR-TA-10000577","ONP-VAR-047113","Oral Nicotine","Nicotine Pouches","Core","Multi-pack","Oral"
"FUR-TA-10000591","ONP-VAR-011473","Oral Nicotine","Nicotine Pouches","Core","10-pack","Oral"
"FUR-TA-10000593","ONP-VAR-083952","Oral Nicotine","Nicotine Pouches","Premium","10-pack","Oral"
"FUR-TA-10000617","ONP-VAR-287899","Oral Nicotine","Nicotine Pouches","Core","10-pack","Oral"
"FUR-TA-10000637","ONP-VAR-489607","Oral Nicotine","Nicotine Pouches","Core","30-pack","Oral"
"FUR-TA-10000649","ONP-VAR-280845","Oral Nicotine","Nicotine Pouches","Premium","30-pack","Oral"
"FUR-TA-10000665","ONP-VAR-529246","Oral Nicotine","Nicotine Pouches","Core","Multi-pack","Oral"
"FUR-TA-10000670","ONP-VAR-105840","Oral Nicotine","Nicotine Pouches","Premium","20-pack","Oral"
"FUR-TA-10000671","ONP-VAR-615092","Oral Nicotine","Nicotine Pouches","Value","Multi-pack","Oral"
"FUR-TA-10000687","ONP-VAR-385116","Oral Nicotine","Nicotine Pouches","Premium","20-pack","Oral"
"FUR-TA-10000688","ONP-VAR-269628","Oral Nicotine","Nicotine Pouches","Premium","10-pack","Oral"
"FUR-TA-10000695","ONP-VAR-514086","Oral Nicotine","Nicotine Pouches","Premium","10-pack","Oral"
"FUR-TA-10000750","ONP-VAR-411153","Oral Nicotine","Nicotine Pouches","Premium","10-pack","Oral"
"FUR-TA-10000789","ONP-VAR-588920","Oral Nicotine","Nicotine Pouches","Value","20-pack","Oral"
"FUR-TA-10000805","ONP-VAR-185769","Oral Nicotine","Nicotine Pouches","Premium","Multi-pack","Oral"
"FUR-TA-10000849","ONP-VAR-129703","Oral Nicotine","Nicotine Pouches","Core","10-pack","Oral"
"FUR-TA-10000855","ONP-VAR-959635","Oral Nicotine","Nicotine Pouches","Core","30-pack","Oral"
"FUR-TA-10000861","ONP-VAR-314336","Oral Nicotine","Nicotine Pouches","Value","10-pack","Oral"
"FUR-TA-10000927","ONP-VAR-845620","Oral Nicotine","Nicotine Pouches","Core","30-pack","Oral"
"FUR-TA-10000945","ONP-VAR-668002","Oral Nicotine","Nicotine Pouches","Core","10-pack","Oral"
"FUR-TA-10000962","ONP-VAR-908338","Oral Nicotine","Nicotine Pouches","Core","20-pack","Oral"
"FUR-TA-10000963","ONP-VAR-965396","Oral Nicotine","Nicotine Pouches","Value","Multi-pack","Oral"
"FUR-TA-10000971","ONP-VAR-206206","Oral Nicotine","Nicotine Pouches","Core","30-pack","Oral"
"FUR-TA-10000989","ONP-VAR-581745","Oral Nicotine","Nicotine Pouches","Premium","Multi-pack","Oral"
"FUR-TA-10000991","ONP-VAR-509258","Oral Nicotine","Nicotine Pouches","Value","10-pack","Oral"
"FUR-TA-10001039","ONP-VAR-250273","Oral Nicotine","Nicotine Pouches","Core","30-pack","Oral"
"FUR-TA-10001056","ONP-VAR-155433","Oral Nicotine","Nicotine Pouches","Premium","20-pack","Oral"
"FUR-TA-10001086","ONP-VAR-174878","Oral Nicotine","Nicotine Pouches","Value","10-pack","Oral"
"FUR-TA-10001089","ONP-VAR-862408","Oral Nicotine","Nicotine Pouches","Core","20-pack","Oral"
"FUR-TA-10001090","ONP-VAR-962374","Oral Nicotine","Nicotine Pouches","Core","10-pack","Oral"
"FUR-TA-10001095","ONP-VAR-718427","Oral Nicotine","Nicotine Pouches","Value","Multi-pack","Oral"
"FUR-TA-10001100","ONP-VAR-796358","Oral Nicotine","Nicotine Pouches","Value","30-pack","Oral"
"FUR-TA-10001113","ONP-VAR-469810","Oral Nicotine","Nicotine Pouches","Core","20-pack","Oral"
"FUR-TA-10001116","ONP-VAR-308658","Oral Nicotine","Nicotine Pouches","Premium","30-pack","Oral"
"FUR-TA-10001192","ONP-VAR-422952","Oral Nicotine","Nicotine Pouches","Premium","Multi-pack","Oral"
"FUR-TA-10001205","ONP-VAR-303249","Oral Nicotine","Nicotine Pouches","Premium","10-pack","Oral"
"FUR-TA-10001226","ONP-VAR-103809","Oral Nicotine","Nicotine Pouches","Premium","10-pack","Oral"
"FUR-TA-10001228","ONP-VAR-660215","Oral Nicotine","Nicotine Pouches","Value","Multi-pack","Oral"
"FUR-TA-10001229","ONP-VAR-572550","Oral Nicotine","Nicotine Pouches","Premium","20-pack","Oral"
"FUR-TA-10001237","ONP-VAR-021946","Oral Nicotine","Nicotine Pouches","Core","Multi-pack","Oral"
"FUR-TA-10001272","ONP-VAR-612079","Oral Nicotine","Nicotine Pouches","Core","10-pack","Oral"
"FUR-TA-10001276","ONP-VAR-931876","Oral Nicotine","Nicotine Pouches","Core","20-pack","Oral"
"FUR-TA-10001285","ONP-VAR-984477","Oral Nicotine","Nicotine Pouches","Premium","10-pack","Oral"
"FUR-TA-10001289","ONP-VAR-460919","Oral Nicotine","Nicotine Pouches","Value","Multi-pack","Oral"
"FUR-TA-10001306","ONP-VAR-916899","Oral Nicotine","Nicotine Pouches","Premium","20-pack","Oral"
"FUR-TA-10001307","ONP-VAR-944793","Oral Nicotine","Nicotine Pouches","Premium","Multi-pack","Oral"
"FUR-TA-10001327","ONP-VAR-182807","Oral Nicotine","Nicotine Pouches","Value","20-pack","Oral"
"FUR-TA-10001359","ONP-VAR-833610","Oral Nicotine","Nicotine Pouches","Premium","20-pack","Oral"
"FUR-TA-10001360","ONP-VAR-420784","Oral Nicotine","Nicotine Pouches","Core","30-pack","Oral"
"FUR-TA-10001371","ONP-VAR-258188","Oral Nicotine","Nicotine Pouches","Value","20-pack","Oral"
"FUR-TA-10001386","ONP-VAR-753084","Oral Nicotine","Nicotine Pouches","Premium","20-pack","Oral"
"FUR-TA-10001433","ONP-VAR-315088","Oral Nicotine","Nicotine Pouches","Core","10-pack","Oral"
"FUR-TA-10001494","ONP-VAR-383109","Oral Nicotine","Nicotine Pouches","Premium","20-pack","Oral"
"FUR-TA-10001496","ONP-VAR-108029","Oral Nicotine","Nicotine Pouches","Value","20-pack","Oral"
"FUR-TA-10001520","ONP-VAR-904844","Oral Nicotine","Nicotine Pouches","Value","10-pack","Oral"
"FUR-TA-10001531","ONP-VAR-998626","Oral Nicotine","Nicotine Pouches","Core","Multi-pack","Oral"
"FUR-TA-10001539","ONP-VAR-458845","Oral Nicotine","Nicotine Pouches","Core","20-pack","Oral"
"FUR-TA-10001549","ONP-VAR-307321","Oral Nicotine","Nicotine Pouches","Core","30-pack","Oral"
"FUR-TA-10001558","ONP-VAR-679080","Oral Nicotine","Nicotine Pouches","Premium","20-pack","Oral"
"FUR-TA-10001572","ONP-VAR-768444","Oral Nicotine","Nicotine Pouches","Premium","20-pack","Oral"
"FUR-TA-10001595","ONP-VAR-276706","Oral Nicotine","Nicotine Pouches","Core","10-pack","Oral"
"FUR-TA-10001600","ONP-VAR-218353","Oral Nicotine","Nicotine Pouches","Core","Multi-pack","Oral"
"FUR-TA-10001602","ONP-VAR-980798","Oral Nicotine","Nicotine Pouches","Value","Multi-pack","Oral"
"FUR-TA-10001622","ONP-VAR-545279","Oral Nicotine","Nicotine Pouches","Value","20-pack","Oral"
"FUR-TA-10001633","ONP-VAR-987310","Oral Nicotine","Nicotine Pouches","Core","30-pack","Oral"
"FUR-TA-10001642","ONP-VAR-964873","Oral Nicotine","Nicotine Pouches","Core","Multi-pack","Oral"
"FUR-TA-10001664","ONP-VAR-843972","Oral Nicotine","Nicotine Pouches","Premium","10-pack","Oral"
"FUR-TA-10001676","ONP-VAR-037030","Oral Nicotine","Nicotine Pouches","Core","20-pack","Oral"
"FUR-TA-10001691","ONP-VAR-153296","Oral Nicotine","Nicotine Pouches","Value","10-pack","Oral"
"FUR-TA-10001693","ONP-VAR-272211","Oral Nicotine","Nicotine Pouches","Premium","10-pack","Oral"
"FUR-TA-10001705","ONP-VAR-592402","Oral Nicotine","Nicotine Pouches","Core","Multi-pack","Oral"
"FUR-TA-10001726","ONP-VAR-323220","Oral Nicotine","Nicotine Pouches","Premium","Multi-pack","Oral"
"FUR-TA-10001740","ONP-VAR-174344","Oral Nicotine","Nicotine Pouches","Value","10-pack","Oral"
"FUR-TA-10001744","ONP-VAR-681258","Oral Nicotine","Nicotine Pouches","Premium","20-pack","Oral"
"FUR-TA-10001768","ONP-VAR-614551","Oral Nicotine","Nicotine Pouches","Core","10-pack","Oral"
"FUR-TA-10001771","ONP-VAR-973273","Oral Nicotine","Nicotine Pouches","Core","20-pack","Oral"
"FUR-TA-10001786","ONP-VAR-032018","Oral Nicotine","Nicotine Pouches","Value","20-pack","Oral"
"FUR-TA-10001833","ONP-VAR-771734","Oral Nicotine","Nicotine Pouches","Value","10-pack","Oral"
"FUR-TA-10001857","ONP-VAR-903161","Oral Nicotine","Nicotine Pouches","Value","Multi-pack","Oral"
"FUR-TA-10001866","ONP-VAR-412899","Oral Nicotine","Nicotine Pouches","Premium","30-pack","Oral"
"FUR-TA-10001889","ONP-VAR-270432","Oral Nicotine","Nicotine Pouches","Premium","20-pack","Oral"
"FUR-TA-10001930","ONP-VAR-553125","Oral Nicotine","Nicotine Pouches","Premium","20-pack","Oral"
"FUR-TA-10001932","ONP-VAR-058413","Oral Nicotine","Nicotine Pouches","Premium","20-pack","Oral"
"FUR-TA-10001935","ONP-VAR-393884","Oral Nicotine","Nicotine Pouches","Value","30-pack","Oral"
"FUR-TA-10001950","ONP-VAR-800983","Oral Nicotine","Nicotine Pouches","Core","Multi-pack","Oral"
"FUR-TA-10001968","ONP-VAR-732611","Oral Nicotine","Nicotine Pouches","Value","30-pack","Oral"
"FUR-TA-10001980","ONP-VAR-989552","Oral Nicotine","Nicotine Pouches","Value","30-pack","Oral"
"FUR-TA-10002041","ONP-VAR-054334","Oral Nicotine","Nicotine Pouches","Core","20-pack","Oral"
"FUR-TA-10002065","ONP-VAR-274072","Oral Nicotine","Nicotine Pouches","Core","30-pack","Oral"
"FUR-TA-10002088","ONP-VAR-720848","Oral Nicotine","Nicotine Pouches","Value","20-pack","Oral"
"FUR-TA-10002093","ONP-VAR-593224","Oral Nicotine","Nicotine Pouches","Core","10-pack","Oral"
"FUR-TA-10002095","ONP-VAR-888550","Oral Nicotine","Nicotine Pouches","Core","20-pack","Oral"
"FUR-TA-10002101","ONP-VAR-955325","Oral Nicotine","Nicotine Pouches","Value","30-pack","Oral"
"FUR-TA-10002146","ONP-VAR-315630","Oral Nicotine","Nicotine Pouches","Premium","20-pack","Oral"
"FUR-TA-10002153","ONP-VAR-500933","Oral Nicotine","Nicotine Pouches","Value","Multi-pack","Oral"
"FUR-TA-10002172","ONP-VAR-394606","Oral Nicotine","Nicotine Pouches","Core","Multi-pack","Oral"
"FUR-TA-10002228","ONP-VAR-186918","Oral Nicotine","Nicotine Pouches","Premium","20-pack","Oral"
"FUR-TA-10002235","ONP-VAR-655213","Oral Nicotine","Nicotine Pouches","Core","20-pack","Oral"
"FUR-TA-10002256","ONP-VAR-307818","Oral Nicotine","Nicotine Pouches","Premium","20-pack","Oral"
"FUR-TA-10002341","ONP-VAR-778578","Oral Nicotine","Nicotine Pouches","Premium","10-pack","Oral"
"FUR-TA-10002351","ONP-VAR-493896","Oral Nicotine","Nicotine Pouches","Premium","20-pack","Oral"
"FUR-TA-10002356","ONP-VAR-179114","Oral Nicotine","Nicotine Pouches","Value","30-pack","Oral"
"FUR-TA-10002411","ONP-VAR-800907","Oral Nicotine","Nicotine Pouches","Premium","10-pack","Oral"
"FUR-TA-10002433","ONP-VAR-542518","Oral Nicotine","Nicotine Pouches","Core","30-pack","Oral"
"FUR-TA-10002467","ONP-VAR-691485","Oral Nicotine","Nicotine Pouches","Premium","30-pack","Oral"
"FUR-TA-10002482","ONP-VAR-585538","Oral Nicotine","Nicotine Pouches","Core","Multi-pack","Oral"
"FUR-TA-10002487","ONP-VAR-880460","Oral Nicotine","Nicotine Pouches","Value","10-pack","Oral"
"FUR-TA-10002497","ONP-VAR-783619","Oral Nicotine","Nicotine Pouches","Core","20-pack","Oral"
"FUR-TA-10002519","ONP-VAR-214304","Oral Nicotine","Nicotine Pouches","Value","20-pack","Oral"
"FUR-TA-10002523","ONP-VAR-743034","Oral Nicotine","Nicotine Pouches","Premium","10-pack","Oral"
"FUR-TA-10002527","ONP-VAR-272631","Oral Nicotine","Nicotine Pouches","Premium","20-pack","Oral"
"FUR-TA-10002530","ONP-VAR-199155","Oral Nicotine","Nicotine Pouches","Premium","Multi-pack","Oral"
"FUR-TA-10002533","ONP-VAR-210469","Oral Nicotine","Nicotine Pouches","Core","20-pack","Oral"
"FUR-TA-10002544","ONP-VAR-770758","Oral Nicotine","Nicotine Pouches","Core","20-pack","Oral"
"FUR-TA-10002557","ONP-VAR-347010","Oral Nicotine","Nicotine Pouches","Premium","30-pack","Oral"
"FUR-TA-10002568","ONP-VAR-256377","Oral Nicotine","Nicotine Pouches","Premium","10-pack","Oral"
"FUR-TA-10002571","ONP-VAR-750011","Oral Nicotine","Nicotine Pouches","Value","20-pack","Oral"
"FUR-TA-10002582","ONP-VAR-362030","Oral Nicotine","Nicotine Pouches","Value","10-pack","Oral"
"FUR-TA-10002607","ONP-VAR-059476","Oral Nicotine","Nicotine Pouches","Core","30-pack","Oral"
"FUR-TA-10002611","ONP-VAR-549687","Oral Nicotine","Nicotine Pouches","Premium","30-pack","Oral"
"FUR-TA-10002622","ONP-VAR-385412","Oral Nicotine","Nicotine Pouches","Value","Multi-pack","Oral"
"FUR-TA-10002638","ONP-VAR-137217","Oral Nicotine","Nicotine Pouches","Premium","10-pack","Oral"
"FUR-TA-10002645","ONP-VAR-897913","Oral Nicotine","Nicotine Pouches","Core","30-pack","Oral"
"FUR-TA-10002650","ONP-VAR-070385","Oral Nicotine","Nicotine Pouches","Value","10-pack","Oral"
"FUR-TA-10002699","ONP-VAR-311207","Oral Nicotine","Nicotine Pouches","Value","10-pack","Oral"
"FUR-TA-10002774","ONP-VAR-687998","Oral Nicotine","Nicotine Pouches","Value","10-pack","Oral"
"FUR-TA-10002786","ONP-VAR-744951","Oral Nicotine","Nicotine Pouches","Premium","Multi-pack","Oral"
"FUR-TA-10002789","ONP-VAR-371315","Oral Nicotine","Nicotine Pouches","Value","30-pack","Oral"
"FUR-TA-10002797","ONP-VAR-254045","Oral Nicotine","Nicotine Pouches","Value","10-pack","Oral"
"FUR-TA-10002827","ONP-VAR-897931","Oral Nicotine","Nicotine Pouches","Core","30-pack","Oral"
"FUR-TA-10002833","ONP-VAR-857538","Oral Nicotine","Nicotine Pouches","Premium","30-pack","Oral"
"FUR-TA-10002855","ONP-VAR-371620","Oral Nicotine","Nicotine Pouches","Core","20-pack","Oral"
"FUR-TA-10002860","ONP-VAR-904888","Oral Nicotine","Nicotine Pouches","Core","20-pack","Oral"
"FUR-TA-10002868","ONP-VAR-115766","Oral Nicotine","Nicotine Pouches","Value","Multi-pack","Oral"
"FUR-TA-10002885","ONP-VAR-762402","Oral Nicotine","Nicotine Pouches","Premium","10-pack","Oral"
"FUR-TA-10002903","ONP-VAR-142518","Oral Nicotine","Nicotine Pouches","Premium","30-pack","Oral"
"FUR-TA-10002912","ONP-VAR-591288","Oral Nicotine","Nicotine Pouches","Premium","20-pack","Oral"
"FUR-TA-10002931","ONP-VAR-625691","Oral Nicotine","Nicotine Pouches","Value","20-pack","Oral"
"FUR-TA-10002935","ONP-VAR-989392","Oral Nicotine","Nicotine Pouches","Core","10-pack","Oral"
"FUR-TA-10002951","ONP-VAR-001530","Oral Nicotine","Nicotine Pouches","Premium","Multi-pack","Oral"
"FUR-TA-10002957","ONP-VAR-754640","Oral Nicotine","Nicotine Pouches","Value","30-pack","Oral"
"FUR-TA-10002958","ONP-VAR-424874","Oral Nicotine","Nicotine Pouches","Value","Multi-pack","Oral"
"FUR-TA-10002966","ONP-VAR-882567","Oral Nicotine","Nicotine Pouches","Premium","Multi-pack","Oral"
"FUR-TA-10002972","ONP-VAR-465168","Oral Nicotine","Nicotine Pouches","Premium","Multi-pack","Oral"
"FUR-TA-10002979","ONP-VAR-741908","Oral Nicotine","Nicotine Pouches","Value","Multi-pack","Oral"
"FUR-TA-10002982","ONP-VAR-393630","Oral Nicotine","Nicotine Pouches","Premium","10-pack","Oral"
"FUR-TA-10003003","ONP-VAR-220250","Oral Nicotine","Nicotine Pouches","Value","10-pack","Oral"
"FUR-TA-10003006","ONP-VAR-376245","Oral Nicotine","Nicotine Pouches","Premium","Multi-pack","Oral"
"FUR-TA-10003008","ONP-VAR-781110","Oral Nicotine","Nicotine Pouches","Premium","10-pack","Oral"
"FUR-TA-10003030","ONP-VAR-227439","Oral Nicotine","Nicotine Pouches","Premium","20-pack","Oral"
"FUR-TA-10003055","ONP-VAR-145413","Oral Nicotine","Nicotine Pouches","Premium","10-pack","Oral"
"FUR-TA-10003078","ONP-VAR-755184","Oral Nicotine","Nicotine Pouches","Premium","Multi-pack","Oral"
"FUR-TA-10003079","ONP-VAR-520898","Oral Nicotine","Nicotine Pouches","Value","20-pack","Oral"
"FUR-TA-10003152","ONP-VAR-141692","Oral Nicotine","Nicotine Pouches","Value","10-pack","Oral"
"FUR-TA-10003157","ONP-VAR-670419","Oral Nicotine","Nicotine Pouches","Premium","Multi-pack","Oral"
"FUR-TA-10003164","ONP-VAR-916192","Oral Nicotine","Nicotine Pouches","Core","30-pack","Oral"
"FUR-TA-10003171","ONP-VAR-364601","Oral Nicotine","Nicotine Pouches","Value","10-pack","Oral"
"FUR-TA-10003179","ONP-VAR-760788","Oral Nicotine","Nicotine Pouches","Premium","30-pack","Oral"
"FUR-TA-10003185","ONP-VAR-698031","Oral Nicotine","Nicotine Pouches","Premium","30-pack","Oral"
"FUR-TA-10003222","ONP-VAR-300170","Oral Nicotine","Nicotine Pouches","Value","30-pack","Oral"
"FUR-TA-10003228","ONP-VAR-219614","Oral Nicotine","Nicotine Pouches","Value","10-pack","Oral"
"FUR-TA-10003238","ONP-VAR-103996","Oral Nicotine","Nicotine Pouches","Core","20-pack","Oral"
"FUR-TA-10003254","ONP-VAR-073813","Oral Nicotine","Nicotine Pouches","Core","10-pack","Oral"
"FUR-TA-10003268","ONP-VAR-660617","Oral Nicotine","Nicotine Pouches","Value","10-pack","Oral"
"FUR-TA-10003273","ONP-VAR-829433","Oral Nicotine","Nicotine Pouches","Value","20-pack","Oral"
"FUR-TA-10003291","ONP-VAR-215522","Oral Nicotine","Nicotine Pouches","Value","Multi-pack","Oral"
"FUR-TA-10003307","ONP-VAR-718985","Oral Nicotine","Nicotine Pouches","Value","10-pack","Oral"
"FUR-TA-10003319","ONP-VAR-928732","Oral Nicotine","Nicotine Pouches","Core","30-pack","Oral"
"FUR-TA-10003323","ONP-VAR-812756","Oral Nicotine","Nicotine Pouches","Value","Multi-pack","Oral"
"FUR-TA-10003354","ONP-VAR-983463","Oral Nicotine","Nicotine Pouches","Premium","Multi-pack","Oral"
"FUR-TA-10003358","ONP-VAR-156940","Oral Nicotine","Nicotine Pouches","Core","10-pack","Oral"
"FUR-TA-10003371","ONP-VAR-637685","Oral Nicotine","Nicotine Pouches","Value","30-pack","Oral"
"FUR-TA-10003386","ONP-VAR-815050","Oral Nicotine","Nicotine Pouches","Core","30-pack","Oral"
"FUR-TA-10003392","ONP-VAR-106455","Oral Nicotine","Nicotine Pouches","Premium","30-pack","Oral"
"FUR-TA-10003405","ONP-VAR-612058","Oral Nicotine","Nicotine Pouches","Core","20-pack","Oral"
"FUR-TA-10003449","ONP-VAR-970759","Oral Nicotine","Nicotine Pouches","Core","30-pack","Oral"
"FUR-TA-10003451","ONP-VAR-528204","Oral Nicotine","Nicotine Pouches","Premium","20-pack","Oral"
"FUR-TA-10003469","ONP-VAR-607732","Oral Nicotine","Nicotine Pouches","Core","10-pack","Oral"
"FUR-TA-10003473","ONP-VAR-932048","Oral Nicotine","Nicotine Pouches","Value","Multi-pack","Oral"
"FUR-TA-10003485","ONP-VAR-045740","Oral Nicotine","Nicotine Pouches","Value","20-pack","Oral"
"FUR-TA-10003497","ONP-VAR-884127","Oral Nicotine","Nicotine Pouches","Premium","10-pack","Oral"
"FUR-TA-10003510","ONP-VAR-565387","Oral Nicotine","Nicotine Pouches","Core","10-pack","Oral"
"FUR-TA-10003518","ONP-VAR-362777","Oral Nicotine","Nicotine Pouches","Value","30-pack","Oral"
"FUR-TA-10003522","ONP-VAR-275903","Oral Nicotine","Nicotine Pouches","Value","Multi-pack","Oral"
"FUR-TA-10003527","ONP-VAR-977020","Oral Nicotine","Nicotine Pouches","Core","10-pack","Oral"
"FUR-TA-10003539","ONP-VAR-817484","Oral Nicotine","Nicotine Pouches","Value","30-pack","Oral"
"FUR-TA-10003568","ONP-VAR-773765","Oral Nicotine","Nicotine Pouches","Value","20-pack","Oral"
"FUR-TA-10003569","ONP-VAR-105633","Oral Nicotine","Nicotine Pouches","Premium","Multi-pack","Oral"
"FUR-TA-10003576","ONP-VAR-410284","Oral Nicotine","Nicotine Pouches","Core","Multi-pack","Oral"
"FUR-TA-10003583","ONP-VAR-198667","Oral Nicotine","Nicotine Pouches","Core","Multi-pack","Oral"
"FUR-TA-10003591","ONP-VAR-195853","Oral Nicotine","Nicotine Pouches","Core","30-pack","Oral"
"FUR-TA-10003594","ONP-VAR-750995","Oral Nicotine","Nicotine Pouches","Value","20-pack","Oral"
"FUR-TA-10003596","ONP-VAR-287302","Oral Nicotine","Nicotine Pouches","Core","20-pack","Oral"
"FUR-TA-10003597","ONP-VAR-398412","Oral Nicotine","Nicotine Pouches","Premium","Multi-pack","Oral"
"FUR-TA-10003627","ONP-VAR-349547","Oral Nicotine","Nicotine Pouches","Value","20-pack","Oral"
"FUR-TA-10003637","ONP-VAR-849791","Oral Nicotine","Nicotine Pouches","Value","10-pack","Oral"
"FUR-TA-10003641","ONP-VAR-778235","Oral Nicotine","Nicotine Pouches","Value","30-pack","Oral"
"FUR-TA-10003663","ONP-VAR-892682","Oral Nicotine","Nicotine Pouches","Value","10-pack","Oral"
"FUR-TA-10003690","ONP-VAR-198634","Oral Nicotine","Nicotine Pouches","Core","20-pack","Oral"
"FUR-TA-10003715","ONP-VAR-255322","Oral Nicotine","Nicotine Pouches","Core","20-pack","Oral"
"FUR-TA-10003747","ONP-VAR-176590","Oral Nicotine","Nicotine Pouches","Core","10-pack","Oral"
"FUR-TA-10003748","ONP-VAR-642349","Oral Nicotine","Nicotine Pouches","Core","20-pack","Oral"
"FUR-TA-10003771","ONP-VAR-711223","Oral Nicotine","Nicotine Pouches","Core","30-pack","Oral"
"FUR-TA-10003782","ONP-VAR-003782","Oral Nicotine","Nicotine Pouches","Value","Multi-pack","Oral"
"FUR-TA-10003785","ONP-VAR-632248","Oral Nicotine","Nicotine Pouches","Core","10-pack","Oral"
"FUR-TA-10003786","ONP-VAR-216050","Oral Nicotine","Nicotine Pouches","Value","30-pack","Oral"
"FUR-TA-10003790","ONP-VAR-959841","Oral Nicotine","Nicotine Pouches","Premium","30-pack","Oral"
"FUR-TA-10003837","ONP-VAR-600376","Oral Nicotine","Nicotine Pouches","Core","30-pack","Oral"
"FUR-TA-10003855","ONP-VAR-039041","Oral Nicotine","Nicotine Pouches","Value","10-pack","Oral"
"FUR-TA-10003887","ONP-VAR-235913","Oral Nicotine","Nicotine Pouches","Value","20-pack","Oral"
"FUR-TA-10003893","ONP-VAR-897367","Oral Nicotine","Nicotine Pouches","Core","20-pack","Oral"
"FUR-TA-10003899","ONP-VAR-952783","Oral Nicotine","Nicotine Pouches","Core","Multi-pack","Oral"
"FUR-TA-10003926","ONP-VAR-390669","Oral Nicotine","Nicotine Pouches","Premium","30-pack","Oral"
"FUR-TA-10003929","ONP-VAR-498461","Oral Nicotine","Nicotine Pouches","Value","Multi-pack","Oral"
"FUR-TA-10003954","ONP-VAR-377206","Oral Nicotine","Nicotine Pouches","Core","20-pack","Oral"
"FUR-TA-10003963","ONP-VAR-964660","Oral Nicotine","Nicotine Pouches","Core","20-pack","Oral"
"FUR-TA-10004005","ONP-VAR-350442","Oral Nicotine","Nicotine Pouches","Premium","10-pack","Oral"
"FUR-TA-10004050","ONP-VAR-870232","Oral Nicotine","Nicotine Pouches","Core","30-pack","Oral"
"FUR-TA-10004054","ONP-VAR-770874","Oral Nicotine","Nicotine Pouches","Premium","Multi-pack","Oral"
"FUR-TA-10004086","ONP-VAR-242549","Oral Nicotine","Nicotine Pouches","Value","30-pack","Oral"
"FUR-TA-10004132","ONP-VAR-935668","Oral Nicotine","Nicotine Pouches","Core","Multi-pack","Oral"
"FUR-TA-10004134","ONP-VAR-582590","Oral Nicotine","Nicotine Pouches","Value","30-pack","Oral"
"FUR-TA-10004147","ONP-VAR-723798","Oral Nicotine","Nicotine Pouches","Premium","Multi-pack","Oral"
"FUR-TA-10004152","ONP-VAR-623361","Oral Nicotine","Nicotine Pouches","Premium","20-pack","Oral"
"FUR-TA-10004154","ONP-VAR-083031","Oral Nicotine","Nicotine Pouches","Premium","10-pack","Oral"
"FUR-TA-10004175","ONP-VAR-368329","Oral Nicotine","Nicotine Pouches","Core","10-pack","Oral"
"FUR-TA-10004219","ONP-VAR-939009","Oral Nicotine","Nicotine Pouches","Premium","10-pack","Oral"
"FUR-TA-10004249","ONP-VAR-081564","Oral Nicotine","Nicotine Pouches","Premium","20-pack","Oral"
"FUR-TA-10004256","ONP-VAR-238959","Oral Nicotine","Nicotine Pouches","Premium","20-pack","Oral"
"FUR-TA-10004289","ONP-VAR-987376","Oral Nicotine","Nicotine Pouches","Core","20-pack","Oral"
"FUR-TA-10004306","ONP-VAR-417352","Oral Nicotine","Nicotine Pouches","Core","Multi-pack","Oral"
"FUR-TA-10004308","ONP-VAR-978287","Oral Nicotine","Nicotine Pouches","Value","10-pack","Oral"
"FUR-TA-10004336","ONP-VAR-541479","Oral Nicotine","Nicotine Pouches","Premium","10-pack","Oral"
"FUR-TA-10004342","ONP-VAR-686278","Oral Nicotine","Nicotine Pouches","Core","30-pack","Oral"
"FUR-TA-10004353","ONP-VAR-582561","Oral Nicotine","Nicotine Pouches","Premium","20-pack","Oral"
"FUR-TA-10004371","ONP-VAR-917304","Oral Nicotine","Nicotine Pouches","Premium","Multi-pack","Oral"
"FUR-TA-10004383","ONP-VAR-487688","Oral Nicotine","Nicotine Pouches","Value","10-pack","Oral"
"FUR-TA-10004406","ONP-VAR-355597","Oral Nicotine","Nicotine Pouches","Core","30-pack","Oral"
"FUR-TA-10004416","ONP-VAR-579061","Oral Nicotine","Nicotine Pouches","Core","Multi-pack","Oral"
"FUR-TA-10004440","ONP-VAR-968754","Oral Nicotine","Nicotine Pouches","Premium","Multi-pack","Oral"
"FUR-TA-10004442","ONP-VAR-938995","Oral Nicotine","Nicotine Pouches","Core","Multi-pack","Oral"
"FUR-TA-10004468","ONP-VAR-364739","Oral Nicotine","Nicotine Pouches","Value","Multi-pack","Oral"
"FUR-TA-10004484","ONP-VAR-786056","Oral Nicotine","Nicotine Pouches","Value","30-pack","Oral"
"FUR-TA-10004504","ONP-VAR-163744","Oral Nicotine","Nicotine Pouches","Core","20-pack","Oral"
"FUR-TA-10004524","ONP-VAR-709197","Oral Nicotine","Nicotine Pouches","Premium","Multi-pack","Oral"
"FUR-TA-10004531","ONP-VAR-360834","Oral Nicotine","Nicotine Pouches","Premium","20-pack","Oral"
"FUR-TA-10004534","ONP-VAR-346597","Oral Nicotine","Nicotine Pouches","Core","30-pack","Oral"
"FUR-TA-10004544","ONP-VAR-396230","Oral Nicotine","Nicotine Pouches","Value","20-pack","Oral"
"FUR-TA-10004575","ONP-VAR-818224","Oral Nicotine","Nicotine Pouches","Core","10-pack","Oral"
"FUR-TA-10004584","ONP-VAR-551350","Oral Nicotine","Nicotine Pouches","Core","20-pack","Oral"
"FUR-TA-10004607","ONP-VAR-132349","Oral Nicotine","Nicotine Pouches","Core","30-pack","Oral"
"FUR-TA-10004619","ONP-VAR-774189","Oral Nicotine","Nicotine Pouches","Premium","10-pack","Oral"
"FUR-TA-10004634","ONP-VAR-866955","Oral Nicotine","Nicotine Pouches","Premium","Multi-pack","Oral"
"FUR-TA-10004649","ONP-VAR-400036","Oral Nicotine","Nicotine Pouches","Core","20-pack","Oral"
"FUR-TA-10004653","ONP-VAR-031203","Oral Nicotine","Nicotine Pouches","Premium","30-pack","Oral"
"FUR-TA-10004667","ONP-VAR-999290","Oral Nicotine","Nicotine Pouches","Value","10-pack","Oral"
"FUR-TA-10004680","ONP-VAR-728581","Oral Nicotine","Nicotine Pouches","Core","20-pack","Oral"
"FUR-TA-10004711","ONP-VAR-653683","Oral Nicotine","Nicotine Pouches","Core","20-pack","Oral"
"FUR-TA-10004722","ONP-VAR-552376","Oral Nicotine","Nicotine Pouches","Core","10-pack","Oral"
"FUR-TA-10004730","ONP-VAR-102854","Oral Nicotine","Nicotine Pouches","Value","20-pack","Oral"
"FUR-TA-10004744","ONP-VAR-440323","Oral Nicotine","Nicotine Pouches","Core","Multi-pack","Oral"
"FUR-TA-10004745","ONP-VAR-299509","Oral Nicotine","Nicotine Pouches","Core","20-pack","Oral"
"FUR-TA-10004748","ONP-VAR-312342","Oral Nicotine","Nicotine Pouches","Premium","10-pack","Oral"
"FUR-TA-10004757","ONP-VAR-754778","Oral Nicotine","Nicotine Pouches","Value","10-pack","Oral"
"FUR-TA-10004767","ONP-VAR-481996","Oral Nicotine","Nicotine Pouches","Core","Multi-pack","Oral"
"FUR-TA-10004801","ONP-VAR-175225","Oral Nicotine","Nicotine Pouches","Core","20-pack","Oral"
"FUR-TA-10004810","ONP-VAR-911905","Oral Nicotine","Nicotine Pouches","Core","30-pack","Oral"
"FUR-TA-10004817","ONP-VAR-279177","Oral Nicotine","Nicotine Pouches","Premium","20-pack","Oral"
"FUR-TA-10004820","ONP-VAR-451299","Oral Nicotine","Nicotine Pouches","Premium","20-pack","Oral"
"FUR-TA-10004826","ONP-VAR-905058","Oral Nicotine","Nicotine Pouches","Premium","10-pack","Oral"
"FUR-TA-10004832","ONP-VAR-310915","Oral Nicotine","Nicotine Pouches","Core","10-pack","Oral"
"FUR-TA-10004840","ONP-VAR-153697","Oral Nicotine","Nicotine Pouches","Core","Multi-pack","Oral"
"FUR-TA-10004892","ONP-VAR-945990","Oral Nicotine","Nicotine Pouches","Premium","30-pack","Oral"
"FUR-TA-10004915","ONP-VAR-051940","Oral Nicotine","Nicotine Pouches","Core","30-pack","Oral"
"FUR-TA-10004937","ONP-VAR-308997","Oral Nicotine","Nicotine Pouches","Premium","10-pack","Oral"
"FUR-TA-10004957","ONP-VAR-882680","Oral Nicotine","Nicotine Pouches","Value","30-pack","Oral"
"FUR-TA-10004972","ONP-VAR-041690","Oral Nicotine","Nicotine Pouches","Value","Multi-pack","Oral"
"FUR-TEN-10000002","ONP-VAR-127754","Oral Nicotine","Nicotine Pouches","Value","10-pack","Oral"
"FUR-TEN-10000296","ONP-VAR-157100","Oral Nicotine","Nicotine Pouches","Value","30-pack","Oral"
"FUR-TEN-10000325","ONP-VAR-246236","Oral Nicotine","Nicotine Pouches","Value","10-pack","Oral"
"FUR-TEN-10000377","ONP-VAR-148557","Oral Nicotine","Nicotine Pouches","Premium","20-pack","Oral"
"FUR-TEN-10000407","ONP-VAR-518134","Oral Nicotine","Nicotine Pouches","Core","Multi-pack","Oral"
"FUR-TEN-10000525","ONP-VAR-317939","Oral Nicotine","Nicotine Pouches","Value","30-pack","Oral"
"FUR-TEN-10000558","ONP-VAR-132029","Oral Nicotine","Nicotine Pouches","Value","10-pack","Oral"
"FUR-TEN-10000986","ONP-VAR-624384","Oral Nicotine","Nicotine Pouches","Premium","30-pack","Oral"
"FUR-TEN-10001349","ONP-VAR-971226","Oral Nicotine","Nicotine Pouches","Premium","10-pack","Oral"
"FUR-TEN-10001809","ONP-VAR-220499","Oral Nicotine","Nicotine Pouches","Value","20-pack","Oral"
"FUR-TEN-10002418","ONP-VAR-631818","Oral Nicotine","Nicotine Pouches","Premium","10-pack","Oral"
"FUR-TEN-10002448","ONP-VAR-243214","Oral Nicotine","Nicotine Pouches","Core","20-pack","Oral"
"FUR-TEN-10003050","ONP-VAR-828481","Oral Nicotine","Nicotine Pouches","Core","Multi-pack","Oral"
"FUR-TEN-10003349","ONP-VAR-331825","Oral Nicotine","Nicotine Pouches","Core","Multi-pack","Oral"
"FUR-TEN-10003552","ONP-VAR-076182","Oral Nicotine","Nicotine Pouches","Premium","10-pack","Oral"
"FUR-TEN-10003648","ONP-VAR-155399","Oral Nicotine","Nicotine Pouches","Value","30-pack","Oral"
"FUR-TEN-10003871","ONP-VAR-200314","Oral Nicotine","Nicotine Pouches","Core","Multi-pack","Oral"
"FUR-TEN-10003879","ONP-VAR-896577","Oral Nicotine","Nicotine Pouches","Premium","20-pack","Oral"
"FUR-TEN-10003900","ONP-VAR-376313","Oral Nicotine","Nicotine Pouches","Value","20-pack","Oral"
"FUR-TEN-10003923","ONP-VAR-775169","Oral Nicotine","Nicotine Pouches","Value","20-pack","Oral"
"FUR-TEN-10004147","ONP-VAR-270308","Oral Nicotine","Nicotine Pouches","Value","Multi-pack","Oral"
"FUR-TEN-10004388","ONP-VAR-243371","Oral Nicotine","Nicotine Pouches","Value","10-pack","Oral"
"FUR-TEN-10004549","ONP-VAR-641030","Oral Nicotine","Nicotine Pouches","Value","10-pack","Oral"
"OFF-ACC-10000102","CIG-VAR-959453","Cigarettes","Combustible","Value","Multi-pack","Combustible"
"OFF-ACC-10000218","CIG-VAR-969886","Cigarettes","Combustible","Core","20-pack","Combustible"
"OFF-ACC-10000233","CIG-VAR-875566","Cigarettes","Combustible","Core","Multi-pack","Combustible"
"OFF-ACC-10000307","CIG-VAR-852083","Cigarettes","Combustible","Value","30-pack","Combustible"
"OFF-ACC-10000375","CIG-VAR-711706","Cigarettes","Combustible","Core","20-pack","Combustible"
"OFF-ACC-10000497","CIG-VAR-470010","Cigarettes","Combustible","Premium","30-pack","Combustible"
"OFF-ACC-10000687","CIG-VAR-547921","Cigarettes","Combustible","Core","20-pack","Combustible"
"OFF-ACC-10000798","CIG-VAR-368402","Cigarettes","Combustible","Value","30-pack","Combustible"
"OFF-ACC-10000808","CIG-VAR-230843","Cigarettes","Combustible","Value","30-pack","Combustible"
"OFF-ACC-10001028","CIG-VAR-766764","Cigarettes","Combustible","Premium","20-pack","Combustible"
"OFF-ACC-10001281","CIG-VAR-399492","Cigarettes","Combustible","Premium","20-pack","Combustible"
"OFF-ACC-10001285","CIG-VAR-839400","Cigarettes","Combustible","Premium","10-pack","Combustible"
"OFF-ACC-10001703","CIG-VAR-687094","Cigarettes","Combustible","Core","30-pack","Combustible"
"OFF-ACC-10001993","CIG-VAR-306415","Cigarettes","Combustible","Core","20-pack","Combustible"
"OFF-ACC-10002167","CIG-VAR-758512","Cigarettes","Combustible","Core","20-pack","Combustible"
"OFF-ACC-10002220","CIG-VAR-056763","Cigarettes","Combustible","Premium","Multi-pack","Combustible"
"OFF-ACC-10002327","CIG-VAR-216243","Cigarettes","Combustible","Premium","Multi-pack","Combustible"
"OFF-ACC-10002343","CIG-VAR-611474","Cigarettes","Combustible","Value","10-pack","Combustible"
"OFF-ACC-10002425","CIG-VAR-247588","Cigarettes","Combustible","Core","30-pack","Combustible"
"OFF-ACC-10002680","CIG-VAR-879296","Cigarettes","Combustible","Value","20-pack","Combustible"
"OFF-ACC-10002772","CIG-VAR-688578","Cigarettes","Combustible","Premium","20-pack","Combustible"
"OFF-ACC-10002834","CIG-VAR-450507","Cigarettes","Combustible","Premium","20-pack","Combustible"
"OFF-ACC-10002849","CIG-VAR-687544","Cigarettes","Combustible","Core","Multi-pack","Combustible"
"OFF-ACC-10002853","CIG-VAR-800398","Cigarettes","Combustible","Core","10-pack","Combustible"
"OFF-ACC-10003265","CIG-VAR-336685","Cigarettes","Combustible","Core","20-pack","Combustible"
"OFF-ACC-10003422","CIG-VAR-995922","Cigarettes","Combustible","Premium","10-pack","Combustible"
"OFF-ACC-10003636","CIG-VAR-911014","Cigarettes","Combustible","Core","30-pack","Combustible"
"OFF-ACC-10003713","CIG-VAR-581221","Cigarettes","Combustible","Core","10-pack","Combustible"
"OFF-ACC-10003745","CIG-VAR-776961","Cigarettes","Combustible","Premium","10-pack","Combustible"
"OFF-ACC-10003788","CIG-VAR-243922","Cigarettes","Combustible","Core","20-pack","Combustible"
"OFF-ACC-10003806","CIG-VAR-309390","Cigarettes","Combustible","Premium","Multi-pack","Combustible"
"OFF-ACC-10003909","CIG-VAR-004460","Cigarettes","Combustible","Value","20-pack","Combustible"
"OFF-ACC-10003925","CIG-VAR-152566","Cigarettes","Combustible","Core","10-pack","Combustible"
"OFF-ACC-10003984","CIG-VAR-331453","Cigarettes","Combustible","Core","10-pack","Combustible"
"OFF-ACC-10004008","CIG-VAR-850887","Cigarettes","Combustible","Premium","20-pack","Combustible"
"OFF-ACC-10004182","CIG-VAR-534152","Cigarettes","Combustible","Value","10-pack","Combustible"
"OFF-ACC-10004278","CIG-VAR-808906","Cigarettes","Combustible","Core","10-pack","Combustible"
"OFF-ACC-10004281","CIG-VAR-641216","Cigarettes","Combustible","Value","Multi-pack","Combustible"
"OFF-ACC-10004322","CIG-VAR-535048","Cigarettes","Combustible","Core","10-pack","Combustible"
"OFF-ACC-10004364","CIG-VAR-020950","Cigarettes","Combustible","Core","20-pack","Combustible"
"OFF-ACC-10004430","CIG-VAR-393724","Cigarettes","Combustible","Core","10-pack","Combustible"
"OFF-ACC-10004538","CIG-VAR-982737","Cigarettes","Combustible","Premium","20-pack","Combustible"
"OFF-ACC-10004692","CIG-VAR-833818","Cigarettes","Combustible","Core","10-pack","Combustible"
"OFF-ACC-10004713","CIG-VAR-974156","Cigarettes","Combustible","Value","20-pack","Combustible"
"OFF-ACC-10004748","CIG-VAR-374313","Cigarettes","Combustible","Premium","10-pack","Combustible"
"OFF-ACC-10004782","CIG-VAR-372980","Cigarettes","Combustible","Value","30-pack","Combustible"
"OFF-ACC-10004871","CIG-VAR-913379","Cigarettes","Combustible","Value","30-pack","Combustible"
"OFF-ACC-10004910","CIG-VAR-454295","Cigarettes","Combustible","Value","20-pack","Combustible"
"OFF-ACM-10000277","CIG-VAR-775599","Cigarettes","Combustible","Premium","20-pack","Combustible"
"OFF-ACM-10000476","CIG-VAR-587608","Cigarettes","Combustible","Core","20-pack","Combustible"
"OFF-ACM-10000570","CIG-VAR-386654","Cigarettes","Combustible","Value","Multi-pack","Combustible"
"OFF-ACM-10000671","CIG-VAR-031636","Cigarettes","Combustible","Core","10-pack","Combustible"
"OFF-ACM-10000777","CIG-VAR-687328","Cigarettes","Combustible","Core","30-pack","Combustible"
"OFF-ACM-10001029","CIG-VAR-822167","Cigarettes","Combustible","Value","10-pack","Combustible"
"OFF-ACM-10001112","CIG-VAR-889942","Cigarettes","Combustible","Core","10-pack","Combustible"
"OFF-ACM-10001587","CIG-VAR-409363","Cigarettes","Combustible","Core","30-pack","Combustible"
"OFF-ACM-10001704","CIG-VAR-290449","Cigarettes","Combustible","Core","30-pack","Combustible"
"OFF-ACM-10002045","CIG-VAR-758639","Cigarettes","Combustible","Value","Multi-pack","Combustible"
"OFF-ACM-10002131","CIG-VAR-771273","Cigarettes","Combustible","Premium","30-pack","Combustible"
"OFF-ACM-10002301","CIG-VAR-561575","Cigarettes","Combustible","Value","Multi-pack","Combustible"
"OFF-ACM-10002713","CIG-VAR-057719","Cigarettes","Combustible","Value","30-pack","Combustible"
"OFF-ACM-10002816","CIG-VAR-679446","Cigarettes","Combustible","Premium","10-pack","Combustible"
"OFF-ACM-10003278","CIG-VAR-435248","Cigarettes","Combustible","Value","30-pack","Combustible"
"OFF-ACM-10003510","CIG-VAR-462754","Cigarettes","Combustible","Core","Multi-pack","Combustible"
"OFF-ACM-10003591","CIG-VAR-266296","Cigarettes","Combustible","Core","20-pack","Combustible"
"OFF-ACM-10003715","CIG-VAR-688253","Cigarettes","Combustible","Value","30-pack","Combustible"
"OFF-ACM-10003978","CIG-VAR-556875","Cigarettes","Combustible","Premium","Multi-pack","Combustible"
"OFF-ACM-10004150","CIG-VAR-174846","Cigarettes","Combustible","Premium","30-pack","Combustible"
"OFF-ACM-10004587","CIG-VAR-055439","Cigarettes","Combustible","Value","10-pack","Combustible"
"OFF-ACM-10004669","CIG-VAR-757215","Cigarettes","Combustible","Premium","10-pack","Combustible"
"OFF-ACM-10004895","CIG-VAR-634290","Cigarettes","Combustible","Premium","30-pack","Combustible"
"OFF-ADV-10000177","CIG-VAR-592358","Cigarettes","Combustible","Value","10-pack","Combustible"
"OFF-ADV-10000213","CIG-VAR-856548","Cigarettes","Combustible","Premium","30-pack","Combustible"
"OFF-ADV-10000308","CIG-VAR-501528","Cigarettes","Combustible","Premium","10-pack","Combustible"
"OFF-ADV-10000331","CIG-VAR-326092","Cigarettes","Combustible","Core","Multi-pack","Combustible"
"OFF-ADV-10000425","CIG-VAR-134542","Cigarettes","Combustible","Core","30-pack","Combustible"
"OFF-ADV-10000551","CIG-VAR-809833","Cigarettes","Combustible","Core","Multi-pack","Combustible"
"OFF-ADV-10001124","CIG-VAR-929866","Cigarettes","Combustible","Core","30-pack","Combustible"
"OFF-ADV-10001437","CIG-VAR-495391","Cigarettes","Combustible","Core","30-pack","Combustible"
"OFF-ADV-10001451","CIG-VAR-564396","Cigarettes","Combustible","Premium","20-pack","Combustible"
"OFF-ADV-10002299","CIG-VAR-267087","Cigarettes","Combustible","Premium","Multi-pack","Combustible"
"OFF-ADV-10002549","CIG-VAR-349194","Cigarettes","Combustible","Premium","Multi-pack","Combustible"
"OFF-ADV-10002593","CIG-VAR-660212","Cigarettes","Combustible","Value","10-pack","Combustible"
"OFF-ADV-10003030","CIG-VAR-659729","Cigarettes","Combustible","Value","30-pack","Combustible"
"OFF-ADV-10003050","CIG-VAR-925068","Cigarettes","Combustible","Premium","10-pack","Combustible"
"OFF-ADV-10003125","CIG-VAR-449182","Cigarettes","Combustible","Core","Multi-pack","Combustible"
"OFF-ADV-10003196","CIG-VAR-826918","Cigarettes","Combustible","Core","30-pack","Combustible"
"OFF-ADV-10003369","CIG-VAR-841563","Cigarettes","Combustible","Premium","30-pack","Combustible"
"OFF-ADV-10004030","CIG-VAR-601157","Cigarettes","Combustible","Value","Multi-pack","Combustible"
"OFF-ADV-10004228","CIG-VAR-361078","Cigarettes","Combustible","Core","30-pack","Combustible"
"OFF-ADV-10004241","CIG-VAR-592943","Cigarettes","Combustible","Value","10-pack","Combustible"
"OFF-ADV-10004274","CIG-VAR-069364","Cigarettes","Combustible","Core","10-pack","Combustible"
"OFF-ADV-10004598","CIG-VAR-939364","Cigarettes","Combustible","Core","10-pack","Combustible"
"OFF-ADV-10004875","CIG-VAR-485112","Cigarettes","Combustible","Premium","10-pack","Combustible"
"OFF-AME-10000244","CIG-VAR-781457","Cigarettes","Combustible","Value","30-pack","Combustible"
"OFF-AME-10000360","CIG-VAR-926598","Cigarettes","Combustible","Premium","30-pack","Combustible"
"OFF-AME-10000440","CIG-VAR-075284","Cigarettes","Combustible","Value","20-pack","Combustible"
"OFF-AME-10000851","CIG-VAR-139384","Cigarettes","Combustible","Core","30-pack","Combustible"
"OFF-AME-10000870","CIG-VAR-217001","Cigarettes","Combustible","Value","30-pack","Combustible"
"OFF-AME-10001009","CIG-VAR-521173","Cigarettes","Combustible","Core","10-pack","Combustible"
"OFF-AME-10001179","CIG-VAR-825187","Cigarettes","Combustible","Core","10-pack","Combustible"
"OFF-AME-10001489","CIG-VAR-658151","Cigarettes","Combustible","Value","10-pack","Combustible"
"OFF-AME-10001587","CIG-VAR-549149","Cigarettes","Combustible","Value","10-pack","Combustible"
"OFF-AME-10001641","CIG-VAR-833952","Cigarettes","Combustible","Premium","10-pack","Combustible"
"OFF-AME-10002081","CIG-VAR-889781","Cigarettes","Combustible","Value","10-pack","Combustible"
"OFF-AME-10002376","CIG-VAR-184651","Cigarettes","Combustible","Core","20-pack","Combustible"
"OFF-AME-10002557","CIG-VAR-018306","Cigarettes","Combustible","Premium","Multi-pack","Combustible"
"OFF-AME-10002652","CIG-VAR-084954","Cigarettes","Combustible","Premium","20-pack","Combustible"
"OFF-AME-10002697","CIG-VAR-570890","Cigarettes","Combustible","Value","30-pack","Combustible"
"OFF-AME-10002923","CIG-VAR-370838","Cigarettes","Combustible","Value","20-pack","Combustible"
"OFF-AME-10002949","CIG-VAR-542310","Cigarettes","Combustible","Premium","20-pack","Combustible"
"OFF-AME-10002956","CIG-VAR-458434","Cigarettes","Combustible","Core","20-pack","Combustible"
"OFF-AME-10003089","CIG-VAR-813793","Cigarettes","Combustible","Core","Multi-pack","Combustible"
"OFF-AME-10003167","CIG-VAR-098844","Cigarettes","Combustible","Premium","20-pack","Combustible"
"OFF-AME-10003180","CIG-VAR-793512","Cigarettes","Combustible","Premium","10-pack","Combustible"
"OFF-AME-10004651","CIG-VAR-239240","Cigarettes","Combustible","Value","Multi-pack","Combustible"
"OFF-AME-10004759","CIG-VAR-695220","Cigarettes","Combustible","Premium","30-pack","Combustible"
"OFF-AP-10000003","CIG-VAR-560096","Cigarettes","Combustible","Value","20-pack","Combustible"
"OFF-AP-10000004","CIG-VAR-162769","Cigarettes","Combustible","Core","30-pack","Combustible"
"OFF-AP-10000005","CIG-VAR-226699","Cigarettes","Combustible","Core","10-pack","Combustible"
"OFF-AP-10000023","CIG-VAR-860329","Cigarettes","Combustible","Core","Multi-pack","Combustible"
"OFF-AP-10000026","CIG-VAR-817468","Cigarettes","Combustible","Core","10-pack","Combustible"
"OFF-AP-10000027","CIG-VAR-020537","Cigarettes","Combustible","Value","30-pack","Combustible"
"OFF-AP-10000039","CIG-VAR-739424","Cigarettes","Combustible","Value","10-pack","Combustible"
"OFF-AP-10000043","CIG-VAR-202750","Cigarettes","Combustible","Core","20-pack","Combustible"
"OFF-AP-10000055","CIG-VAR-695326","Cigarettes","Combustible","Core","20-pack","Combustible"
"OFF-AP-10000078","CIG-VAR-830738","Cigarettes","Combustible","Value","30-pack","Combustible"
"OFF-AP-10000108","CIG-VAR-821809","Cigarettes","Combustible","Core","30-pack","Combustible"
"OFF-AP-10000119","CIG-VAR-521237","Cigarettes","Combustible","Value","20-pack","Combustible"
"OFF-AP-10000124","CIG-VAR-427351","Cigarettes","Combustible","Core","Multi-pack","Combustible"
"OFF-AP-10000136","CIG-VAR-839648","Cigarettes","Combustible","Value","30-pack","Combustible"
"OFF-AP-10000159","CIG-VAR-496613","Cigarettes","Combustible","Value","20-pack","Combustible"
"OFF-AP-10000162","CIG-VAR-998030","Cigarettes","Combustible","Value","30-pack","Combustible"
"OFF-AP-10000172","CIG-VAR-720434","Cigarettes","Combustible","Value","Multi-pack","Combustible"
"OFF-AP-10000179","CIG-VAR-713681","Cigarettes","Combustible","Value","Multi-pack","Combustible"
"OFF-AP-10000195","CIG-VAR-964819","Cigarettes","Combustible","Core","30-pack","Combustible"
"OFF-AP-10000200","CIG-VAR-525528","Cigarettes","Combustible","Premium","20-pack","Combustible"
"OFF-AP-10000213","CIG-VAR-227743","Cigarettes","Combustible","Core","30-pack","Combustible"
"OFF-AP-10000226","CIG-VAR-552596","Cigarettes","Combustible","Value","30-pack","Combustible"
"OFF-AP-10000228","CIG-VAR-166162","Cigarettes","Combustible","Core","20-pack","Combustible"
"OFF-AP-10000240","CIG-VAR-760574","Cigarettes","Combustible","Value","20-pack","Combustible"
"OFF-AP-10000252","CIG-VAR-375857","Cigarettes","Combustible","Value","10-pack","Combustible"
"OFF-AP-10000258","CIG-VAR-305189","Cigarettes","Combustible","Value","30-pack","Combustible"
"OFF-AP-10000261","CIG-VAR-255567","Cigarettes","Combustible","Premium","20-pack","Combustible"
"OFF-AP-10000263","CIG-VAR-259925","Cigarettes","Combustible","Value","20-pack","Combustible"
"OFF-AP-10000275","CIG-VAR-661896","Cigarettes","Combustible","Premium","20-pack","Combustible"
"OFF-AP-10000285","CIG-VAR-865291","Cigarettes","Combustible","Core","30-pack","Combustible"
"OFF-AP-10000304","CIG-VAR-812639","Cigarettes","Combustible","Value","Multi-pack","Combustible"
"OFF-AP-10000326","CIG-VAR-466331","Cigarettes","Combustible","Value","20-pack","Combustible"
"OFF-AP-10000329","CIG-VAR-761171","Cigarettes","Combustible","Value","10-pack","Combustible"
"OFF-AP-10000330","CIG-VAR-342919","Cigarettes","Combustible","Core","20-pack","Combustible"
"OFF-AP-10000335","CIG-VAR-796966","Cigarettes","Combustible","Core","30-pack","Combustible"
"OFF-AP-10000344","CIG-VAR-479359","Cigarettes","Combustible","Core","Multi-pack","Combustible"
"OFF-AP-10000358","CIG-VAR-066387","Cigarettes","Combustible","Premium","20-pack","Combustible"
"OFF-AP-10000381","CIG-VAR-058994","Cigarettes","Combustible","Value","10-pack","Combustible"
"OFF-AP-10000382","CIG-VAR-373682","Cigarettes","Combustible","Value","30-pack","Combustible"
"OFF-AP-10000390","CIG-VAR-906468","Cigarettes","Combustible","Premium","Multi-pack","Combustible"
"OFF-AP-10000391","CIG-VAR-978708","Cigarettes","Combustible","Premium","20-pack","Combustible"
"OFF-AP-10000407","CIG-VAR-734105","Cigarettes","Combustible","Value","10-pack","Combustible"
"OFF-AP-10000415","CIG-VAR-729530","Cigarettes","Combustible","Value","20-pack","Combustible"
"OFF-AP-10000423","CIG-VAR-601852","Cigarettes","Combustible","Core","Multi-pack","Combustible"
"OFF-AP-10000437","CIG-VAR-208104","Cigarettes","Combustible","Premium","Multi-pack","Combustible"
"OFF-AP-10000486","CIG-VAR-027583","Cigarettes","Combustible","Core","30-pack","Combustible"
"OFF-AP-10000487","CIG-VAR-056070","Cigarettes","Combustible","Premium","10-pack","Combustible"
"OFF-AP-10000490","CIG-VAR-713897","Cigarettes","Combustible","Value","30-pack","Combustible"
"OFF-AP-10000509","CIG-VAR-422418","Cigarettes","Combustible","Premium","10-pack","Combustible"
"OFF-AP-10000510","CIG-VAR-348931","Cigarettes","Combustible","Core","20-pack","Combustible"
"OFF-AP-10000528","CIG-VAR-177389","Cigarettes","Combustible","Value","10-pack","Combustible"
"OFF-AP-10000534","CIG-VAR-317129","Cigarettes","Combustible","Value","30-pack","Combustible"
"OFF-AP-10000540","CIG-VAR-639953","Cigarettes","Combustible","Value","10-pack","Combustible"
"OFF-AP-10000545","CIG-VAR-125079","Cigarettes","Combustible","Premium","Multi-pack","Combustible"
"OFF-AP-10000569","CIG-VAR-389046","Cigarettes","Combustible","Premium","30-pack","Combustible"
"OFF-AP-10000576","CIG-VAR-335475","Cigarettes","Combustible","Premium","30-pack","Combustible"
"OFF-AP-10000577","CIG-VAR-307729","Cigarettes","Combustible","Core","10-pack","Combustible"
"OFF-AP-10000584","CIG-VAR-577786","Cigarettes","Combustible","Core","20-pack","Combustible"
"OFF-AP-10000595","CIG-VAR-911761","Cigarettes","Combustible","Core","30-pack","Combustible"
"OFF-AP-10000600","CIG-VAR-233876","Cigarettes","Combustible","Value","20-pack","Combustible"
"OFF-AP-10000604","CIG-VAR-177689","Cigarettes","Combustible","Value","10-pack","Combustible"
"OFF-AP-10000615","CIG-VAR-369001","Cigarettes","Combustible","Core","Multi-pack","Combustible"
"OFF-AP-10000621","CIG-VAR-046724","Cigarettes","Combustible","Value","20-pack","Combustible"
"OFF-AP-10000639","CIG-VAR-896792","Cigarettes","Combustible","Value","30-pack","Combustible"
"OFF-AP-10000647","CIG-VAR-156416","Cigarettes","Combustible","Value","30-pack","Combustible"
"OFF-AP-10000653","CIG-VAR-258094","Cigarettes","Combustible","Core","30-pack","Combustible"
"OFF-AP-10000663","CIG-VAR-604634","Cigarettes","Combustible","Value","20-pack","Combustible"
"OFF-AP-10000667","CIG-VAR-282262","Cigarettes","Combustible","Core","10-pack","Combustible"
"OFF-AP-10000672","CIG-VAR-047453","Cigarettes","Combustible","Value","30-pack","Combustible"
"OFF-AP-10000675","CIG-VAR-023477","Cigarettes","Combustible","Value","20-pack","Combustible"
"OFF-AP-10000691","CIG-VAR-137444","Cigarettes","Combustible","Value","30-pack","Combustible"
"OFF-AP-10000692","CIG-VAR-614729","Cigarettes","Combustible","Value","10-pack","Combustible"
"OFF-AP-10000696","CIG-VAR-998328","Cigarettes","Combustible","Premium","20-pack","Combustible"
"OFF-AP-10000717","CIG-VAR-098888","Cigarettes","Combustible","Value","10-pack","Combustible"
"OFF-AP-10000729","CIG-VAR-262827","Cigarettes","Combustible","Premium","10-pack","Combustible"
"OFF-AP-10000751","CIG-VAR-324419","Cigarettes","Combustible","Value","20-pack","Combustible"
"OFF-AP-10000775","CIG-VAR-836758","Cigarettes","Combustible","Core","30-pack","Combustible"
"OFF-AP-10000800","CIG-VAR-250815","Cigarettes","Combustible","Premium","Multi-pack","Combustible"
"OFF-AP-10000802","CIG-VAR-438082","Cigarettes","Combustible","Core","Multi-pack","Combustible"
"OFF-AP-10000804","CIG-VAR-874360","Cigarettes","Combustible","Core","30-pack","Combustible"
"OFF-AP-10000806","CIG-VAR-129217","Cigarettes","Combustible","Core","30-pack","Combustible"
"OFF-AP-10000818","CIG-VAR-074951","Cigarettes","Combustible","Value","10-pack","Combustible"
"OFF-AP-10000825","CIG-VAR-568541","Cigarettes","Combustible","Value","30-pack","Combustible"
"OFF-AP-10000828","CIG-VAR-357339","Cigarettes","Combustible","Premium","Multi-pack","Combustible"
"OFF-AP-10000844","CIG-VAR-221850","Cigarettes","Combustible","Premium","30-pack","Combustible"
"OFF-AP-10000864","CIG-VAR-548434","Cigarettes","Combustible","Core","10-pack","Combustible"
"OFF-AP-10000873","CIG-VAR-562497","Cigarettes","Combustible","Premium","30-pack","Combustible"
"OFF-AP-10000891","CIG-VAR-013934","Cigarettes","Combustible","Value","10-pack","Combustible"
"OFF-AP-10000900","CIG-VAR-770282","Cigarettes","Combustible","Value","10-pack","Combustible"
"OFF-AP-10000904","CIG-VAR-304176","Cigarettes","Combustible","Premium","20-pack","Combustible"
"OFF-AP-10000916","CIG-VAR-706587","Cigarettes","Combustible","Premium","10-pack","Combustible"
"OFF-AP-10000934","CIG-VAR-123995","Cigarettes","Combustible","Value","30-pack","Combustible"
"OFF-AP-10000935","CIG-VAR-767845","Cigarettes","Combustible","Core","10-pack","Combustible"
"OFF-AP-10000938","CIG-VAR-496406","Cigarettes","Combustible","Value","20-pack","Combustible"
"OFF-AP-10000975","CIG-VAR-673773","Cigarettes","Combustible","Premium","10-pack","Combustible"
"OFF-AP-10000977","CIG-VAR-307136","Cigarettes","Combustible","Value","10-pack","Combustible"
"OFF-AP-10000981","CIG-VAR-799209","Cigarettes","Combustible","Premium","30-pack","Combustible"
"OFF-AP-10001005","CIG-VAR-414320","Cigarettes","Combustible","Value","20-pack","Combustible"
"OFF-AP-10001018","CIG-VAR-451316","Cigarettes","Combustible","Value","20-pack","Combustible"
"OFF-AP-10001041","CIG-VAR-631179","Cigarettes","Combustible","Premium","10-pack","Combustible"
"OFF-AP-10001049","CIG-VAR-322446","Cigarettes","Combustible","Premium","30-pack","Combustible"
"OFF-AP-10001058","CIG-VAR-307058","Cigarettes","Combustible","Value","20-pack","Combustible"
"OFF-AP-10001067","CIG-VAR-451971","Cigarettes","Combustible","Premium","Multi-pack","Combustible"
"OFF-AP-10001076","CIG-VAR-277116","Cigarettes","Combustible","Premium","10-pack","Combustible"
"OFF-AP-10001099","CIG-VAR-408230","Cigarettes","Combustible","Value","Multi-pack","Combustible"
"OFF-AP-10001103","CIG-VAR-169201","Cigarettes","Combustible","Core","Multi-pack","Combustible"
"OFF-AP-10001106","CIG-VAR-581709","Cigarettes","Combustible","Premium","10-pack","Combustible"
"OFF-AP-10001124","CIG-VAR-472909","Cigarettes","Combustible","Core","30-pack","Combustible"
"OFF-AP-10001130","CIG-VAR-463019","Cigarettes","Combustible","Value","30-pack","Combustible"
"OFF-AP-10001138","CIG-VAR-871756","Cigarettes","Combustible","Core","10-pack","Combustible"
"OFF-AP-10001154","CIG-VAR-631593","Cigarettes","Combustible","Premium","20-pack","Combustible"
"OFF-AP-10001169","CIG-VAR-536579","Cigarettes","Combustible","Value","Multi-pack","Combustible"
"OFF-AP-10001178","CIG-VAR-800368","Cigarettes","Combustible","Core","10-pack","Combustible"
"OFF-AP-10001190","CIG-VAR-446690","Cigarettes","Combustible","Value","10-pack","Combustible"
"OFF-AP-10001191","CIG-VAR-249383","Cigarettes","Combustible","Value","30-pack","Combustible"
"OFF-AP-10001197","CIG-VAR-556144","Cigarettes","Combustible","Core","Multi-pack","Combustible"
"OFF-AP-10001205","CIG-VAR-220380","Cigarettes","Combustible","Premium","Multi-pack","Combustible"
"OFF-AP-10001233","CIG-VAR-833097","Cigarettes","Combustible","Premium","20-pack","Combustible"
"OFF-AP-10001242","CIG-VAR-201799","Cigarettes","Combustible","Core","10-pack","Combustible"
"OFF-AP-10001254","CIG-VAR-220054","Cigarettes","Combustible","Core","10-pack","Combustible"
"OFF-AP-10001266","CIG-VAR-818917","Cigarettes","Combustible","Core","Multi-pack","Combustible"
"OFF-AP-10001271","CIG-VAR-084529","Cigarettes","Combustible","Core","20-pack","Combustible"
"OFF-AP-10001274","CIG-VAR-158850","Cigarettes","Combustible","Premium","30-pack","Combustible"
"OFF-AP-10001285","CIG-VAR-851578","Cigarettes","Combustible","Core","Multi-pack","Combustible"
"OFF-AP-10001293","CIG-VAR-523620","Cigarettes","Combustible","Premium","Multi-pack","Combustible"
"OFF-AP-10001298","CIG-VAR-048263","Cigarettes","Combustible","Value","Multi-pack","Combustible"
"OFF-AP-10001299","CIG-VAR-715982","Cigarettes","Combustible","Value","20-pack","Combustible"
"OFF-AP-10001303","CIG-VAR-167304","Cigarettes","Combustible","Premium","20-pack","Combustible"
"OFF-AP-10001305","CIG-VAR-682009","Cigarettes","Combustible","Core","10-pack","Combustible"
"OFF-AP-10001322","CIG-VAR-000757","Cigarettes","Combustible","Core","20-pack","Combustible"
"OFF-AP-10001329","CIG-VAR-508974","Cigarettes","Combustible","Premium","20-pack","Combustible"
"OFF-AP-10001335","CIG-VAR-354383","Cigarettes","Combustible","Value","Multi-pack","Combustible"
"OFF-AP-10001366","CIG-VAR-584145","Cigarettes","Combustible","Premium","10-pack","Combustible"
"OFF-AP-10001391","CIG-VAR-253308","Cigarettes","Combustible","Premium","10-pack","Combustible"
"OFF-AP-10001394","CIG-VAR-840943","Cigarettes","Combustible","Core","Multi-pack","Combustible"
"OFF-AP-10001402","CIG-VAR-381608","Cigarettes","Combustible","Value","30-pack","Combustible"
"OFF-AP-10001406","CIG-VAR-024775","Cigarettes","Combustible","Core","Multi-pack","Combustible"
"OFF-AP-10001408","CIG-VAR-006349","Cigarettes","Combustible","Core","10-pack","Combustible"
"OFF-AP-10001458","CIG-VAR-945621","Cigarettes","Combustible","Premium","20-pack","Combustible"
"OFF-AP-10001469","CIG-VAR-274649","Cigarettes","Combustible","Value","10-pack","Combustible"
"OFF-AP-10001492","CIG-VAR-957600","Cigarettes","Combustible","Premium","Multi-pack","Combustible"
"OFF-AP-10001503","CIG-VAR-275328","Cigarettes","Combustible","Premium","Multi-pack","Combustible"
"OFF-AP-10001504","CIG-VAR-664397","Cigarettes","Combustible","Value","10-pack","Combustible"
"OFF-AP-10001510","CIG-VAR-634480","Cigarettes","Combustible","Core","10-pack","Combustible"
"OFF-AP-10001527","CIG-VAR-321766","Cigarettes","Combustible","Core","10-pack","Combustible"
"OFF-AP-10001529","CIG-VAR-713013","Cigarettes","Combustible","Premium","Multi-pack","Combustible"
"OFF-AP-10001548","CIG-VAR-618423","Cigarettes","Combustible","Premium","Multi-pack","Combustible"
"OFF-AP-10001559","CIG-VAR-404424","Cigarettes","Combustible","Premium","10-pack","Combustible"
"OFF-AP-10001563","CIG-VAR-293355","Cigarettes","Combustible","Premium","20-pack","Combustible"
"OFF-AP-10001564","CIG-VAR-770115","Cigarettes","Combustible","Premium","30-pack","Combustible"
"OFF-AP-10001565","CIG-VAR-970159","Cigarettes","Combustible","Core","10-pack","Combustible"
"OFF-AP-10001567","CIG-VAR-294920","Cigarettes","Combustible","Value","10-pack","Combustible"
"OFF-AP-10001568","CIG-VAR-935036","Cigarettes","Combustible","Value","20-pack","Combustible"
"OFF-AP-10001587","CIG-VAR-492861","Cigarettes","Combustible","Premium","30-pack","Combustible"
"OFF-AP-10001593","CIG-VAR-102386","Cigarettes","Combustible","Value","30-pack","Combustible"
"OFF-AP-10001606","CIG-VAR-915129","Cigarettes","Combustible","Premium","20-pack","Combustible"
"OFF-AP-10001617","CIG-VAR-604140","Cigarettes","Combustible","Premium","30-pack","Combustible"
"OFF-AP-10001621","CIG-VAR-227726","Cigarettes","Combustible","Value","10-pack","Combustible"
"OFF-AP-10001623","CIG-VAR-064913","Cigarettes","Combustible","Value","10-pack","Combustible"
"OFF-AP-10001626","CIG-VAR-838656","Cigarettes","Combustible","Premium","Multi-pack","Combustible"
"OFF-AP-10001630","CIG-VAR-488345","Cigarettes","Combustible","Value","Multi-pack","Combustible"
"OFF-AP-10001634","CIG-VAR-962434","Cigarettes","Combustible","Core","30-pack","Combustible"
"OFF-AP-10001635","CIG-VAR-540883","Cigarettes","Combustible","Core","10-pack","Combustible"
"OFF-AP-10001664","CIG-VAR-943266","Cigarettes","Combustible","Premium","Multi-pack","Combustible"
"OFF-AP-10001670","CIG-VAR-825092","Cigarettes","Combustible","Value","Multi-pack","Combustible"
"OFF-AP-10001682","CIG-VAR-190268","Cigarettes","Combustible","Value","10-pack","Combustible"
"OFF-AP-10001692","CIG-VAR-447296","Cigarettes","Combustible","Value","20-pack","Combustible"
"OFF-AP-10001723","CIG-VAR-118412","Cigarettes","Combustible","Value","Multi-pack","Combustible"
"OFF-AP-10001772","CIG-VAR-777563","Cigarettes","Combustible","Value","10-pack","Combustible"
"OFF-AP-10001776","CIG-VAR-428782","Cigarettes","Combustible","Core","20-pack","Combustible"
"OFF-AP-10001797","CIG-VAR-722761","Cigarettes","Combustible","Core","20-pack","Combustible"
"OFF-AP-10001805","CIG-VAR-702712","Cigarettes","Combustible","Core","20-pack","Combustible"
"OFF-AP-10001815","CIG-VAR-037590","Cigarettes","Combustible","Premium","10-pack","Combustible"
"OFF-AP-10001824","CIG-VAR-008524","Cigarettes","Combustible","Core","20-pack","Combustible"
"OFF-AP-10001847","CIG-VAR-971237","Cigarettes","Combustible","Value","20-pack","Combustible"
"OFF-AP-10001876","CIG-VAR-925629","Cigarettes","Combustible","Premium","10-pack","Combustible"
"OFF-AP-10001882","CIG-VAR-540343","Cigarettes","Combustible","Core","30-pack","Combustible"
"OFF-AP-10001885","CIG-VAR-969181","Cigarettes","Combustible","Core","20-pack","Combustible"
"OFF-AP-10001891","CIG-VAR-116705","Cigarettes","Combustible","Value","20-pack","Combustible"
"OFF-AP-10001905","CIG-VAR-649217","Cigarettes","Combustible","Value","30-pack","Combustible"
"OFF-AP-10001916","CIG-VAR-044509","Cigarettes","Combustible","Core","20-pack","Combustible"
"OFF-AP-10001920","CIG-VAR-099359","Cigarettes","Combustible","Value","Multi-pack","Combustible"
"OFF-AP-10001926","CIG-VAR-475685","Cigarettes","Combustible","Value","30-pack","Combustible"
"OFF-AP-10001931","CIG-VAR-254249","Cigarettes","Combustible","Value","10-pack","Combustible"
"OFF-AP-10001941","CIG-VAR-661083","Cigarettes","Combustible","Premium","Multi-pack","Combustible"
"OFF-AP-10001947","CIG-VAR-283302","Cigarettes","Combustible","Premium","30-pack","Combustible"
"OFF-AP-10001955","CIG-VAR-147601","Cigarettes","Combustible","Core","Multi-pack","Combustible"
"OFF-AP-10001956","CIG-VAR-981164","Cigarettes","Combustible","Value","20-pack","Combustible"
"OFF-AP-10001962","CIG-VAR-949624","Cigarettes","Combustible","Core","Multi-pack","Combustible"
"OFF-AP-10001975","CIG-VAR-522657","Cigarettes","Combustible","Premium","20-pack","Combustible"
"OFF-AP-10002008","CIG-VAR-887054","Cigarettes","Combustible","Value","30-pack","Combustible"
"OFF-AP-10002017","CIG-VAR-118294","Cigarettes","Combustible","Core","30-pack","Combustible"
"OFF-AP-10002041","CIG-VAR-015768","Cigarettes","Combustible","Premium","30-pack","Combustible"
"OFF-AP-10002057","CIG-VAR-957068","Cigarettes","Combustible","Value","30-pack","Combustible"
"OFF-AP-10002082","CIG-VAR-593114","Cigarettes","Combustible","Value","10-pack","Combustible"
"OFF-AP-10002090","CIG-VAR-160325","Cigarettes","Combustible","Value","20-pack","Combustible"
"OFF-AP-10002104","CIG-VAR-165490","Cigarettes","Combustible","Core","30-pack","Combustible"
"OFF-AP-10002118","CIG-VAR-249746","Cigarettes","Combustible","Value","10-pack","Combustible"
"OFF-AP-10002128","CIG-VAR-143698","Cigarettes","Combustible","Core","Multi-pack","Combustible"
"OFF-AP-10002134","CIG-VAR-299690","Cigarettes","Combustible","Value","20-pack","Combustible"
"OFF-AP-10002165","CIG-VAR-539797","Cigarettes","Combustible","Core","30-pack","Combustible"
"OFF-AP-10002186","CIG-VAR-626211","Cigarettes","Combustible","Premium","30-pack","Combustible"
"OFF-AP-10002191","CIG-VAR-837364","Cigarettes","Combustible","Core","10-pack","Combustible"
"OFF-AP-10002203","CIG-VAR-323910","Cigarettes","Combustible","Premium","10-pack","Combustible"
"OFF-AP-10002222","CIG-VAR-796023","Cigarettes","Combustible","Premium","10-pack","Combustible"
"OFF-AP-10002223","CIG-VAR-357213","Cigarettes","Combustible","Premium","30-pack","Combustible"
"OFF-AP-10002226","CIG-VAR-115821","Cigarettes","Combustible","Premium","20-pack","Combustible"
"OFF-AP-10002229","CIG-VAR-299022","Cigarettes","Combustible","Premium","10-pack","Combustible"
"OFF-AP-10002238","CIG-VAR-709071","Cigarettes","Combustible","Premium","Multi-pack","Combustible"
"OFF-AP-10002239","CIG-VAR-371757","Cigarettes","Combustible","Premium","20-pack","Combustible"
"OFF-AP-10002244","CIG-VAR-432100","Cigarettes","Combustible","Core","Multi-pack","Combustible"
"OFF-AP-10002252","CIG-VAR-487824","Cigarettes","Combustible","Premium","Multi-pack","Combustible"
"OFF-AP-10002264","CIG-VAR-412755","Cigarettes","Combustible","Premium","20-pack","Combustible"
"OFF-AP-10002283","CIG-VAR-544680","Cigarettes","Combustible","Premium","10-pack","Combustible"
"OFF-AP-10002287","CIG-VAR-724785","Cigarettes","Combustible","Premium","20-pack","Combustible"
"OFF-AP-10002306","CIG-VAR-349066","Cigarettes","Combustible","Core","10-pack","Combustible"
"OFF-AP-10002311","CIG-VAR-036783","Cigarettes","Combustible","Premium","30-pack","Combustible"
"OFF-AP-10002312","CIG-VAR-693797","Cigarettes","Combustible","Value","10-pack","Combustible"
"OFF-AP-10002317","CIG-VAR-344001","Cigarettes","Combustible","Premium","Multi-pack","Combustible"
"OFF-AP-10002321","CIG-VAR-428308","Cigarettes","Combustible","Core","20-pack","Combustible"
"OFF-AP-10002326","CIG-VAR-058230","Cigarettes","Combustible","Premium","30-pack","Combustible"
"OFF-AP-10002330","CIG-VAR-237288","Cigarettes","Combustible","Premium","30-pack","Combustible"
"OFF-AP-10002344","CIG-VAR-954080","Cigarettes","Combustible","Value","10-pack","Combustible"
"OFF-AP-10002350","CIG-VAR-117128","Cigarettes","Combustible","Value","10-pack","Combustible"
"OFF-AP-10002351","CIG-VAR-822343","Cigarettes","Combustible","Core","30-pack","Combustible"
"OFF-AP-10002360","CIG-VAR-555914","Cigarettes","Combustible","Value","Multi-pack","Combustible"
"OFF-AP-10002361","CIG-VAR-671541","Cigarettes","Combustible","Premium","20-pack","Combustible"
"OFF-AP-10002364","CIG-VAR-720723","Cigarettes","Combustible","Premium","30-pack","Combustible"
"OFF-AP-10002371","CIG-VAR-522110","Cigarettes","Combustible","Value","10-pack","Combustible"
"OFF-AP-10002397","CIG-VAR-194733","Cigarettes","Combustible","Premium","Multi-pack","Combustible"
"OFF-AP-10002403","CIG-VAR-811613","Cigarettes","Combustible","Value","30-pack","Combustible"
"OFF-AP-10002413","CIG-VAR-977044","Cigarettes","Combustible","Core","Multi-pack","Combustible"
"OFF-AP-10002421","CIG-VAR-531246","Cigarettes","Combustible","Premium","10-pack","Combustible"
"OFF-AP-10002425","CIG-VAR-600972","Cigarettes","Combustible","Premium","20-pack","Combustible"
"OFF-AP-10002433","CIG-VAR-270861","Cigarettes","Combustible","Premium","20-pack","Combustible"
"OFF-AP-10002439","CIG-VAR-045715","Cigarettes","Combustible","Core","Multi-pack","Combustible"
"OFF-AP-10002457","CIG-VAR-520196","Cigarettes","Combustible","Value","30-pack","Combustible"
"OFF-AP-10002472","CIG-VAR-331928","Cigarettes","Combustible","Value","Multi-pack","Combustible"
"OFF-AP-10002476","CIG-VAR-697109","Cigarettes","Combustible","Value","30-pack","Combustible"
"OFF-AP-10002495","CIG-VAR-929584","Cigarettes","Combustible","Core","30-pack","Combustible"
"OFF-AP-10002497","CIG-VAR-205184","Cigarettes","Combustible","Value","30-pack","Combustible"
"OFF-AP-10002499","CIG-VAR-086101","Cigarettes","Combustible","Core","20-pack","Combustible"
"OFF-AP-10002518","CIG-VAR-525166","Cigarettes","Combustible","Core","10-pack","Combustible"
"OFF-AP-10002531","CIG-VAR-253129","Cigarettes","Combustible","Core","30-pack","Combustible"
"OFF-AP-10002534","CIG-VAR-259259","Cigarettes","Combustible","Value","20-pack","Combustible"
"OFF-AP-10002536","CIG-VAR-622831","Cigarettes","Combustible","Core","20-pack","Combustible"
"OFF-AP-10002537","CIG-VAR-752069","Cigarettes","Combustible","Value","Multi-pack","Combustible"
"OFF-AP-10002552","CIG-VAR-127108","Cigarettes","Combustible","Core","30-pack","Combustible"
"OFF-AP-10002568","CIG-VAR-990252","Cigarettes","Combustible","Premium","Multi-pack","Combustible"
"OFF-AP-10002573","CIG-VAR-169199","Cigarettes","Combustible","Value","30-pack","Combustible"
"OFF-AP-10002577","CIG-VAR-462819","Cigarettes","Combustible","Premium","Multi-pack","Combustible"
"OFF-AP-10002578","CIG-VAR-950306","Cigarettes","Combustible","Value","30-pack","Combustible"
"OFF-AP-10002608","CIG-VAR-118633","Cigarettes","Combustible","Core","10-pack","Combustible"
"OFF-AP-10002625","CIG-VAR-328076","Cigarettes","Combustible","Value","Multi-pack","Combustible"
"OFF-AP-10002629","CIG-VAR-583728","Cigarettes","Combustible","Premium","10-pack","Combustible"
"OFF-AP-10002651","CIG-VAR-111104","Cigarettes","Combustible","Value","20-pack","Combustible"
"OFF-AP-10002670","CIG-VAR-501449","Cigarettes","Combustible","Value","20-pack","Combustible"
"OFF-AP-10002675","CIG-VAR-845977","Cigarettes","Combustible","Core","30-pack","Combustible"
"OFF-AP-10002681","CIG-VAR-328170","Cigarettes","Combustible","Premium","10-pack","Combustible"
"OFF-AP-10002684","CIG-VAR-476210","Cigarettes","Combustible","Value","Multi-pack","Combustible"
"OFF-AP-10002697","CIG-VAR-097523","Cigarettes","Combustible","Value","10-pack","Combustible"
"OFF-AP-10002698","CIG-VAR-293170","Cigarettes","Combustible","Core","20-pack","Combustible"
"OFF-AP-10002709","CIG-VAR-992393","Cigarettes","Combustible","Value","20-pack","Combustible"
"OFF-AP-10002734","CIG-VAR-591527","Cigarettes","Combustible","Value","Multi-pack","Combustible"
"OFF-AP-10002735","CIG-VAR-044131","Cigarettes","Combustible","Core","20-pack","Combustible"
"OFF-AP-10002753","CIG-VAR-389817","Cigarettes","Combustible","Premium","30-pack","Combustible"
"OFF-AP-10002764","CIG-VAR-206027","Cigarettes","Combustible","Value","30-pack","Combustible"
"OFF-AP-10002765","CIG-VAR-862062","Cigarettes","Combustible","Premium","10-pack","Combustible"
"OFF-AP-10002793","CIG-VAR-559210","Cigarettes","Combustible","Core","30-pack","Combustible"
"OFF-AP-10002794","CIG-VAR-659772","Cigarettes","Combustible","Premium","20-pack","Combustible"
"OFF-AP-10002822","CIG-VAR-707034","Cigarettes","Combustible","Premium","30-pack","Combustible"
"OFF-AP-10002867","CIG-VAR-152731","Cigarettes","Combustible","Core","20-pack","Combustible"
"OFF-AP-10002872","CIG-VAR-171570","Cigarettes","Combustible","Premium","Multi-pack","Combustible"
"OFF-AP-10002882","CIG-VAR-107561","Cigarettes","Combustible","Value","10-pack","Combustible"
"OFF-AP-10002892","CIG-VAR-401927","Cigarettes","Combustible","Value","20-pack","Combustible"
"OFF-AP-10002899","CIG-VAR-939129","Cigarettes","Combustible","Premium","20-pack","Combustible"
"OFF-AP-10002904","CIG-VAR-810386","Cigarettes","Combustible","Value","30-pack","Combustible"
"OFF-AP-10002906","CIG-VAR-294304","Cigarettes","Combustible","Core","30-pack","Combustible"
"OFF-AP-10002932","CIG-VAR-262196","Cigarettes","Combustible","Value","10-pack","Combustible"
"OFF-AP-10002933","CIG-VAR-449689","Cigarettes","Combustible","Core","30-pack","Combustible"
"OFF-AP-10002938","CIG-VAR-552635","Cigarettes","Combustible","Value","30-pack","Combustible"
"OFF-AP-10002941","CIG-VAR-138618","Cigarettes","Combustible","Premium","20-pack","Combustible"
"OFF-AP-10002945","CIG-VAR-537151","Cigarettes","Combustible","Core","10-pack","Combustible"
"OFF-AP-10002960","CIG-VAR-634411","Cigarettes","Combustible","Core","20-pack","Combustible"
"OFF-AP-10002963","CIG-VAR-586528","Cigarettes","Combustible","Core","Multi-pack","Combustible"
"OFF-AP-10002998","CIG-VAR-252680","Cigarettes","Combustible","Value","10-pack","Combustible"
"OFF-AP-10003007","CIG-VAR-615739","Cigarettes","Combustible","Core","30-pack","Combustible"
"OFF-AP-10003021","CIG-VAR-232235","Cigarettes","Combustible","Value","20-pack","Combustible"
"OFF-AP-10003032","CIG-VAR-950545","Cigarettes","Combustible","Core","30-pack","Combustible"
"OFF-AP-10003040","CIG-VAR-961729","Cigarettes","Combustible","Core","20-pack","Combustible"
"OFF-AP-10003043","CIG-VAR-478397","Cigarettes","Combustible","Value","Multi-pack","Combustible"
"OFF-AP-10003057","CIG-VAR-513753","Cigarettes","Combustible","Premium","Multi-pack","Combustible"
"OFF-AP-10003079","CIG-VAR-381388","Cigarettes","Combustible","Core","30-pack","Combustible"
"OFF-AP-10003099","CIG-VAR-465833","Cigarettes","Combustible","Value","10-pack","Combustible"
"OFF-AP-10003135","CIG-VAR-190855","Cigarettes","Combustible","Core","30-pack","Combustible"
"OFF-AP-10003177","CIG-VAR-182506","Cigarettes","Combustible","Core","30-pack","Combustible"
"OFF-AP-10003182","CIG-VAR-281366","Cigarettes","Combustible","Value","30-pack","Combustible"
"OFF-AP-10003184","CIG-VAR-491329","Cigarettes","Combustible","Core","Multi-pack","Combustible"
"OFF-AP-10003210","CIG-VAR-550700","Cigarettes","Combustible","Value","30-pack","Combustible"
"OFF-AP-10003217","CIG-VAR-124791","Cigarettes","Combustible","Premium","20-pack","Combustible"
"OFF-AP-10003221","CIG-VAR-736507","Cigarettes","Combustible","Core","Multi-pack","Combustible"
"OFF-AP-10003236","CIG-VAR-805574","Cigarettes","Combustible","Value","20-pack","Combustible"
"OFF-AP-10003240","CIG-VAR-376433","Cigarettes","Combustible","Value","Multi-pack","Combustible"
"OFF-AP-10003259","CIG-VAR-018857","Cigarettes","Combustible","Value","30-pack","Combustible"
"OFF-AP-10003266","CIG-VAR-040361","Cigarettes","Combustible","Value","10-pack","Combustible"
"OFF-AP-10003275","CIG-VAR-730408","Cigarettes","Combustible","Core","Multi-pack","Combustible"
"OFF-AP-10003278","CIG-VAR-124184","Cigarettes","Combustible","Value","30-pack","Combustible"
"OFF-AP-10003281","CIG-VAR-851523","Cigarettes","Combustible","Premium","20-pack","Combustible"
"OFF-AP-10003287","CIG-VAR-218535","Cigarettes","Combustible","Premium","10-pack","Combustible"
"OFF-AP-10003298","CIG-VAR-527080","Cigarettes","Combustible","Core","10-pack","Combustible"
"OFF-AP-10003304","CIG-VAR-685258","Cigarettes","Combustible","Core","20-pack","Combustible"
"OFF-AP-10003308","CIG-VAR-308023","Cigarettes","Combustible","Core","30-pack","Combustible"
"OFF-AP-10003318","CIG-VAR-761594","Cigarettes","Combustible","Value","Multi-pack","Combustible"
"OFF-AP-10003334","CIG-VAR-928081","Cigarettes","Combustible","Core","30-pack","Combustible"
"OFF-AP-10003354","CIG-VAR-351179","Cigarettes","Combustible","Value","10-pack","Combustible"
"OFF-AP-10003363","CIG-VAR-357970","Cigarettes","Combustible","Core","10-pack","Combustible"
"OFF-AP-10003380","CIG-VAR-874364","Cigarettes","Combustible","Value","10-pack","Combustible"
"OFF-AP-10003382","CIG-VAR-110888","Cigarettes","Combustible","Value","10-pack","Combustible"
"OFF-AP-10003400","CIG-VAR-251258","Cigarettes","Combustible","Value","20-pack","Combustible"
"OFF-AP-10003431","CIG-VAR-319354","Cigarettes","Combustible","Core","10-pack","Combustible"
"OFF-AP-10003442","CIG-VAR-792784","Cigarettes","Combustible","Core","20-pack","Combustible"
"OFF-AP-10003473","CIG-VAR-245153","Cigarettes","Combustible","Value","10-pack","Combustible"
"OFF-AP-10003477","CIG-VAR-809819","Cigarettes","Combustible","Value","20-pack","Combustible"
"OFF-AP-10003491","CIG-VAR-026570","Cigarettes","Combustible","Value","30-pack","Combustible"
"OFF-AP-10003497","CIG-VAR-776996","Cigarettes","Combustible","Value","Multi-pack","Combustible"
"OFF-AP-10003500","CIG-VAR-330780","Cigarettes","Combustible","Premium","30-pack","Combustible"
"OFF-AP-10003511","CIG-VAR-960751","Cigarettes","Combustible","Core","20-pack","Combustible"
"OFF-AP-10003524","CIG-VAR-371597","Cigarettes","Combustible","Value","20-pack","Combustible"
"OFF-AP-10003538","CIG-VAR-786704","Cigarettes","Combustible","Value","Multi-pack","Combustible"
"OFF-AP-10003558","CIG-VAR-318789","Cigarettes","Combustible","Premium","20-pack","Combustible"
"OFF-AP-10003559","CIG-VAR-248501","Cigarettes","Combustible","Value","Multi-pack","Combustible"
"OFF-AP-10003561","CIG-VAR-691382","Cigarettes","Combustible","Value","30-pack","Combustible"
"OFF-AP-10003562","CIG-VAR-803200","Cigarettes","Combustible","Core","10-pack","Combustible"
"OFF-AP-10003568","CIG-VAR-359196","Cigarettes","Combustible","Premium","30-pack","Combustible"
"OFF-AP-10003577","CIG-VAR-335972","Cigarettes","Combustible","Value","30-pack","Combustible"
"OFF-AP-10003588","CIG-VAR-526046","Cigarettes","Combustible","Value","10-pack","Combustible"
"OFF-AP-10003590","CIG-VAR-412871","Cigarettes","Combustible","Value","Multi-pack","Combustible"
"OFF-AP-10003598","CIG-VAR-471315","Cigarettes","Combustible","Premium","20-pack","Combustible"
"OFF-AP-10003610","CIG-VAR-477194","Cigarettes","Combustible","Value","30-pack","Combustible"
"OFF-AP-10003615","CIG-VAR-332314","Cigarettes","Combustible","Core","20-pack","Combustible"
"OFF-AP-10003618","CIG-VAR-317688","Cigarettes","Combustible","Premium","10-pack","Combustible"
"OFF-AP-10003621","CIG-VAR-945672","Cigarettes","Combustible","Premium","Multi-pack","Combustible"
"OFF-AP-10003622","CIG-VAR-983841","Cigarettes","Combustible","Premium","20-pack","Combustible"
"OFF-AP-10003625","CIG-VAR-890044","Cigarettes","Combustible","Core","30-pack","Combustible"
"OFF-AP-10003702","CIG-VAR-023617","Cigarettes","Combustible","Core","10-pack","Combustible"
"OFF-AP-10003717","CIG-VAR-921791","Cigarettes","Combustible","Value","30-pack","Combustible"
"OFF-AP-10003758","CIG-VAR-247014","Cigarettes","Combustible","Premium","Multi-pack","Combustible"
"OFF-AP-10003774","CIG-VAR-997206","Cigarettes","Combustible","Premium","30-pack","Combustible"
"OFF-AP-10003779","CIG-VAR-325631","Cigarettes","Combustible","Value","Multi-pack","Combustible"
"OFF-AP-10003794","CIG-VAR-025149","Cigarettes","Combustible","Premium","10-pack","Combustible"
"OFF-AP-10003795","CIG-VAR-248085","Cigarettes","Combustible","Premium","30-pack","Combustible"
"OFF-AP-10003800","CIG-VAR-317279","Cigarettes","Combustible","Value","20-pack","Combustible"
"OFF-AP-10003834","CIG-VAR-350839","Cigarettes","Combustible","Core","Multi-pack","Combustible"
"OFF-AP-10003842","CIG-VAR-114370","Cigarettes","Combustible","Core","20-pack","Combustible"
"OFF-AP-10003849","CIG-VAR-662475","Cigarettes","Combustible","Premium","20-pack","Combustible"
"OFF-AP-10003850","CIG-VAR-783816","Cigarettes","Combustible","Premium","10-pack","Combustible"
"OFF-AP-10003860","CIG-VAR-853918","Cigarettes","Combustible","Core","Multi-pack","Combustible"
"OFF-AP-10003866","CIG-VAR-543560","Cigarettes","Combustible","Value","30-pack","Combustible"
"OFF-AP-10003884","CIG-VAR-176407","Cigarettes","Combustible","Core","10-pack","Combustible"
"OFF-AP-10003909","CIG-VAR-323723","Cigarettes","Combustible","Value","30-pack","Combustible"
"OFF-AP-10003912","CIG-VAR-735951","Cigarettes","Combustible","Premium","Multi-pack","Combustible"
"OFF-AP-10003914","CIG-VAR-853494","Cigarettes","Combustible","Premium","30-pack","Combustible"
"OFF-AP-10003917","CIG-VAR-970391","Cigarettes","Combustible","Value","10-pack","Combustible"
"OFF-AP-10003945","CIG-VAR-027006","Cigarettes","Combustible","Premium","20-pack","Combustible"
"OFF-AP-10003956","CIG-VAR-450436","Cigarettes","Combustible","Core","30-pack","Combustible"
"OFF-AP-10003963","CIG-VAR-260228","Cigarettes","Combustible","Value","30-pack","Combustible"
"OFF-AP-10003965","CIG-VAR-982953","Cigarettes","Combustible","Premium","Multi-pack","Combustible"
"OFF-AP-10003971","CIG-VAR-239784","Cigarettes","Combustible","Premium","Multi-pack","Combustible"
"OFF-AP-10003972","CIG-VAR-316249","Cigarettes","Combustible","Core","20-pack","Combustible"
"OFF-AP-10003979","CIG-VAR-338950","Cigarettes","Combustible","Core","20-pack","Combustible"
"OFF-AP-10004031","CIG-VAR-309399","Cigarettes","Combustible","Premium","20-pack","Combustible"
"OFF-AP-10004036","CIG-VAR-042311","Cigarettes","Combustible","Value","30-pack","Combustible"
"OFF-AP-10004041","CIG-VAR-216243","Cigarettes","Combustible","Premium","30-pack","Combustible"
"OFF-AP-10004052","CIG-VAR-906254","Cigarettes","Combustible","Value","20-pack","Combustible"
"OFF-AP-10004063","CIG-VAR-342759","Cigarettes","Combustible","Premium","10-pack","Combustible"
"OFF-AP-10004113","CIG-VAR-009494","Cigarettes","Combustible","Value","10-pack","Combustible"
"OFF-AP-10004136","CIG-VAR-394806","Cigarettes","Combustible","Premium","20-pack","Combustible"
"OFF-AP-10004140","CIG-VAR-101661","Cigarettes","Combustible","Premium","Multi-pack","Combustible"
"OFF-AP-10004168","CIG-VAR-689144","Cigarettes","Combustible","Value","Multi-pack","Combustible"
"OFF-AP-10004183","CIG-VAR-649696","Cigarettes","Combustible","Core","20-pack","Combustible"
"OFF-AP-10004186","CIG-VAR-416319","Cigarettes","Combustible","Premium","30-pack","Combustible"
"OFF-AP-10004191","CIG-VAR-762034","Cigarettes","Combustible","Core","10-pack","Combustible"
"OFF-AP-10004201","CIG-VAR-116422","Cigarettes","Combustible","Core","10-pack","Combustible"
"OFF-AP-10004220","CIG-VAR-556376","Cigarettes","Combustible","Value","10-pack","Combustible"
"OFF-AP-10004226","CIG-VAR-199546","Cigarettes","Combustible","Core","20-pack","Combustible"
"OFF-AP-10004227","CIG-VAR-882652","Cigarettes","Combustible","Core","Multi-pack","Combustible"
"OFF-AP-10004233","CIG-VAR-116230","Cigarettes","Combustible","Core","Multi-pack","Combustible"
"OFF-AP-10004245","CIG-VAR-384862","Cigarettes","Combustible","Core","20-pack","Combustible"
"OFF-AP-10004246","CIG-VAR-218142","Cigarettes","Combustible","Premium","Multi-pack","Combustible"
"OFF-AP-10004248","CIG-VAR-799437","Cigarettes","Combustible","Premium","10-pack","Combustible"
"OFF-AP-10004249","CIG-VAR-576132","Cigarettes","Combustible","Premium","30-pack","Combustible"
"OFF-AP-10004274","CIG-VAR-769061","Cigarettes","Combustible","Value","10-pack","Combustible"
"OFF-AP-10004293","CIG-VAR-471649","Cigarettes","Combustible","Core","20-pack","Combustible"
"OFF-AP-10004295","CIG-VAR-521565","Cigarettes","Combustible","Premium","10-pack","Combustible"
"OFF-AP-10004305","CIG-VAR-812361","Cigarettes","Combustible","Premium","30-pack","Combustible"
"OFF-AP-10004336","CIG-VAR-143482","Cigarettes","Combustible","Core","Multi-pack","Combustible"
"OFF-AP-10004350","CIG-VAR-112810","Cigarettes","Combustible","Core","10-pack","Combustible"
"OFF-AP-10004372","CIG-VAR-023706","Cigarettes","Combustible","Premium","30-pack","Combustible"
"OFF-AP-10004415","CIG-VAR-548512","Cigarettes","Combustible","Core","30-pack","Combustible"
"OFF-AP-10004425","CIG-VAR-463665","Cigarettes","Combustible","Premium","20-pack","Combustible"
"OFF-AP-10004453","CIG-VAR-050620","Cigarettes","Combustible","Core","Multi-pack","Combustible"
"OFF-AP-10004464","CIG-VAR-999745","Cigarettes","Combustible","Core","Multi-pack","Combustible"
"OFF-AP-10004466","CIG-VAR-007485","Cigarettes","Combustible","Premium","Multi-pack","Combustible"
"OFF-AP-10004487","CIG-VAR-334841","Cigarettes","Combustible","Value","Multi-pack","Combustible"
"OFF-AP-10004494","CIG-VAR-632848","Cigarettes","Combustible","Core","10-pack","Combustible"
"OFF-AP-10004499","CIG-VAR-046179","Cigarettes","Combustible","Premium","20-pack","Combustible"
"OFF-AP-10004511","CIG-VAR-172319","Cigarettes","Combustible","Value","10-pack","Combustible"
"OFF-AP-10004512","CIG-VAR-384235","Cigarettes","Combustible","Core","30-pack","Combustible"
"OFF-AP-10004515","CIG-VAR-633815","Cigarettes","Combustible","Value","20-pack","Combustible"
"OFF-AP-10004527","CIG-VAR-127424","Cigarettes","Combustible","Value","30-pack","Combustible"
"OFF-AP-10004532","CIG-VAR-201979","Cigarettes","Combustible","Core","10-pack","Combustible"
"OFF-AP-10004540","CIG-VAR-153734","Cigarettes","Combustible","Value","Multi-pack","Combustible"
"OFF-AP-10004569","CIG-VAR-687510","Cigarettes","Combustible","Premium","20-pack","Combustible"
"OFF-AP-10004571","CIG-VAR-516322","Cigarettes","Combustible","Core","30-pack","Combustible"
"OFF-AP-10004572","CIG-VAR-550338","Cigarettes","Combustible","Premium","10-pack","Combustible"
"OFF-AP-10004627","CIG-VAR-943819","Cigarettes","Combustible","Core","Multi-pack","Combustible"
"OFF-AP-10004646","CIG-VAR-850765","Cigarettes","Combustible","Core","Multi-pack","Combustible"
"OFF-AP-10004655","CIG-VAR-520000","Cigarettes","Combustible","Core","10-pack","Combustible"
"OFF-AP-10004665","CIG-VAR-594341","Cigarettes","Combustible","Value","Multi-pack","Combustible"
"OFF-AP-10004698","CIG-VAR-655416","Cigarettes","Combustible","Premium","20-pack","Combustible"
"OFF-AP-10004708","CIG-VAR-393505","Cigarettes","Combustible","Core","Multi-pack","Combustible"
"OFF-AP-10004711","CIG-VAR-611055","Cigarettes","Combustible","Premium","30-pack","Combustible"
"OFF-AP-10004749","CIG-VAR-996274","Cigarettes","Combustible","Core","20-pack","Combustible"
"OFF-AP-10004755","CIG-VAR-216627","Cigarettes","Combustible","Premium","Multi-pack","Combustible"
"OFF-AP-10004756","CIG-VAR-272411","Cigarettes","Combustible","Value","20-pack","Combustible"
"OFF-AP-10004785","CIG-VAR-437024","Cigarettes","Combustible","Value","30-pack","Combustible"
"OFF-AP-10004821","CIG-VAR-468297","Cigarettes","Combustible","Premium","10-pack","Combustible"
"OFF-AP-10004825","CIG-VAR-275274","Cigarettes","Combustible","Premium","20-pack","Combustible"
"OFF-AP-10004841","CIG-VAR-254420","Cigarettes","Combustible","Value","30-pack","Combustible"
"OFF-AP-10004859","CIG-VAR-748656","Cigarettes","Combustible","Premium","20-pack","Combustible"
"OFF-AP-10004868","CIG-VAR-878019","Cigarettes","Combustible","Premium","10-pack","Combustible"
"OFF-AP-10004869","CIG-VAR-382005","Cigarettes","Combustible","Premium","30-pack","Combustible"
"OFF-AP-10004882","CIG-VAR-069744","Cigarettes","Combustible","Premium","10-pack","Combustible"
"OFF-AP-10004913","CIG-VAR-624711","Cigarettes","Combustible","Premium","10-pack","Combustible"
"OFF-AP-10004919","CIG-VAR-877222","Cigarettes","Combustible","Core","30-pack","Combustible"
"OFF-AP-10004921","CIG-VAR-605763","Cigarettes","Combustible","Premium","Multi-pack","Combustible"
"OFF-AP-10004937","CIG-VAR-775704","Cigarettes","Combustible","Premium","Multi-pack","Combustible"
"OFF-AP-10004946","CIG-VAR-421305","Cigarettes","Combustible","Premium","30-pack","Combustible"
"OFF-AP-10004958","CIG-VAR-760792","Cigarettes","Combustible","Core","10-pack","Combustible"
"OFF-AP-10004964","CIG-VAR-414255","Cigarettes","Combustible","Premium","10-pack","Combustible"
"OFF-AP-10004972","CIG-VAR-463837","Cigarettes","Combustible","Core","10-pack","Combustible"
"OFF-AP-10004978","CIG-VAR-543472","Cigarettes","Combustible","Core","30-pack","Combustible"
"OFF-AP-10004980","CIG-VAR-618631","Cigarettes","Combustible","Core","Multi-pack","Combustible"
"OFF-AP-10004994","CIG-VAR-978647","Cigarettes","Combustible","Value","Multi-pack","Combustible"
"OFF-AR-10000019","CIG-VAR-316336","Cigarettes","Combustible","Core","Multi-pack","Combustible"
"OFF-AR-10000027","CIG-VAR-225390","Cigarettes","Combustible","Premium","Multi-pack","Combustible"
"OFF-AR-10000034","CIG-VAR-620567","Cigarettes","Combustible","Value","10-pack","Combustible"
"OFF-AR-10000054","CIG-VAR-150198","Cigarettes","Combustible","Premium","30-pack","Combustible"
"OFF-AR-10000058","CIG-VAR-555033","Cigarettes","Combustible","Premium","20-pack","Combustible"
"OFF-AR-10000066","CIG-VAR-589271","Cigarettes","Combustible","Value","20-pack","Combustible"
"OFF-AR-10000067","CIG-VAR-424414","Cigarettes","Combustible","Core","Multi-pack","Combustible"
"OFF-AR-10000079","CIG-VAR-286444","Cigarettes","Combustible","Core","20-pack","Combustible"
"OFF-AR-10000082","CIG-VAR-573761","Cigarettes","Combustible","Value","30-pack","Combustible"
"OFF-AR-10000091","CIG-VAR-997349","Cigarettes","Combustible","Value","20-pack","Combustible"
"OFF-AR-10000097","CIG-VAR-605516","Cigarettes","Combustible","Value","10-pack","Combustible"
"OFF-AR-10000110","CIG-VAR-120867","Cigarettes","Combustible","Premium","10-pack","Combustible"
"OFF-AR-10000120","CIG-VAR-916495","Cigarettes","Combustible","Core","Multi-pack","Combustible"
"OFF-AR-10000122","CIG-VAR-187861","Cigarettes","Combustible","Core","Multi-pack","Combustible"
"OFF-AR-10000124","CIG-VAR-160075","Cigarettes","Combustible","Core","30-pack","Combustible"
"OFF-AR-10000125","CIG-VAR-331777","Cigarettes","Combustible","Core","10-pack","Combustible"
"OFF-AR-10000127","CIG-VAR-504754","Cigarettes","Combustible","Core","10-pack","Combustible"
"OFF-AR-10000150","CIG-VAR-295554","Cigarettes","Combustible","Premium","10-pack","Combustible"
"OFF-AR-10000156","CIG-VAR-439208","Cigarettes","Combustible","Value","20-pack","Combustible"
"OFF-AR-10000176","CIG-VAR-298605","Cigarettes","Combustible","Premium","Multi-pack","Combustible"
"OFF-AR-10000179","CIG-VAR-468012","Cigarettes","Combustible","Premium","30-pack","Combustible"
"OFF-AR-10000184","CIG-VAR-651456","Cigarettes","Combustible","Premium","10-pack","Combustible"
"OFF-AR-10000185","CIG-VAR-699194","Cigarettes","Combustible","Value","30-pack","Combustible"
"OFF-AR-10000203","CIG-VAR-689788","Cigarettes","Combustible","Core","30-pack","Combustible"
"OFF-AR-10000205","CIG-VAR-867243","Cigarettes","Combustible","Premium","Multi-pack","Combustible"
"OFF-AR-10000219","CIG-VAR-836743","Cigarettes","Combustible","Core","20-pack","Combustible"
"OFF-AR-10000227","CIG-VAR-976093","Cigarettes","Combustible","Core","20-pack","Combustible"
"OFF-AR-10000242","CIG-VAR-513129","Cigarettes","Combustible","Premium","10-pack","Combustible"
"OFF-AR-10000246","CIG-VAR-614979","Cigarettes","Combustible","Premium","20-pack","Combustible"
"OFF-AR-10000249","CIG-VAR-155229","Cigarettes","Combustible","Premium","10-pack","Combustible"
"OFF-AR-10000251","CIG-VAR-811222","Cigarettes","Combustible","Core","Multi-pack","Combustible"
"OFF-AR-10000255","CIG-VAR-945886","Cigarettes","Combustible","Core","30-pack","Combustible"
"OFF-AR-10000266","CIG-VAR-091440","Cigarettes","Combustible","Premium","Multi-pack","Combustible"
"OFF-AR-10000283","CIG-VAR-787622","Cigarettes","Combustible","Value","30-pack","Combustible"
"OFF-AR-10000293","CIG-VAR-985246","Cigarettes","Combustible","Core","Multi-pack","Combustible"
"OFF-AR-10000307","CIG-VAR-633384","Cigarettes","Combustible","Premium","10-pack","Combustible"
"OFF-AR-10000314","CIG-VAR-964101","Cigarettes","Combustible","Premium","Multi-pack","Combustible"
"OFF-AR-10000315","CIG-VAR-010038","Cigarettes","Combustible","Premium","20-pack","Combustible"
"OFF-AR-10000316","CIG-VAR-529671","Cigarettes","Combustible","Premium","Multi-pack","Combustible"
"OFF-AR-10000319","CIG-VAR-651057","Cigarettes","Combustible","Premium","30-pack","Combustible"
"OFF-AR-10000340","CIG-VAR-883339","Cigarettes","Combustible","Core","Multi-pack","Combustible"
"OFF-AR-10000347","CIG-VAR-254487","Cigarettes","Combustible","Premium","10-pack","Combustible"
"OFF-AR-10000356","CIG-VAR-587749","Cigarettes","Combustible","Core","Multi-pack","Combustible"
"OFF-AR-10000369","CIG-VAR-228208","Cigarettes","Combustible","Core","20-pack","Combustible"
"OFF-AR-10000380","CIG-VAR-419667","Cigarettes","Combustible","Premium","Multi-pack","Combustible"
"OFF-AR-10000387","CIG-VAR-748532","Cigarettes","Combustible","Value","10-pack","Combustible"
"OFF-AR-10000390","CIG-VAR-764859","Cigarettes","Combustible","Premium","30-pack","Combustible"
"OFF-AR-10000399","CIG-VAR-940476","Cigarettes","Combustible","Premium","30-pack","Combustible"
"OFF-AR-10000401","CIG-VAR-751976","Cigarettes","Combustible","Value","10-pack","Combustible"
"OFF-AR-10000404","CIG-VAR-479582","Cigarettes","Combustible","Value","Multi-pack","Combustible"
"OFF-AR-10000409","CIG-VAR-998240","Cigarettes","Combustible","Value","30-pack","Combustible"
"OFF-AR-10000411","CIG-VAR-550429","Cigarettes","Combustible","Core","20-pack","Combustible"
"OFF-AR-10000422","CIG-VAR-368392","Cigarettes","Combustible","Core","10-pack","Combustible"
"OFF-AR-10000431","CIG-VAR-058648","Cigarettes","Combustible","Core","Multi-pack","Combustible"
"OFF-AR-10000444","CIG-VAR-424003","Cigarettes","Combustible","Core","Multi-pack","Combustible"
"OFF-AR-10000452","CIG-VAR-860352","Cigarettes","Combustible","Premium","Multi-pack","Combustible"
"OFF-AR-10000461","CIG-VAR-934352","Cigarettes","Combustible","Value","30-pack","Combustible"
"OFF-AR-10000462","CIG-VAR-627616","Cigarettes","Combustible","Core","10-pack","Combustible"
"OFF-AR-10000465","CIG-VAR-213330","Cigarettes","Combustible","Premium","Multi-pack","Combustible"
"OFF-AR-10000467","CIG-VAR-785938","Cigarettes","Combustible","Core","Multi-pack","Combustible"
"OFF-AR-10000468","CIG-VAR-961348","Cigarettes","Combustible","Core","30-pack","Combustible"
"OFF-AR-10000475","CIG-VAR-938895","Cigarettes","Combustible","Premium","30-pack","Combustible"
"OFF-AR-10000481","CIG-VAR-832515","Cigarettes","Combustible","Premium","10-pack","Combustible"
"OFF-AR-10000491","CIG-VAR-081352","Cigarettes","Combustible","Core","20-pack","Combustible"
"OFF-AR-10000493","CIG-VAR-182616","Cigarettes","Combustible","Premium","20-pack","Combustible"
"OFF-AR-10000502","CIG-VAR-471908","Cigarettes","Combustible","Value","20-pack","Combustible"
"OFF-AR-10000503","CIG-VAR-016496","Cigarettes","Combustible","Value","Multi-pack","Combustible"
"OFF-AR-10000505","CIG-VAR-226686","Cigarettes","Combustible","Premium","30-pack","Combustible"
"OFF-AR-10000513","CIG-VAR-853201","Cigarettes","Combustible","Core","30-pack","Combustible"
"OFF-AR-10000538","CIG-VAR-355169","Cigarettes","Combustible","Value","10-pack","Combustible"
"OFF-AR-10000539","CIG-VAR-069462","Cigarettes","Combustible","Premium","30-pack","Combustible"
"OFF-AR-10000540","CIG-VAR-435070","Cigarettes","Combustible","Core","20-pack","Combustible"
"OFF-AR-10000543","CIG-VAR-989137","Cigarettes","Combustible","Core","Multi-pack","Combustible"
"OFF-AR-10000578","CIG-VAR-926947","Cigarettes","Combustible","Core","10-pack","Combustible"
"OFF-AR-10000584","CIG-VAR-952626","Cigarettes","Combustible","Premium","10-pack","Combustible"
"OFF-AR-10000588","CIG-VAR-628544","Cigarettes","Combustible","Value","Multi-pack","Combustible"
"OFF-AR-10000594","CIG-VAR-827710","Cigarettes","Combustible","Core","20-pack","Combustible"
"OFF-AR-10000603","CIG-VAR-947155","Cigarettes","Combustible","Core","30-pack","Combustible"
"OFF-AR-10000614","CIG-VAR-620419","Cigarettes","Combustible","Core","10-pack","Combustible"
"OFF-AR-10000634","CIG-VAR-243151","Cigarettes","Combustible","Core","30-pack","Combustible"
"OFF-AR-10000655","CIG-VAR-985231","Cigarettes","Combustible","Core","30-pack","Combustible"
"OFF-AR-10000657","CIG-VAR-785639","Cigarettes","Combustible","Value","30-pack","Combustible"
"OFF-AR-10000658","CIG-VAR-073798","Cigarettes","Combustible","Core","Multi-pack","Combustible"
"OFF-AR-10000659","CIG-VAR-394692","Cigarettes","Combustible","Premium","20-pack","Combustible"
"OFF-AR-10000660","CIG-VAR-418839","Cigarettes","Combustible","Premium","30-pack","Combustible"
"OFF-AR-10000676","CIG-VAR-234802","Cigarettes","Combustible","Core","30-pack","Combustible"
"OFF-AR-10000681","CIG-VAR-426599","Cigarettes","Combustible","Value","30-pack","Combustible"
"OFF-AR-10000703","CIG-VAR-684147","Cigarettes","Combustible","Premium","20-pack","Combustible"
"OFF-AR-10000706","CIG-VAR-355430","Cigarettes","Combustible","Value","30-pack","Combustible"
"OFF-AR-10000711","CIG-VAR-552183","Cigarettes","Combustible","Premium","10-pack","Combustible"
"OFF-AR-10000715","CIG-VAR-948143","Cigarettes","Combustible","Value","20-pack","Combustible"
"OFF-AR-10000716","CIG-VAR-996046","Cigarettes","Combustible","Core","Multi-pack","Combustible"
"OFF-AR-10000719","CIG-VAR-038810","Cigarettes","Combustible","Value","30-pack","Combustible"
"OFF-AR-10000720","CIG-VAR-489721","Cigarettes","Combustible","Core","20-pack","Combustible"
"OFF-AR-10000724","CIG-VAR-780748","Cigarettes","Combustible","Core","10-pack","Combustible"
"OFF-AR-10000727","CIG-VAR-346265","Cigarettes","Combustible","Value","30-pack","Combustible"
"OFF-AR-10000729","CIG-VAR-374118","Cigarettes","Combustible","Premium","20-pack","Combustible"
"OFF-AR-10000733","CIG-VAR-175392","Cigarettes","Combustible","Premium","30-pack","Combustible"
"OFF-AR-10000740","CIG-VAR-132013","Cigarettes","Combustible","Core","Multi-pack","Combustible"
"OFF-AR-10000751","CIG-VAR-553169","Cigarettes","Combustible","Value","10-pack","Combustible"
"OFF-AR-10000762","CIG-VAR-416391","Cigarettes","Combustible","Premium","20-pack","Combustible"
"OFF-AR-10000767","CIG-VAR-625423","Cigarettes","Combustible","Core","30-pack","Combustible"
"OFF-AR-10000780","CIG-VAR-759218","Cigarettes","Combustible","Value","Multi-pack","Combustible"
"OFF-AR-10000785","CIG-VAR-408628","Cigarettes","Combustible","Core","10-pack","Combustible"
"OFF-AR-10000799","CIG-VAR-341076","Cigarettes","Combustible","Premium","30-pack","Combustible"
"OFF-AR-10000804","CIG-VAR-109987","Cigarettes","Combustible","Core","Multi-pack","Combustible"
"OFF-AR-10000812","CIG-VAR-716460","Cigarettes","Combustible","Premium","Multi-pack","Combustible"
"OFF-AR-10000814","CIG-VAR-123693","Cigarettes","Combustible","Premium","30-pack","Combustible"
"OFF-AR-10000817","CIG-VAR-549701","Cigarettes","Combustible","Value","10-pack","Combustible"
"OFF-AR-10000821","CIG-VAR-377607","Cigarettes","Combustible","Premium","30-pack","Combustible"
"OFF-AR-10000823","CIG-VAR-526461","Cigarettes","Combustible","Premium","30-pack","Combustible"
"OFF-AR-10000833","CIG-VAR-278139","Cigarettes","Combustible","Premium","Multi-pack","Combustible"
"OFF-AR-10000845","CIG-VAR-190193","Cigarettes","Combustible","Value","20-pack","Combustible"
"OFF-AR-10000851","CIG-VAR-065780","Cigarettes","Combustible","Value","20-pack","Combustible"
"OFF-AR-10000896","CIG-VAR-017679","Cigarettes","Combustible","Premium","30-pack","Combustible"
"OFF-AR-10000904","CIG-VAR-961224","Cigarettes","Combustible","Premium","10-pack","Combustible"
"OFF-AR-10000914","CIG-VAR-698995","Cigarettes","Combustible","Core","20-pack","Combustible"
"OFF-AR-10000925","CIG-VAR-748504","Cigarettes","Combustible","Core","10-pack","Combustible"
"OFF-AR-10000937","CIG-VAR-715387","Cigarettes","Combustible","Core","20-pack","Combustible"
"OFF-AR-10000940","CIG-VAR-823362","Cigarettes","Combustible","Premium","20-pack","Combustible"
"OFF-AR-10000953","CIG-VAR-508793","Cigarettes","Combustible","Value","30-pack","Combustible"
"OFF-AR-10000974","CIG-VAR-444913","Cigarettes","Combustible","Core","Multi-pack","Combustible"
"OFF-AR-10000980","CIG-VAR-728982","Cigarettes","Combustible","Premium","20-pack","Combustible"
"OFF-AR-10000989","CIG-VAR-196294","Cigarettes","Combustible","Core","20-pack","Combustible"
"OFF-AR-10001002","CIG-VAR-384505","Cigarettes","Combustible","Core","Multi-pack","Combustible"
"OFF-AR-10001022","CIG-VAR-006465","Cigarettes","Combustible","Premium","20-pack","Combustible"
"OFF-AR-10001026","CIG-VAR-532357","Cigarettes","Combustible","Core","10-pack","Combustible"
"OFF-AR-10001029","CIG-VAR-546974","Cigarettes","Combustible","Value","20-pack","Combustible"
"OFF-AR-10001030","CIG-VAR-774430","Cigarettes","Combustible","Core","10-pack","Combustible"
"OFF-AR-10001043","CIG-VAR-385931","Cigarettes","Combustible","Value","20-pack","Combustible"
"OFF-AR-10001044","CIG-VAR-999434","Cigarettes","Combustible","Value","30-pack","Combustible"
"OFF-AR-10001053","CIG-VAR-111497","Cigarettes","Combustible","Value","10-pack","Combustible"
"OFF-AR-10001061","CIG-VAR-306736","Cigarettes","Combustible","Core","Multi-pack","Combustible"
"OFF-AR-10001068","CIG-VAR-478473","Cigarettes","Combustible","Premium","Multi-pack","Combustible"
"OFF-AR-10001072","CIG-VAR-867063","Cigarettes","Combustible","Premium","10-pack","Combustible"
"OFF-AR-10001073","CIG-VAR-300043","Cigarettes","Combustible","Core","30-pack","Combustible"
"OFF-AR-10001074","CIG-VAR-169373","Cigarettes","Combustible","Value","20-pack","Combustible"
"OFF-AR-10001107","CIG-VAR-921489","Cigarettes","Combustible","Premium","Multi-pack","Combustible"
"OFF-AR-10001110","CIG-VAR-910205","Cigarettes","Combustible","Value","20-pack","Combustible"
"OFF-AR-10001117","CIG-VAR-500111","Cigarettes","Combustible","Value","30-pack","Combustible"
"OFF-AR-10001118","CIG-VAR-013071","Cigarettes","Combustible","Premium","Multi-pack","Combustible"
"OFF-AR-10001129","CIG-VAR-410440","Cigarettes","Combustible","Core","30-pack","Combustible"
"OFF-AR-10001130","CIG-VAR-515578","Cigarettes","Combustible","Core","Multi-pack","Combustible"
"OFF-AR-10001132","CIG-VAR-682175","Cigarettes","Combustible","Value","Multi-pack","Combustible"
"OFF-AR-10001134","CIG-VAR-324303","Cigarettes","Combustible","Premium","30-pack","Combustible"
"OFF-AR-10001149","CIG-VAR-110123","Cigarettes","Combustible","Value","10-pack","Combustible"
"OFF-AR-10001162","CIG-VAR-468237","Cigarettes","Combustible","Premium","30-pack","Combustible"
"OFF-AR-10001166","CIG-VAR-320350","Cigarettes","Combustible","Core","Multi-pack","Combustible"
"OFF-AR-10001176","CIG-VAR-156153","Cigarettes","Combustible","Premium","30-pack","Combustible"
"OFF-AR-10001177","CIG-VAR-414094","Cigarettes","Combustible","Core","10-pack","Combustible"
"OFF-AR-10001190","CIG-VAR-070949","Cigarettes","Combustible","Value","20-pack","Combustible"
"OFF-AR-10001192","CIG-VAR-122670","Cigarettes","Combustible","Premium","20-pack","Combustible"
"OFF-AR-10001195","CIG-VAR-401988","Cigarettes","Combustible","Premium","30-pack","Combustible"
"OFF-AR-10001208","CIG-VAR-589766","Cigarettes","Combustible","Value","Multi-pack","Combustible"
"OFF-AR-10001216","CIG-VAR-528572","Cigarettes","Combustible","Value","20-pack","Combustible"
"OFF-AR-10001221","CIG-VAR-809941","Cigarettes","Combustible","Core","20-pack","Combustible"
"OFF-AR-10001226","CIG-VAR-191821","Cigarettes","Combustible","Core","30-pack","Combustible"
"OFF-AR-10001227","CIG-VAR-744628","Cigarettes","Combustible","Core","10-pack","Combustible"
"OFF-AR-10001228","CIG-VAR-279127","Cigarettes","Combustible","Core","20-pack","Combustible"
"OFF-AR-10001230","CIG-VAR-509598","Cigarettes","Combustible","Premium","30-pack","Combustible"
"OFF-AR-10001231","CIG-VAR-182741","Cigarettes","Combustible","Value","10-pack","Combustible"
"OFF-AR-10001232","CIG-VAR-370097","Cigarettes","Combustible","Value","30-pack","Combustible"
"OFF-AR-10001244","CIG-VAR-218079","Cigarettes","Combustible","Premium","10-pack","Combustible"
"OFF-AR-10001246","CIG-VAR-459976","Cigarettes","Combustible","Core","10-pack","Combustible"
"OFF-AR-10001266","CIG-VAR-830562","Cigarettes","Combustible","Premium","30-pack","Combustible"
"OFF-AR-10001269","CIG-VAR-484361","Cigarettes","Combustible","Value","Multi-pack","Combustible"
"OFF-AR-10001271","CIG-VAR-254633","Cigarettes","Combustible","Value","10-pack","Combustible"
"OFF-AR-10001278","CIG-VAR-518391","Cigarettes","Combustible","Premium","10-pack","Combustible"
"OFF-AR-10001291","CIG-VAR-068085","Cigarettes","Combustible","Premium","30-pack","Combustible"
"OFF-AR-10001315","CIG-VAR-745626","Cigarettes","Combustible","Premium","10-pack","Combustible"
"OFF-AR-10001329","CIG-VAR-017251","Cigarettes","Combustible","Core","10-pack","Combustible"
"OFF-AR-10001336","CIG-VAR-084647","Cigarettes","Combustible","Value","10-pack","Combustible"
"OFF-AR-10001338","CIG-VAR-535855","Cigarettes","Combustible","Core","Multi-pack","Combustible"
"OFF-AR-10001374","CIG-VAR-726742","Cigarettes","Combustible","Core","10-pack","Combustible"
"OFF-AR-10001386","CIG-VAR-394868","Cigarettes","Combustible","Value","Multi-pack","Combustible"
"OFF-AR-10001402","CIG-VAR-669443","Cigarettes","Combustible","Value","Multi-pack","Combustible"
"OFF-AR-10001405","CIG-VAR-949546","Cigarettes","Combustible","Core","10-pack","Combustible"
"OFF-AR-10001418","CIG-VAR-658685","Cigarettes","Combustible","Value","10-pack","Combustible"
"OFF-AR-10001419","CIG-VAR-725677","Cigarettes","Combustible","Core","30-pack","Combustible"
"OFF-AR-10001423","CIG-VAR-390488","Cigarettes","Combustible","Value","Multi-pack","Combustible"
"OFF-AR-10001427","CIG-VAR-277963","Cigarettes","Combustible","Core","30-pack","Combustible"
"OFF-AR-10001446","CIG-VAR-441280","Cigarettes","Combustible","Core","30-pack","Combustible"
"OFF-AR-10001461","CIG-VAR-074855","Cigarettes","Combustible","Value","Multi-pack","Combustible"
"OFF-AR-10001462","CIG-VAR-966113","Cigarettes","Combustible","Value","20-pack","Combustible"
"OFF-AR-10001468","CIG-VAR-688357","Cigarettes","Combustible","Core","Multi-pack","Combustible"
"OFF-AR-10001473","CIG-VAR-535733","Cigarettes","Combustible","Value","30-pack","Combustible"
"OFF-AR-10001479","CIG-VAR-622785","Cigarettes","Combustible","Premium","10-pack","Combustible"
"OFF-AR-10001482","CIG-VAR-937791","Cigarettes","Combustible","Premium","Multi-pack","Combustible"
"OFF-AR-10001495","CIG-VAR-847920","Cigarettes","Combustible","Premium","20-pack","Combustible"
"OFF-AR-10001508","CIG-VAR-131987","Cigarettes","Combustible","Value","30-pack","Combustible"
"OFF-AR-10001518","CIG-VAR-200136","Cigarettes","Combustible","Premium","Multi-pack","Combustible"
"OFF-AR-10001525","CIG-VAR-345737","Cigarettes","Combustible","Value","20-pack","Combustible"
"OFF-AR-10001529","CIG-VAR-847712","Cigarettes","Combustible","Value","30-pack","Combustible"
"OFF-AR-10001533","CIG-VAR-893034","Cigarettes","Combustible","Premium","20-pack","Combustible"
"OFF-AR-10001535","CIG-VAR-464584","Cigarettes","Combustible","Core","10-pack","Combustible"
"OFF-AR-10001545","CIG-VAR-390379","Cigarettes","Combustible","Core","Multi-pack","Combustible"
"OFF-AR-10001546","CIG-VAR-360638","Cigarettes","Combustible","Value","20-pack","Combustible"
"OFF-AR-10001547","CIG-VAR-544707","Cigarettes","Combustible","Premium","Multi-pack","Combustible"
"OFF-AR-10001570","CIG-VAR-776691","Cigarettes","Combustible","Premium","Multi-pack","Combustible"
"OFF-AR-10001571","CIG-VAR-624573","Cigarettes","Combustible","Premium","20-pack","Combustible"
"OFF-AR-10001573","CIG-VAR-867716","Cigarettes","Combustible","Value","20-pack","Combustible"
"OFF-AR-10001578","CIG-VAR-238315","Cigarettes","Combustible","Core","20-pack","Combustible"
"OFF-AR-10001598","CIG-VAR-505157","Cigarettes","Combustible","Value","Multi-pack","Combustible"
"OFF-AR-10001599","CIG-VAR-464974","Cigarettes","Combustible","Core","20-pack","Combustible"
"OFF-AR-10001602","CIG-VAR-221884","Cigarettes","Combustible","Core","20-pack","Combustible"
"OFF-AR-10001606","CIG-VAR-087213","Cigarettes","Combustible","Premium","10-pack","Combustible"
"OFF-AR-10001607","CIG-VAR-935589","Cigarettes","Combustible","Premium","30-pack","Combustible"
"OFF-AR-10001609","CIG-VAR-576974","Cigarettes","Combustible","Value","20-pack","Combustible"
"OFF-AR-10001612","CIG-VAR-002801","Cigarettes","Combustible","Value","10-pack","Combustible"
"OFF-AR-10001615","CIG-VAR-543445","Cigarettes","Combustible","Core","Multi-pack","Combustible"
"OFF-AR-10001622","CIG-VAR-351496","Cigarettes","Combustible","Core","Multi-pack","Combustible"
"OFF-AR-10001626","CIG-VAR-422065","Cigarettes","Combustible","Core","30-pack","Combustible"
"OFF-AR-10001645","CIG-VAR-586095","Cigarettes","Combustible","Premium","30-pack","Combustible"
"OFF-AR-10001654","CIG-VAR-579545","Cigarettes","Combustible","Value","20-pack","Combustible"
"OFF-AR-10001659","CIG-VAR-374740","Cigarettes","Combustible","Core","10-pack","Combustible"
"OFF-AR-10001662","CIG-VAR-690985","Cigarettes","Combustible","Core","Multi-pack","Combustible"
"OFF-AR-10001672","CIG-VAR-797124","Cigarettes","Combustible","Premium","30-pack","Combustible"
"OFF-AR-10001678","CIG-VAR-967711","Cigarettes","Combustible","Core","10-pack","Combustible"
"OFF-AR-10001683","CIG-VAR-992246","Cigarettes","Combustible","Value","Multi-pack","Combustible"
"OFF-AR-10001694","CIG-VAR-732065","Cigarettes","Combustible","Value","20-pack","Combustible"
"OFF-AR-10001696","CIG-VAR-597781","Cigarettes","Combustible","Core","20-pack","Combustible"
"OFF-AR-10001708","CIG-VAR-719866","Cigarettes","Combustible","Core","10-pack","Combustible"
"OFF-AR-10001714","CIG-VAR-913066","Cigarettes","Combustible","Core","30-pack","Combustible"
"OFF-AR-10001720","CIG-VAR-091753","Cigarettes","Combustible","Core","10-pack","Combustible"
"OFF-AR-10001725","CIG-VAR-192637","Cigarettes","Combustible","Core","Multi-pack","Combustible"
"OFF-AR-10001738","CIG-VAR-326418","Cigarettes","Combustible","Premium","Multi-pack","Combustible"
"OFF-AR-10001752","CIG-VAR-927373","Cigarettes","Combustible","Core","Multi-pack","Combustible"
"OFF-AR-10001759","CIG-VAR-249134","Cigarettes","Combustible","Value","Multi-pack","Combustible"
"OFF-AR-10001761","CIG-VAR-329979","Cigarettes","Combustible","Premium","30-pack","Combustible"
"OFF-AR-10001770","CIG-VAR-702485","Cigarettes","Combustible","Value","20-pack","Combustible"
"OFF-AR-10001773","CIG-VAR-198137","Cigarettes","Combustible","Value","Multi-pack","Combustible"
"OFF-AR-10001777","CIG-VAR-062923","Cigarettes","Combustible","Core","30-pack","Combustible"
"OFF-AR-10001812","CIG-VAR-021163","Cigarettes","Combustible","Core","30-pack","Combustible"
"OFF-AR-10001813","CIG-VAR-207789","Cigarettes","Combustible","Premium","10-pack","Combustible"
"OFF-AR-10001823","CIG-VAR-652707","Cigarettes","Combustible","Premium","Multi-pack","Combustible"
"OFF-AR-10001833","CIG-VAR-840519","Cigarettes","Combustible","Premium","30-pack","Combustible"
"OFF-AR-10001850","CIG-VAR-965437","Cigarettes","Combustible","Core","30-pack","Combustible"
"OFF-AR-10001860","CIG-VAR-547467","Cigarettes","Combustible","Premium","20-pack","Combustible"
"OFF-AR-10001862","CIG-VAR-166736","Cigarettes","Combustible","Value","20-pack","Combustible"
"OFF-AR-10001868","CIG-VAR-908813","Cigarettes","Combustible","Value","Multi-pack","Combustible"
"OFF-AR-10001879","CIG-VAR-132859","Cigarettes","Combustible","Core","10-pack","Combustible"
"OFF-AR-10001897","CIG-VAR-434955","Cigarettes","Combustible","Premium","20-pack","Combustible"
"OFF-AR-10001898","CIG-VAR-879886","Cigarettes","Combustible","Core","10-pack","Combustible"
"OFF-AR-10001915","CIG-VAR-551988","Cigarettes","Combustible","Premium","30-pack","Combustible"
"OFF-AR-10001919","CIG-VAR-739208","Cigarettes","Combustible","Value","20-pack","Combustible"
"OFF-AR-10001922","CIG-VAR-177421","Cigarettes","Combustible","Core","30-pack","Combustible"
"OFF-AR-10001940","CIG-VAR-735709","Cigarettes","Combustible","Core","10-pack","Combustible"
"OFF-AR-10001952","CIG-VAR-356529","Cigarettes","Combustible","Premium","20-pack","Combustible"
"OFF-AR-10001953","CIG-VAR-312155","Cigarettes","Combustible","Value","Multi-pack","Combustible"
"OFF-AR-10001954","CIG-VAR-512769","Cigarettes","Combustible","Premium","10-pack","Combustible"
"OFF-AR-10001955","CIG-VAR-874745","Cigarettes","Combustible","Value","30-pack","Combustible"
"OFF-AR-10001958","CIG-VAR-155903","Cigarettes","Combustible","Value","Multi-pack","Combustible"
"OFF-AR-10001965","CIG-VAR-411769","Cigarettes","Combustible","Core","20-pack","Combustible"
"OFF-AR-10001972","CIG-VAR-815339","Cigarettes","Combustible","Value","Multi-pack","Combustible"
"OFF-AR-10001988","CIG-VAR-120660","Cigarettes","Combustible","Premium","30-pack","Combustible"
"OFF-AR-10001991","CIG-VAR-282838","Cigarettes","Combustible","Core","Multi-pack","Combustible"
"OFF-AR-10002022","CIG-VAR-854325","Cigarettes","Combustible","Premium","Multi-pack","Combustible"
"OFF-AR-10002036","CIG-VAR-663881","Cigarettes","Combustible","Value","Multi-pack","Combustible"
"OFF-AR-10002037","CIG-VAR-954800","Cigarettes","Combustible","Value","20-pack","Combustible"
"OFF-AR-10002053","CIG-VAR-221398","Cigarettes","Combustible","Core","30-pack","Combustible"
"OFF-AR-10002055","CIG-VAR-538589","Cigarettes","Combustible","Value","Multi-pack","Combustible"
"OFF-AR-10002060","CIG-VAR-085708","Cigarettes","Combustible","Core","Multi-pack","Combustible"
"OFF-AR-10002067","CIG-VAR-037620","Cigarettes","Combustible","Premium","10-pack","Combustible"
"OFF-AR-10002094","CIG-VAR-399836","Cigarettes","Combustible","Value","20-pack","Combustible"
"OFF-AR-10002096","CIG-VAR-019616","Cigarettes","Combustible","Value","20-pack","Combustible"
"OFF-AR-10002105","CIG-VAR-790034","Cigarettes","Combustible","Value","20-pack","Combustible"
"OFF-AR-10002109","CIG-VAR-300731","Cigarettes","Combustible","Value","30-pack","Combustible"
"OFF-AR-10002111","CIG-VAR-232343","Cigarettes","Combustible","Value","20-pack","Combustible"
"OFF-AR-10002113","CIG-VAR-130951","Cigarettes","Combustible","Core","20-pack","Combustible"
"OFF-AR-10002115","CIG-VAR-758196","Cigarettes","Combustible","Premium","10-pack","Combustible"
"OFF-AR-10002116","CIG-VAR-333854","Cigarettes","Combustible","Value","30-pack","Combustible"
"OFF-AR-10002135","CIG-VAR-492327","Cigarettes","Combustible","Premium","30-pack","Combustible"
"OFF-AR-10002144","CIG-VAR-452458","Cigarettes","Combustible","Core","Multi-pack","Combustible"
"OFF-AR-10002145","CIG-VAR-084587","Cigarettes","Combustible","Value","20-pack","Combustible"
"OFF-AR-10002153","CIG-VAR-497716","Cigarettes","Combustible","Core","20-pack","Combustible"
"OFF-AR-10002156","CIG-VAR-661174","Cigarettes","Combustible","Core","30-pack","Combustible"
"OFF-AR-10002165","CIG-VAR-458623","Cigarettes","Combustible","Core","Multi-pack","Combustible"
"OFF-AR-10002221","CIG-VAR-692078","Cigarettes","Combustible","Value","Multi-pack","Combustible"
"OFF-AR-10002236","CIG-VAR-037314","Cigarettes","Combustible","Premium","20-pack","Combustible"
"OFF-AR-10002240","CIG-VAR-119130","Cigarettes","Combustible","Premium","Multi-pack","Combustible"
"OFF-AR-10002255","CIG-VAR-466802","Cigarettes","Combustible","Value","20-pack","Combustible"
"OFF-AR-10002256","CIG-VAR-132493","Cigarettes","Combustible","Core","Multi-pack","Combustible"
"OFF-AR-10002257","CIG-VAR-858692","Cigarettes","Combustible","Value","20-pack","Combustible"
"OFF-AR-10002260","CIG-VAR-893699","Cigarettes","Combustible","Value","20-pack","Combustible"
"OFF-AR-10002280","CIG-VAR-898381","Cigarettes","Combustible","Core","Multi-pack","Combustible"
"OFF-AR-10002331","CIG-VAR-847062","Cigarettes","Combustible","Premium","20-pack","Combustible"
"OFF-AR-10002335","CIG-VAR-080327","Cigarettes","Combustible","Value","10-pack","Combustible"
"OFF-AR-10002340","CIG-VAR-418415","Cigarettes","Combustible","Value","10-pack","Combustible"
"OFF-AR-10002346","CIG-VAR-028166","Cigarettes","Combustible","Value","20-pack","Combustible"
"OFF-AR-10002364","CIG-VAR-415158","Cigarettes","Combustible","Premium","Multi-pack","Combustible"
"OFF-AR-10002375","CIG-VAR-320992","Cigarettes","Combustible","Core","10-pack","Combustible"
"OFF-AR-10002380","CIG-VAR-010732","Cigarettes","Combustible","Core","10-pack","Combustible"
"OFF-AR-10002382","CIG-VAR-380393","Cigarettes","Combustible","Value","10-pack","Combustible"
"OFF-AR-10002389","CIG-VAR-069379","Cigarettes","Combustible","Core","10-pack","Combustible"
"OFF-AR-10002392","CIG-VAR-101908","Cigarettes","Combustible","Core","20-pack","Combustible"
"OFF-AR-10002399","CIG-VAR-849829","Cigarettes","Combustible","Core","20-pack","Combustible"
"OFF-AR-10002400","CIG-VAR-142892","Cigarettes","Combustible","Value","20-pack","Combustible"
"OFF-AR-10002415","CIG-VAR-653551","Cigarettes","Combustible","Core","Multi-pack","Combustible"
"OFF-AR-10002417","CIG-VAR-289951","Cigarettes","Combustible","Core","Multi-pack","Combustible"
"OFF-AR-10002419","CIG-VAR-081161","Cigarettes","Combustible","Value","10-pack","Combustible"
"OFF-AR-10002433","CIG-VAR-408301","Cigarettes","Combustible","Core","10-pack","Combustible"
"OFF-AR-10002440","CIG-VAR-794524","Cigarettes","Combustible","Core","20-pack","Combustible"
"OFF-AR-10002445","CIG-VAR-471637","Cigarettes","Combustible","Core","30-pack","Combustible"
"OFF-AR-10002447","CIG-VAR-745914","Cigarettes","Combustible","Premium","30-pack","Combustible"
"OFF-AR-10002454","CIG-VAR-367165","Cigarettes","Combustible","Core","20-pack","Combustible"
"OFF-AR-10002458","CIG-VAR-857975","Cigarettes","Combustible","Value","30-pack","Combustible"
"OFF-AR-10002467","CIG-VAR-355708","Cigarettes","Combustible","Core","10-pack","Combustible"
"OFF-AR-10002485","CIG-VAR-968242","Cigarettes","Combustible","Core","30-pack","Combustible"
"OFF-AR-10002486","CIG-VAR-956876","Cigarettes","Combustible","Value","10-pack","Combustible"
"OFF-AR-10002499","CIG-VAR-320655","Cigarettes","Combustible","Premium","10-pack","Combustible"
"OFF-AR-10002513","CIG-VAR-943007","Cigarettes","Combustible","Value","20-pack","Combustible"
"OFF-AR-10002517","CIG-VAR-553979","Cigarettes","Combustible","Value","10-pack","Combustible"
"OFF-AR-10002535","CIG-VAR-837379","Cigarettes","Combustible","Core","30-pack","Combustible"
"OFF-AR-10002538","CIG-VAR-791946","Cigarettes","Combustible","Premium","Multi-pack","Combustible"
"OFF-AR-10002564","CIG-VAR-207247","Cigarettes","Combustible","Core","20-pack","Combustible"
"OFF-AR-10002575","CIG-VAR-467864","Cigarettes","Combustible","Value","30-pack","Combustible"
"OFF-AR-10002578","CIG-VAR-056896","Cigarettes","Combustible","Core","Multi-pack","Combustible"
"OFF-AR-10002583","CIG-VAR-084008","Cigarettes","Combustible","Value","10-pack","Combustible"
"OFF-AR-10002605","CIG-VAR-202926","Cigarettes","Combustible","Premium","10-pack","Combustible"
"OFF-AR-10002640","CIG-VAR-648626","Cigarettes","Combustible","Value","Multi-pack","Combustible"
"OFF-AR-10002650","CIG-VAR-289241","Cigarettes","Combustible","Value","30-pack","Combustible"
"OFF-AR-10002656","CIG-VAR-678844","Cigarettes","Combustible","Core","Multi-pack","Combustible"
"OFF-AR-10002665","CIG-VAR-953026","Cigarettes","Combustible","Core","30-pack","Combustible"
"OFF-AR-10002671","CIG-VAR-978541","Cigarettes","Combustible","Core","30-pack","Combustible"
"OFF-AR-10002672","CIG-VAR-515677","Cigarettes","Combustible","Core","10-pack","Combustible"
"OFF-AR-10002677","CIG-VAR-264624","Cigarettes","Combustible","Premium","Multi-pack","Combustible"
"OFF-AR-10002681","CIG-VAR-225057","Cigarettes","Combustible","Premium","20-pack","Combustible"
"OFF-AR-10002704","CIG-VAR-425272","Cigarettes","Combustible","Core","20-pack","Combustible"
"OFF-AR-10002706","CIG-VAR-159948","Cigarettes","Combustible","Premium","20-pack","Combustible"
"OFF-AR-10002710","CIG-VAR-655776","Cigarettes","Combustible","Premium","20-pack","Combustible"
"OFF-AR-10002714","CIG-VAR-656798","Cigarettes","Combustible","Value","10-pack","Combustible"
"OFF-AR-10002727","CIG-VAR-986942","Cigarettes","Combustible","Value","20-pack","Combustible"
"OFF-AR-10002745","CIG-VAR-272849","Cigarettes","Combustible","Value","Multi-pack","Combustible"
"OFF-AR-10002747","CIG-VAR-410281","Cigarettes","Combustible","Core","Multi-pack","Combustible"
"OFF-AR-10002766","CIG-VAR-753049","Cigarettes","Combustible","Core","Multi-pack","Combustible"
"OFF-AR-10002783","CIG-VAR-387197","Cigarettes","Combustible","Value","30-pack","Combustible"
"OFF-AR-10002797","CIG-VAR-800713","Cigarettes","Combustible","Core","30-pack","Combustible"
"OFF-AR-10002800","CIG-VAR-767582","Cigarettes","Combustible","Value","20-pack","Combustible"
"OFF-AR-10002802","CIG-VAR-848231","Cigarettes","Combustible","Value","20-pack","Combustible"
"OFF-AR-10002804","CIG-VAR-685809","Cigarettes","Combustible","Premium","10-pack","Combustible"
"OFF-AR-10002805","CIG-VAR-137926","Cigarettes","Combustible","Core","30-pack","Combustible"
"OFF-AR-10002811","CIG-VAR-533950","Cigarettes","Combustible","Core","30-pack","Combustible"
"OFF-AR-10002816","CIG-VAR-795041","Cigarettes","Combustible","Value","20-pack","Combustible"
"OFF-AR-10002818","CIG-VAR-434970","Cigarettes","Combustible","Premium","30-pack","Combustible"
"OFF-AR-10002824","CIG-VAR-185971","Cigarettes","Combustible","Core","30-pack","Combustible"
"OFF-AR-10002833","CIG-VAR-032928","Cigarettes","Combustible","Premium","10-pack","Combustible"
"OFF-AR-10002847","CIG-VAR-927335","Cigarettes","Combustible","Value","30-pack","Combustible"
"OFF-AR-10002852","CIG-VAR-142941","Cigarettes","Combustible","Premium","10-pack","Combustible"
"OFF-AR-10002882","CIG-VAR-510226","Cigarettes","Combustible","Core","20-pack","Combustible"
"OFF-AR-10002897","CIG-VAR-253777","Cigarettes","Combustible","Core","Multi-pack","Combustible"
"OFF-AR-10002902","CIG-VAR-775248","Cigarettes","Combustible","Premium","30-pack","Combustible"
"OFF-AR-10002939","CIG-VAR-110077","Cigarettes","Combustible","Core","20-pack","Combustible"
"OFF-AR-10002952","CIG-VAR-990056","Cigarettes","Combustible","Value","Multi-pack","Combustible"
"OFF-AR-10002956","CIG-VAR-163828","Cigarettes","Combustible","Core","30-pack","Combustible"
"OFF-AR-10002975","CIG-VAR-604101","Cigarettes","Combustible","Premium","30-pack","Combustible"
"OFF-AR-10002987","CIG-VAR-453241","Cigarettes","Combustible","Core","20-pack","Combustible"
"OFF-AR-10002991","CIG-VAR-588875","Cigarettes","Combustible","Value","20-pack","Combustible"
"OFF-AR-10003005","CIG-VAR-217482","Cigarettes","Combustible","Premium","Multi-pack","Combustible"
"OFF-AR-10003012","CIG-VAR-939986","Cigarettes","Combustible","Value","20-pack","Combustible"
"OFF-AR-10003021","CIG-VAR-398520","Cigarettes","Combustible","Premium","10-pack","Combustible"
"OFF-AR-10003023","CIG-VAR-663844","Cigarettes","Combustible","Core","10-pack","Combustible"
"OFF-AR-10003028","CIG-VAR-528889","Cigarettes","Combustible","Core","10-pack","Combustible"
"OFF-AR-10003031","CIG-VAR-078032","Cigarettes","Combustible","Value","20-pack","Combustible"
"OFF-AR-10003045","CIG-VAR-659363","Cigarettes","Combustible","Value","Multi-pack","Combustible"
"OFF-AR-10003046","CIG-VAR-222371","Cigarettes","Combustible","Value","20-pack","Combustible"
"OFF-AR-10003056","CIG-VAR-099462","Cigarettes","Combustible","Premium","10-pack","Combustible"
"OFF-AR-10003066","CIG-VAR-811310","Cigarettes","Combustible","Value","Multi-pack","Combustible"
"OFF-AR-10003077","CIG-VAR-440653","Cigarettes","Combustible","Core","10-pack","Combustible"
"OFF-AR-10003085","CIG-VAR-162750","Cigarettes","Combustible","Premium","Multi-pack","Combustible"
"OFF-AR-10003087","CIG-VAR-546030","Cigarettes","Combustible","Premium","Multi-pack","Combustible"
"OFF-AR-10003096","CIG-VAR-444533","Cigarettes","Combustible","Value","10-pack","Combustible"
"OFF-AR-10003110","CIG-VAR-258202","Cigarettes","Combustible","Core","30-pack","Combustible"
"OFF-AR-10003113","CIG-VAR-306389","Cigarettes","Combustible","Value","10-pack","Combustible"
"OFF-AR-10003117","CIG-VAR-355378","Cigarettes","Combustible","Core","20-pack","Combustible"
"OFF-AR-10003123","CIG-VAR-122336","Cigarettes","Combustible","Value","Multi-pack","Combustible"
"OFF-AR-10003156","CIG-VAR-248224","Cigarettes","Combustible","Core","Multi-pack","Combustible"
"OFF-AR-10003157","CIG-VAR-700827","Cigarettes","Combustible","Premium","20-pack","Combustible"
"OFF-AR-10003158","CIG-VAR-041957","Cigarettes","Combustible","Value","10-pack","Combustible"
"OFF-AR-10003179","CIG-VAR-023412","Cigarettes","Combustible","Premium","10-pack","Combustible"
"OFF-AR-10003183","CIG-VAR-561185","Cigarettes","Combustible","Value","20-pack","Combustible"
"OFF-AR-10003190","CIG-VAR-904149","Cigarettes","Combustible","Premium","30-pack","Combustible"
"OFF-AR-10003217","CIG-VAR-902507","Cigarettes","Combustible","Value","10-pack","Combustible"
"OFF-AR-10003228","CIG-VAR-445944","Cigarettes","Combustible","Premium","30-pack","Combustible"
"OFF-AR-10003245","CIG-VAR-774653","Cigarettes","Combustible","Value","20-pack","Combustible"
"OFF-AR-10003247","CIG-VAR-167171","Cigarettes","Combustible","Value","20-pack","Combustible"
"OFF-AR-10003249","CIG-VAR-979964","Cigarettes","Combustible","Value","30-pack","Combustible"
"OFF-AR-10003251","CIG-VAR-932037","Cigarettes","Combustible","Premium","20-pack","Combustible"
"OFF-AR-10003253","CIG-VAR-873552","Cigarettes","Combustible","Premium","20-pack","Combustible"
"OFF-AR-10003281","CIG-VAR-351453","Cigarettes","Combustible","Premium","10-pack","Combustible"
"OFF-AR-10003291","CIG-VAR-574277","Cigarettes","Combustible","Value","20-pack","Combustible"
"OFF-AR-10003321","CIG-VAR-519607","Cigarettes","Combustible","Core","20-pack","Combustible"
"OFF-AR-10003336","CIG-VAR-027611","Cigarettes","Combustible","Value","Multi-pack","Combustible"
"OFF-AR-10003338","CIG-VAR-257752","Cigarettes","Combustible","Core","10-pack","Combustible"
"OFF-AR-10003369","CIG-VAR-484004","Cigarettes","Combustible","Value","Multi-pack","Combustible"
"OFF-AR-10003373","CIG-VAR-969439","Cigarettes","Combustible","Core","10-pack","Combustible"
"OFF-AR-10003377","CIG-VAR-029100","Cigarettes","Combustible","Premium","20-pack","Combustible"
"OFF-AR-10003384","CIG-VAR-673190","Cigarettes","Combustible","Value","10-pack","Combustible"
"OFF-AR-10003394","CIG-VAR-378698","Cigarettes","Combustible","Value","20-pack","Combustible"
"OFF-AR-10003405","CIG-VAR-536521","Cigarettes","Combustible","Core","Multi-pack","Combustible"
"OFF-AR-10003446","CIG-VAR-943333","Cigarettes","Combustible","Core","20-pack","Combustible"
"OFF-AR-10003448","CIG-VAR-627329","Cigarettes","Combustible","Value","30-pack","Combustible"
"OFF-AR-10003450","CIG-VAR-887320","Cigarettes","Combustible","Core","20-pack","Combustible"
"OFF-AR-10003457","CIG-VAR-154731","Cigarettes","Combustible","Premium","30-pack","Combustible"
"OFF-AR-10003461","CIG-VAR-759887","Cigarettes","Combustible","Value","10-pack","Combustible"
"OFF-AR-10003466","CIG-VAR-439982","Cigarettes","Combustible","Value","Multi-pack","Combustible"
"OFF-AR-10003469","CIG-VAR-806249","Cigarettes","Combustible","Value","30-pack","Combustible"
"OFF-AR-10003477","CIG-VAR-444287","Cigarettes","Combustible","Value","10-pack","Combustible"
"OFF-AR-10003478","CIG-VAR-335645","Cigarettes","Combustible","Value","20-pack","Combustible"
"OFF-AR-10003481","CIG-VAR-498691","Cigarettes","Combustible","Core","30-pack","Combustible"
"OFF-AR-10003504","CIG-VAR-042756","Cigarettes","Combustible","Premium","30-pack","Combustible"
"OFF-AR-10003514","CIG-VAR-417885","Cigarettes","Combustible","Premium","Multi-pack","Combustible"
"OFF-AR-10003521","CIG-VAR-321982","Cigarettes","Combustible","Core","Multi-pack","Combustible"
"OFF-AR-10003532","CIG-VAR-681150","Cigarettes","Combustible","Premium","10-pack","Combustible"
"OFF-AR-10003536","CIG-VAR-411107","Cigarettes","Combustible","Value","20-pack","Combustible"
"OFF-AR-10003551","CIG-VAR-956312","Cigarettes","Combustible","Value","10-pack","Combustible"
"OFF-AR-10003554","CIG-VAR-948932","Cigarettes","Combustible","Value","Multi-pack","Combustible"
"OFF-AR-10003557","CIG-VAR-045441","Cigarettes","Combustible","Premium","20-pack","Combustible"
"OFF-AR-10003560","CIG-VAR-030465","Cigarettes","Combustible","Premium","20-pack","Combustible"
"OFF-AR-10003582","CIG-VAR-430058","Cigarettes","Combustible","Value","Multi-pack","Combustible"
"OFF-AR-10003592","CIG-VAR-351261","Cigarettes","Combustible","Premium","30-pack","Combustible"
"OFF-AR-10003602","CIG-VAR-368533","Cigarettes","Combustible","Core","30-pack","Combustible"
"OFF-AR-10003613","CIG-VAR-847786","Cigarettes","Combustible","Core","20-pack","Combustible"
"OFF-AR-10003620","CIG-VAR-029662","Cigarettes","Combustible","Core","10-pack","Combustible"
"OFF-AR-10003629","CIG-VAR-238103","Cigarettes","Combustible","Value","10-pack","Combustible"
"OFF-AR-10003630","CIG-VAR-972537","Cigarettes","Combustible","Premium","20-pack","Combustible"
"OFF-AR-10003631","CIG-VAR-223030","Cigarettes","Combustible","Core","Multi-pack","Combustible"
"OFF-AR-10003633","CIG-VAR-388724","Cigarettes","Combustible","Value","Multi-pack","Combustible"
"OFF-AR-10003651","CIG-VAR-804999","Cigarettes","Combustible","Premium","20-pack","Combustible"
"OFF-AR-10003658","CIG-VAR-199759","Cigarettes","Combustible","Core","20-pack","Combustible"
"OFF-AR-10003673","CIG-VAR-450020","Cigarettes","Combustible","Value","Multi-pack","Combustible"
"OFF-AR-10003674","CIG-VAR-515697","Cigarettes","Combustible","Premium","10-pack","Combustible"
"OFF-AR-10003680","CIG-VAR-873295","Cigarettes","Combustible","Core","30-pack","Combustible"
"OFF-AR-10003683","CIG-VAR-681755","Cigarettes","Combustible","Value","10-pack","Combustible"
"OFF-AR-10003684","CIG-VAR-656420","Cigarettes","Combustible","Value","Multi-pack","Combustible"
"OFF-AR-10003685","CIG-VAR-492952","Cigarettes","Combustible","Core","20-pack","Combustible"
"OFF-AR-10003688","CIG-VAR-525717","Cigarettes","Combustible","Premium","10-pack","Combustible"
"OFF-AR-10003691","CIG-VAR-364553","Cigarettes","Combustible","Value","20-pack","Combustible"
"OFF-AR-10003696","CIG-VAR-823603","Cigarettes","Combustible","Core","30-pack","Combustible"
"OFF-AR-10003723","CIG-VAR-897848","Cigarettes","Combustible","Value","20-pack","Combustible"
"OFF-AR-10003727","CIG-VAR-869252","Cigarettes","Combustible","Value","10-pack","Combustible"
"OFF-AR-10003732","CIG-VAR-576292","Cigarettes","Combustible","Core","30-pack","Combustible"
"OFF-AR-10003738","CIG-VAR-787496","Cigarettes","Combustible","Value","10-pack","Combustible"
"OFF-AR-10003752","CIG-VAR-836477","Cigarettes","Combustible","Value","10-pack","Combustible"
"OFF-AR-10003758","CIG-VAR-935792","Cigarettes","Combustible","Value","30-pack","Combustible"
"OFF-AR-10003759","CIG-VAR-115346","Cigarettes","Combustible","Value","10-pack","Combustible"
"OFF-AR-10003766","CIG-VAR-605947","Cigarettes","Combustible","Core","30-pack","Combustible"
"OFF-AR-10003770","CIG-VAR-196277","Cigarettes","Combustible","Value","30-pack","Combustible"
"OFF-AR-10003772","CIG-VAR-204007","Cigarettes","Combustible","Core","30-pack","Combustible"
"OFF-AR-10003774","CIG-VAR-463172","Cigarettes","Combustible","Value","Multi-pack","Combustible"
"OFF-AR-10003794","CIG-VAR-627067","Cigarettes","Combustible","Core","20-pack","Combustible"
"OFF-AR-10003806","CIG-VAR-575340","Cigarettes","Combustible","Premium","20-pack","Combustible"
"OFF-AR-10003811","CIG-VAR-710679","Cigarettes","Combustible","Premium","Multi-pack","Combustible"
"OFF-AR-10003816","CIG-VAR-107394","Cigarettes","Combustible","Premium","10-pack","Combustible"
"OFF-AR-10003829","CIG-VAR-681022","Cigarettes","Combustible","Core","30-pack","Combustible"
"OFF-AR-10003856","CIG-VAR-331925","Cigarettes","Combustible","Value","10-pack","Combustible"
"OFF-AR-10003875","CIG-VAR-921008","Cigarettes","Combustible","Value","10-pack","Combustible"
"OFF-AR-10003876","CIG-VAR-989892","Cigarettes","Combustible","Premium","30-pack","Combustible"
"OFF-AR-10003890","CIG-VAR-371035","Cigarettes","Combustible","Core","20-pack","Combustible"
"OFF-AR-10003896","CIG-VAR-591049","Cigarettes","Combustible","Core","10-pack","Combustible"
"OFF-AR-10003897","CIG-VAR-170099","Cigarettes","Combustible","Value","30-pack","Combustible"
"OFF-AR-10003903","CIG-VAR-731680","Cigarettes","Combustible","Core","20-pack","Combustible"
"OFF-AR-10003913","CIG-VAR-781050","Cigarettes","Combustible","Premium","10-pack","Combustible"
"OFF-AR-10003914","CIG-VAR-394477","Cigarettes","Combustible","Core","Multi-pack","Combustible"
"OFF-AR-10003957","CIG-VAR-198190","Cigarettes","Combustible","Core","20-pack","Combustible"
"OFF-AR-10003958","CIG-VAR-250649","Cigarettes","Combustible","Value","10-pack","Combustible"
"OFF-AR-10003962","CIG-VAR-219763","Cigarettes","Combustible","Core","20-pack","Combustible"
"OFF-AR-10003978","CIG-VAR-213588","Cigarettes","Combustible","Premium","30-pack","Combustible"
"OFF-AR-10003986","CIG-VAR-912856","Cigarettes","Combustible","Core","30-pack","Combustible"
"OFF-AR-10003989","CIG-VAR-098825","Cigarettes","Combustible","Value","Multi-pack","Combustible"
"OFF-AR-10004009","CIG-VAR-026501","Cigarettes","Combustible","Value","20-pack","Combustible"
"OFF-AR-10004010","CIG-VAR-930684","Cigarettes","Combustible","Premium","10-pack","Combustible"
"OFF-AR-10004012","CIG-VAR-142131","Cigarettes","Combustible","Premium","10-pack","Combustible"
"OFF-AR-10004022","CIG-VAR-953715","Cigarettes","Combustible","Premium","Multi-pack","Combustible"
"OFF-AR-10004027","CIG-VAR-037389","Cigarettes","Combustible","Premium","10-pack","Combustible"
"OFF-AR-10004042","CIG-VAR-955348","Cigarettes","Combustible","Core","20-pack","Combustible"
"OFF-AR-10004049","CIG-VAR-868260","Cigarettes","Combustible","Premium","20-pack","Combustible"
"OFF-AR-10004062","CIG-VAR-583998","Cigarettes","Combustible","Premium","Multi-pack","Combustible"
"OFF-AR-10004068","CIG-VAR-453040","Cigarettes","Combustible","Core","20-pack","Combustible"
"OFF-AR-10004077","CIG-VAR-949639","Cigarettes","Combustible","Core","20-pack","Combustible"
"OFF-AR-10004078","CIG-VAR-739845","Cigarettes","Combustible","Premium","10-pack","Combustible"
"OFF-AR-10004109","CIG-VAR-945956","Cigarettes","Combustible","Value","30-pack","Combustible"
"OFF-AR-10004115","CIG-VAR-645009","Cigarettes","Combustible","Premium","10-pack","Combustible"
"OFF-AR-10004116","CIG-VAR-733837","Cigarettes","Combustible","Core","30-pack","Combustible"
"OFF-AR-10004132","CIG-VAR-979120","Cigarettes","Combustible","Core","20-pack","Combustible"
"OFF-AR-10004138","CIG-VAR-477448","Cigarettes","Combustible","Core","Multi-pack","Combustible"
"OFF-AR-10004139","CIG-VAR-068601","Cigarettes","Combustible","Premium","20-pack","Combustible"
"OFF-AR-10004148","CIG-VAR-293263","Cigarettes","Combustible","Core","10-pack","Combustible"
"OFF-AR-10004151","CIG-VAR-782865","Cigarettes","Combustible","Premium","20-pack","Combustible"
"OFF-AR-10004153","CIG-VAR-933517","Cigarettes","Combustible","Core","20-pack","Combustible"
"OFF-AR-10004165","CIG-VAR-169127","Cigarettes","Combustible","Value","Multi-pack","Combustible"
"OFF-AR-10004173","CIG-VAR-239115","Cigarettes","Combustible","Premium","Multi-pack","Combustible"
"OFF-AR-10004215","CIG-VAR-916519","Cigarettes","Combustible","Core","20-pack","Combustible"
"OFF-AR-10004218","CIG-VAR-975330","Cigarettes","Combustible","Premium","10-pack","Combustible"
"OFF-AR-10004219","CIG-VAR-189250","Cigarettes","Combustible","Core","30-pack","Combustible"
"OFF-AR-10004260","CIG-VAR-743582","Cigarettes","Combustible","Value","20-pack","Combustible"
"OFF-AR-10004269","CIG-VAR-799683","Cigarettes","Combustible","Premium","20-pack","Combustible"
"OFF-AR-10004272","CIG-VAR-521361","Cigarettes","Combustible","Premium","10-pack","Combustible"
"OFF-AR-10004303","CIG-VAR-545248","Cigarettes","Combustible","Core","30-pack","Combustible"
"OFF-AR-10004344","CIG-VAR-314723","Cigarettes","Combustible","Value","20-pack","Combustible"
"OFF-AR-10004348","CIG-VAR-599035","Cigarettes","Combustible","Core","30-pack","Combustible"
"OFF-AR-10004360","CIG-VAR-897526","Cigarettes","Combustible","Core","30-pack","Combustible"
"OFF-AR-10004362","CIG-VAR-494139","Cigarettes","Combustible","Premium","30-pack","Combustible"
"OFF-AR-10004373","CIG-VAR-308786","Cigarettes","Combustible","Value","20-pack","Combustible"
"OFF-AR-10004422","CIG-VAR-896644","Cigarettes","Combustible","Core","Multi-pack","Combustible"
"OFF-AR-10004424","CIG-VAR-584281","Cigarettes","Combustible","Core","30-pack","Combustible"
"OFF-AR-10004441","CIG-VAR-215896","Cigarettes","Combustible","Core","Multi-pack","Combustible"
"OFF-AR-10004454","CIG-VAR-403809","Cigarettes","Combustible","Premium","20-pack","Combustible"
"OFF-AR-10004456","CIG-VAR-607696","Cigarettes","Combustible","Core","20-pack","Combustible"
"OFF-AR-10004485","CIG-VAR-146284","Cigarettes","Combustible","Core","30-pack","Combustible"
"OFF-AR-10004486","CIG-VAR-621715","Cigarettes","Combustible","Core","10-pack","Combustible"
"OFF-AR-10004492","CIG-VAR-628593","Cigarettes","Combustible","Premium","10-pack","Combustible"
"OFF-AR-10004511","CIG-VAR-112712","Cigarettes","Combustible","Value","20-pack","Combustible"
"OFF-AR-10004519","CIG-VAR-819311","Cigarettes","Combustible","Value","Multi-pack","Combustible"
"OFF-AR-10004552","CIG-VAR-010788","Cigarettes","Combustible","Premium","Multi-pack","Combustible"
"OFF-AR-10004559","CIG-VAR-392525","Cigarettes","Combustible","Value","Multi-pack","Combustible"
"OFF-AR-10004582","CIG-VAR-044225","Cigarettes","Combustible","Value","30-pack","Combustible"
"OFF-AR-10004587","CIG-VAR-238450","Cigarettes","Combustible","Core","20-pack","Combustible"
"OFF-AR-10004594","CIG-VAR-879359","Cigarettes","Combustible","Value","30-pack","Combustible"
"OFF-AR-10004602","CIG-VAR-682228","Cigarettes","Combustible","Core","Multi-pack","Combustible"
"OFF-AR-10004614","CIG-VAR-972846","Cigarettes","Combustible","Premium","Multi-pack","Combustible"
"OFF-AR-10004648","CIG-VAR-194941","Cigarettes","Combustible","Core","20-pack","Combustible"
"OFF-AR-10004651","CIG-VAR-164605","Cigarettes","Combustible","Core","10-pack","Combustible"
"OFF-AR-10004652","CIG-VAR-196424","Cigarettes","Combustible","Value","30-pack","Combustible"
"OFF-AR-10004656","CIG-VAR-940180","Cigarettes","Combustible","Core","Multi-pack","Combustible"
"OFF-AR-10004685","CIG-VAR-174995","Cigarettes","Combustible","Value","10-pack","Combustible"
"OFF-AR-10004691","CIG-VAR-186913","Cigarettes","Combustible","Core","10-pack","Combustible"
"OFF-AR-10004707","CIG-VAR-087396","Cigarettes","Combustible","Premium","Multi-pack","Combustible"
"OFF-AR-10004739","CIG-VAR-560336","Cigarettes","Combustible","Value","Multi-pack","Combustible"
"OFF-AR-10004744","CIG-VAR-480765","Cigarettes","Combustible","Premium","20-pack","Combustible"
"OFF-AR-10004746","CIG-VAR-487685","Cigarettes","Combustible","Value","20-pack","Combustible"
"OFF-AR-10004748","CIG-VAR-323655","Cigarettes","Combustible","Premium","30-pack","Combustible"
"OFF-AR-10004749","CIG-VAR-196494","Cigarettes","Combustible","Premium","10-pack","Combustible"
"OFF-AR-10004752","CIG-VAR-083006","Cigarettes","Combustible","Value","20-pack","Combustible"
"OFF-AR-10004757","CIG-VAR-057145","Cigarettes","Combustible","Core","30-pack","Combustible"
"OFF-AR-10004772","CIG-VAR-188931","Cigarettes","Combustible","Premium","Multi-pack","Combustible"
"OFF-AR-10004780","CIG-VAR-515827","Cigarettes","Combustible","Core","10-pack","Combustible"
"OFF-AR-10004790","CIG-VAR-842002","Cigarettes","Combustible","Core","20-pack","Combustible"
"OFF-AR-10004817","CIG-VAR-591670","Cigarettes","Combustible","Core","Multi-pack","Combustible"
"OFF-AR-10004818","CIG-VAR-582650","Cigarettes","Combustible","Value","30-pack","Combustible"
"OFF-AR-10004825","CIG-VAR-317740","Cigarettes","Combustible","Core","10-pack","Combustible"
"OFF-AR-10004881","CIG-VAR-162839","Cigarettes","Combustible","Value","Multi-pack","Combustible"
"OFF-AR-10004884","CIG-VAR-650135","Cigarettes","Combustible","Value","10-pack","Combustible"
"OFF-AR-10004900","CIG-VAR-614625","Cigarettes","Combustible","Premium","30-pack","Combustible"
"OFF-AR-10004918","CIG-VAR-731408","Cigarettes","Combustible","Value","20-pack","Combustible"
"OFF-AR-10004920","CIG-VAR-273357","Cigarettes","Combustible","Premium","10-pack","Combustible"
"OFF-AR-10004930","CIG-VAR-243267","Cigarettes","Combustible","Premium","20-pack","Combustible"
"OFF-AR-10004956","CIG-VAR-572652","Cigarettes","Combustible","Premium","30-pack","Combustible"
"OFF-AR-10004961","CIG-VAR-113279","Cigarettes","Combustible","Value","30-pack","Combustible"
"OFF-AR-10004974","CIG-VAR-025926","Cigarettes","Combustible","Premium","10-pack","Combustible"
"OFF-AR-10004986","CIG-VAR-867105","Cigarettes","Combustible","Premium","Multi-pack","Combustible"
"OFF-AR-10004990","CIG-VAR-789306","Cigarettes","Combustible","Premium","Multi-pack","Combustible"
"OFF-AR-10004999","CIG-VAR-934341","Cigarettes","Combustible","Premium","Multi-pack","Combustible"
"OFF-AVE-10000065","CIG-VAR-329245","Cigarettes","Combustible","Core","Multi-pack","Combustible"
"OFF-AVE-10000110","CIG-VAR-071691","Cigarettes","Combustible","Premium","10-pack","Combustible"
"OFF-AVE-10000357","CIG-VAR-243527","Cigarettes","Combustible","Value","20-pack","Combustible"
"OFF-AVE-10000418","CIG-VAR-818988","Cigarettes","Combustible","Premium","20-pack","Combustible"
"OFF-AVE-10000432","CIG-VAR-679478","Cigarettes","Combustible","Value","20-pack","Combustible"
"OFF-AVE-10000543","CIG-VAR-507094","Cigarettes","Combustible","Core","Multi-pack","Combustible"
"OFF-AVE-10000585","CIG-VAR-931730","Cigarettes","Combustible","Value","30-pack","Combustible"
"OFF-AVE-10000608","CIG-VAR-776893","Cigarettes","Combustible","Core","30-pack","Combustible"
"OFF-AVE-10000802","CIG-VAR-224548","Cigarettes","Combustible","Core","30-pack","Combustible"
"OFF-AVE-10000894","CIG-VAR-240705","Cigarettes","Combustible","Premium","30-pack","Combustible"
"OFF-AVE-10000909","CIG-VAR-869345","Cigarettes","Combustible","Value","20-pack","Combustible"
"OFF-AVE-10001079","CIG-VAR-824288","Cigarettes","Combustible","Value","10-pack","Combustible"
"OFF-AVE-10001367","CIG-VAR-473428","Cigarettes","Combustible","Core","Multi-pack","Combustible"
"OFF-AVE-10001473","CIG-VAR-816848","Cigarettes","Combustible","Value","30-pack","Combustible"
"OFF-AVE-10001750","CIG-VAR-955540","Cigarettes","Combustible","Core","Multi-pack","Combustible"
"OFF-AVE-10001847","CIG-VAR-483392","Cigarettes","Combustible","Value","10-pack","Combustible"
"OFF-AVE-10002014","CIG-VAR-733021","Cigarettes","Combustible","Core","20-pack","Combustible"
"OFF-AVE-10002024","CIG-VAR-043250","Cigarettes","Combustible","Value","30-pack","Combustible"
"OFF-AVE-10002079","CIG-VAR-128404","Cigarettes","Combustible","Core","30-pack","Combustible"
"OFF-AVE-10002102","CIG-VAR-052787","Cigarettes","Combustible","Value","30-pack","Combustible"
"OFF-AVE-10002311","CIG-VAR-154830","Cigarettes","Combustible","Premium","Multi-pack","Combustible"
"OFF-AVE-10002892","CIG-VAR-067641","Cigarettes","Combustible","Premium","10-pack","Combustible"
"OFF-AVE-10003279","CIG-VAR-706971","Cigarettes","Combustible","Premium","20-pack","Combustible"
"OFF-AVE-10003465","CIG-VAR-259926","Cigarettes","Combustible","Premium","20-pack","Combustible"
"OFF-AVE-10003504","CIG-VAR-314892","Cigarettes","Combustible","Premium","30-pack","Combustible"
"OFF-AVE-10003549","CIG-VAR-922393","Cigarettes","Combustible","Core","Multi-pack","Combustible"
"OFF-AVE-10003558","CIG-VAR-025627","Cigarettes","Combustible","Core","10-pack","Combustible"
"OFF-AVE-10003740","CIG-VAR-389820","Cigarettes","Combustible","Premium","20-pack","Combustible"
"OFF-AVE-10004148","CIG-VAR-645412","Cigarettes","Combustible","Core","10-pack","Combustible"
"OFF-AVE-10004159","CIG-VAR-174879","Cigarettes","Combustible","Premium","Multi-pack","Combustible"
"OFF-AVE-10004251","CIG-VAR-793977","Cigarettes","Combustible","Premium","10-pack","Combustible"
"OFF-AVE-10004308","CIG-VAR-622103","Cigarettes","Combustible","Value","30-pack","Combustible"
"OFF-AVE-10004310","CIG-VAR-808358","Cigarettes","Combustible","Value","20-pack","Combustible"
"OFF-AVE-10004312","CIG-VAR-673131","Cigarettes","Combustible","Premium","20-pack","Combustible"
"OFF-AVE-10004404","CIG-VAR-326335","Cigarettes","Combustible","Core","10-pack","Combustible"
"OFF-AVE-10004412","CIG-VAR-565054","Cigarettes","Combustible","Core","10-pack","Combustible"
"OFF-AVE-10004508","CIG-VAR-134368","Cigarettes","Combustible","Core","10-pack","Combustible"
"OFF-AVE-10004512","CIG-VAR-523817","Cigarettes","Combustible","Value","Multi-pack","Combustible"
"OFF-AVE-10004536","CIG-VAR-496187","Cigarettes","Combustible","Value","10-pack","Combustible"
"OFF-AVE-10004556","CIG-VAR-809834","Cigarettes","Combustible","Value","30-pack","Combustible"
"OFF-AVE-10004570","CIG-VAR-099126","Cigarettes","Combustible","Premium","20-pack","Combustible"
"OFF-AVE-10004708","CIG-VAR-983387","Cigarettes","Combustible","Value","30-pack","Combustible"
"OFF-AVE-10004732","CIG-VAR-093812","Cigarettes","Combustible","Value","Multi-pack","Combustible"
"OFF-AVE-10004827","CIG-VAR-532178","Cigarettes","Combustible","Value","10-pack","Combustible"
"OFF-AVE-10004828","CIG-VAR-609279","Cigarettes","Combustible","Premium","20-pack","Combustible"
"OFF-AVE-10004909","CIG-VAR-320063","Cigarettes","Combustible","Value","30-pack","Combustible"
"OFF-BI-10000006","CIG-VAR-644731","Cigarettes","Combustible","Core","20-pack","Combustible"
"OFF-BI-10000014","CIG-VAR-471713","Cigarettes","Combustible","Value","10-pack","Combustible"
"OFF-BI-10000029","CIG-VAR-860943","Cigarettes","Combustible","Premium","30-pack","Combustible"
"OFF-BI-10000042","CIG-VAR-296286","Cigarettes","Combustible","Premium","10-pack","Combustible"
"OFF-BI-10000050","CIG-VAR-819614","Cigarettes","Combustible","Value","20-pack","Combustible"
"OFF-BI-10000051","CIG-VAR-627115","Cigarettes","Combustible","Core","Multi-pack","Combustible"
"OFF-BI-10000069","CIG-VAR-327666","Cigarettes","Combustible","Premium","30-pack","Combustible"
"OFF-BI-10000070","CIG-VAR-489012","Cigarettes","Combustible","Premium","Multi-pack","Combustible"
"OFF-BI-10000081","CIG-VAR-051065","Cigarettes","Combustible","Value","30-pack","Combustible"
"OFF-BI-10000088","CIG-VAR-831582","Cigarettes","Combustible","Premium","30-pack","Combustible"
"OFF-BI-10000089","CIG-VAR-494260","Cigarettes","Combustible","Core","10-pack","Combustible"
"OFF-BI-10000106","CIG-VAR-731028","Cigarettes","Combustible","Premium","30-pack","Combustible"
"OFF-BI-10000115","CIG-VAR-274798","Cigarettes","Combustible","Core","20-pack","Combustible"
"OFF-BI-10000121","CIG-VAR-676038","Cigarettes","Combustible","Premium","Multi-pack","Combustible"
"OFF-BI-10000124","CIG-VAR-476443","Cigarettes","Combustible","Core","10-pack","Combustible"
"OFF-BI-10000126","CIG-VAR-200844","Cigarettes","Combustible","Premium","10-pack","Combustible"
"OFF-BI-10000136","CIG-VAR-416847","Cigarettes","Combustible","Premium","20-pack","Combustible"
"OFF-BI-10000138","CIG-VAR-099597","Cigarettes","Combustible","Premium","30-pack","Combustible"
"OFF-BI-10000145","CIG-VAR-762631","Cigarettes","Combustible","Core","10-pack","Combustible"
"OFF-BI-10000168","CIG-VAR-718157","Cigarettes","Combustible","Value","Multi-pack","Combustible"
"OFF-BI-10000171","CIG-VAR-359555","Cigarettes","Combustible","Value","30-pack","Combustible"
"OFF-BI-10000172","CIG-VAR-833976","Cigarettes","Combustible","Premium","10-pack","Combustible"
"OFF-BI-10000174","CIG-VAR-510841","Cigarettes","Combustible","Core","20-pack","Combustible"
"OFF-BI-10000179","CIG-VAR-198945","Cigarettes","Combustible","Premium","10-pack","Combustible"
"OFF-BI-10000185","CIG-VAR-265855","Cigarettes","Combustible","Core","10-pack","Combustible"
"OFF-BI-10000188","CIG-VAR-734612","Cigarettes","Combustible","Value","20-pack","Combustible"
"OFF-BI-10000201","CIG-VAR-917090","Cigarettes","Combustible","Value","10-pack","Combustible"
"OFF-BI-10000206","CIG-VAR-836627","Cigarettes","Combustible","Value","Multi-pack","Combustible"
"OFF-BI-10000216","CIG-VAR-075962","Cigarettes","Combustible","Value","30-pack","Combustible"
"OFF-BI-10000232","CIG-VAR-909919","Cigarettes","Combustible","Core","20-pack","Combustible"
"OFF-BI-10000267","CIG-VAR-123028","Cigarettes","Combustible","Core","Multi-pack","Combustible"
"OFF-BI-10000279","CIG-VAR-083124","Cigarettes","Combustible","Premium","20-pack","Combustible"
"OFF-BI-10000280","CIG-VAR-782833","Cigarettes","Combustible","Core","30-pack","Combustible"
"OFF-BI-10000282","CIG-VAR-320586","Cigarettes","Combustible","Premium","30-pack","Combustible"
"OFF-BI-10000285","CIG-VAR-037078","Cigarettes","Combustible","Core","20-pack","Combustible"
"OFF-BI-10000287","CIG-VAR-056135","Cigarettes","Combustible","Value","20-pack","Combustible"
"OFF-BI-10000289","CIG-VAR-221244","Cigarettes","Combustible","Premium","30-pack","Combustible"
"OFF-BI-10000301","CIG-VAR-581997","Cigarettes","Combustible","Premium","Multi-pack","Combustible"
"OFF-BI-10000305","CIG-VAR-580391","Cigarettes","Combustible","Value","30-pack","Combustible"
"OFF-BI-10000308","CIG-VAR-034128","Cigarettes","Combustible","Premium","Multi-pack","Combustible"
"OFF-BI-10000309","CIG-VAR-906539","Cigarettes","Combustible","Value","20-pack","Combustible"
"OFF-BI-10000312","CIG-VAR-186798","Cigarettes","Combustible","Premium","10-pack","Combustible"
"OFF-BI-10000315","CIG-VAR-689565","Cigarettes","Combustible","Premium","Multi-pack","Combustible"
"OFF-BI-10000320","CIG-VAR-728292","Cigarettes","Combustible","Premium","Multi-pack","Combustible"
"OFF-BI-10000323","CIG-VAR-203964","Cigarettes","Combustible","Premium","20-pack","Combustible"
"OFF-BI-10000325","CIG-VAR-288180","Cigarettes","Combustible","Premium","10-pack","Combustible"
"OFF-BI-10000328","CIG-VAR-063167","Cigarettes","Combustible","Value","20-pack","Combustible"
"OFF-BI-10000329","CIG-VAR-200707","Cigarettes","Combustible","Core","Multi-pack","Combustible"
"OFF-BI-10000335","CIG-VAR-377299","Cigarettes","Combustible","Core","20-pack","Combustible"
"OFF-BI-10000340","CIG-VAR-772151","Cigarettes","Combustible","Value","20-pack","Combustible"
"OFF-BI-10000341","CIG-VAR-700135","Cigarettes","Combustible","Core","Multi-pack","Combustible"
"OFF-BI-10000343","CIG-VAR-424699","Cigarettes","Combustible","Core","Multi-pack","Combustible"
"OFF-BI-10000346","CIG-VAR-750215","Cigarettes","Combustible","Value","10-pack","Combustible"
"OFF-BI-10000348","CIG-VAR-359392","Cigarettes","Combustible","Core","Multi-pack","Combustible"
"OFF-BI-10000359","CIG-VAR-194828","Cigarettes","Combustible","Value","10-pack","Combustible"
"OFF-BI-10000368","CIG-VAR-942745","Cigarettes","Combustible","Core","20-pack","Combustible"
"OFF-BI-10000373","CIG-VAR-589202","Cigarettes","Combustible","Value","10-pack","Combustible"
"OFF-BI-10000389","CIG-VAR-147235","Cigarettes","Combustible","Core","20-pack","Combustible"
"OFF-BI-10000390","CIG-VAR-470802","Cigarettes","Combustible","Premium","10-pack","Combustible"
"OFF-BI-10000397","CIG-VAR-576064","Cigarettes","Combustible","Core","Multi-pack","Combustible"
"OFF-BI-10000404","CIG-VAR-558203","Cigarettes","Combustible","Value","20-pack","Combustible"
"OFF-BI-10000419","CIG-VAR-946692","Cigarettes","Combustible","Premium","20-pack","Combustible"
"OFF-BI-10000423","CIG-VAR-533633","Cigarettes","Combustible","Value","10-pack","Combustible"
"OFF-BI-10000439","CIG-VAR-765632","Cigarettes","Combustible","Value","Multi-pack","Combustible"
"OFF-BI-10000440","CIG-VAR-015602","Cigarettes","Combustible","Value","10-pack","Combustible"
"OFF-BI-10000474","CIG-VAR-659061","Cigarettes","Combustible","Premium","30-pack","Combustible"
"OFF-BI-10000482","CIG-VAR-734834","Cigarettes","Combustible","Value","10-pack","Combustible"
"OFF-BI-10000490","CIG-VAR-747296","Cigarettes","Combustible","Value","20-pack","Combustible"
"OFF-BI-10000494","CIG-VAR-198439","Cigarettes","Combustible","Core","10-pack","Combustible"
"OFF-BI-10000501","CIG-VAR-987797","Cigarettes","Combustible","Value","20-pack","Combustible"
"OFF-BI-10000506","CIG-VAR-770677","Cigarettes","Combustible","Core","30-pack","Combustible"
"OFF-BI-10000517","CIG-VAR-666181","Cigarettes","Combustible","Core","20-pack","Combustible"
"OFF-BI-10000518","CIG-VAR-467890","Cigarettes","Combustible","Core","10-pack","Combustible"
"OFF-BI-10000538","CIG-VAR-500348","Cigarettes","Combustible","Value","30-pack","Combustible"
"OFF-BI-10000542","CIG-VAR-444359","Cigarettes","Combustible","Value","Multi-pack","Combustible"
"OFF-BI-10000545","CIG-VAR-770920","Cigarettes","Combustible","Core","10-pack","Combustible"
"OFF-BI-10000546","CIG-VAR-163957","Cigarettes","Combustible","Core","30-pack","Combustible"
"OFF-BI-10000561","CIG-VAR-514960","Cigarettes","Combustible","Core","Multi-pack","Combustible"
"OFF-BI-10000563","CIG-VAR-294900","Cigarettes","Combustible","Premium","Multi-pack","Combustible"
"OFF-BI-10000583","CIG-VAR-598850","Cigarettes","Combustible","Value","20-pack","Combustible"
"OFF-BI-10000590","CIG-VAR-038889","Cigarettes","Combustible","Premium","30-pack","Combustible"
"OFF-BI-10000591","CIG-VAR-266521","Cigarettes","Combustible","Core","10-pack","Combustible"
"OFF-BI-10000605","CIG-VAR-459366","Cigarettes","Combustible","Premium","20-pack","Combustible"
"OFF-BI-10000620","CIG-VAR-214475","Cigarettes","Combustible","Value","10-pack","Combustible"
"OFF-BI-10000621","CIG-VAR-352239","Cigarettes","Combustible","Premium","30-pack","Combustible"
"OFF-BI-10000631","CIG-VAR-257840","Cigarettes","Combustible","Value","Multi-pack","Combustible"
"OFF-BI-10000632","CIG-VAR-070532","Cigarettes","Combustible","Value","20-pack","Combustible"
"OFF-BI-10000636","CIG-VAR-733468","Cigarettes","Combustible","Core","10-pack","Combustible"
"OFF-BI-10000666","CIG-VAR-440549","Cigarettes","Combustible","Value","20-pack","Combustible"
"OFF-BI-10000698","CIG-VAR-219268","Cigarettes","Combustible","Core","20-pack","Combustible"
"OFF-BI-10000707","CIG-VAR-438194","Cigarettes","Combustible","Value","30-pack","Combustible"
"OFF-BI-10000719","CIG-VAR-849157","Cigarettes","Combustible","Core","10-pack","Combustible"
"OFF-BI-10000721","CIG-VAR-869631","Cigarettes","Combustible","Premium","20-pack","Combustible"
"OFF-BI-10000724","CIG-VAR-675353","Cigarettes","Combustible","Value","30-pack","Combustible"
"OFF-BI-10000725","CIG-VAR-589502","Cigarettes","Combustible","Value","10-pack","Combustible"
"OFF-BI-10000734","CIG-VAR-841168","Cigarettes","Combustible","Core","Multi-pack","Combustible"
"OFF-BI-10000756","CIG-VAR-134887","Cigarettes","Combustible","Core","20-pack","Combustible"
"OFF-BI-10000765","CIG-VAR-841194","Cigarettes","Combustible","Premium","10-pack","Combustible"
"OFF-BI-10000769","CIG-VAR-550662","Cigarettes","Combustible","Premium","Multi-pack","Combustible"
"OFF-BI-10000773","CIG-VAR-108291","Cigarettes","Combustible","Premium","10-pack","Combustible"
"OFF-BI-10000777","CIG-VAR-613469","Cigarettes","Combustible","Value","20-pack","Combustible"
"OFF-BI-10000778","CIG-VAR-714001","Cigarettes","Combustible","Core","10-pack","Combustible"
"OFF-BI-10000787","CIG-VAR-065297","Cigarettes","Combustible","Value","30-pack","Combustible"
"OFF-BI-10000806","CIG-VAR-083319","Cigarettes","Combustible","Premium","20-pack","Combustible"
"OFF-BI-10000813","CIG-VAR-800879","Cigarettes","Combustible","Value","Multi-pack","Combustible"
"OFF-BI-10000814","CIG-VAR-206418","Cigarettes","Combustible","Premium","10-pack","Combustible"
"OFF-BI-10000815","CIG-VAR-740356","Cigarettes","Combustible","Core","30-pack","Combustible"
"OFF-BI-10000816","CIG-VAR-932148","Cigarettes","Combustible","Premium","10-pack","Combustible"
"OFF-BI-10000821","CIG-VAR-528730","Cigarettes","Combustible","Core","10-pack","Combustible"
"OFF-BI-10000822","CIG-VAR-163691","Cigarettes","Combustible","Value","30-pack","Combustible"
"OFF-BI-10000827","CIG-VAR-223596","Cigarettes","Combustible","Premium","20-pack","Combustible"
"OFF-BI-10000829","CIG-VAR-281256","Cigarettes","Combustible","Premium","30-pack","Combustible"
"OFF-BI-10000831","CIG-VAR-445284","Cigarettes","Combustible","Premium","20-pack","Combustible"
"OFF-BI-10000844","CIG-VAR-610756","Cigarettes","Combustible","Core","20-pack","Combustible"
"OFF-BI-10000848","CIG-VAR-476671","Cigarettes","Combustible","Core","30-pack","Combustible"
"OFF-BI-10000854","CIG-VAR-616782","Cigarettes","Combustible","Premium","10-pack","Combustible"
"OFF-BI-10000871","CIG-VAR-398927","Cigarettes","Combustible","Value","20-pack","Combustible"
"OFF-BI-10000880","CIG-VAR-164560","Cigarettes","Combustible","Core","10-pack","Combustible"
"OFF-BI-10000894","CIG-VAR-990035","Cigarettes","Combustible","Value","10-pack","Combustible"
"OFF-BI-10000925","CIG-VAR-074953","Cigarettes","Combustible","Core","30-pack","Combustible"
"OFF-BI-10000928","CIG-VAR-050253","Cigarettes","Combustible","Premium","Multi-pack","Combustible"
"OFF-BI-10000930","CIG-VAR-358094","Cigarettes","Combustible","Value","10-pack","Combustible"
"OFF-BI-10000948","CIG-VAR-424174","Cigarettes","Combustible","Core","20-pack","Combustible"
"OFF-BI-10000960","CIG-VAR-628998","Cigarettes","Combustible","Premium","20-pack","Combustible"
"OFF-BI-10000962","CIG-VAR-598915","Cigarettes","Combustible","Core","20-pack","Combustible"
"OFF-BI-10000963","CIG-VAR-045425","Cigarettes","Combustible","Value","Multi-pack","Combustible"
"OFF-BI-10000968","CIG-VAR-123689","Cigarettes","Combustible","Value","Multi-pack","Combustible"
"OFF-BI-10000972","CIG-VAR-090456","Cigarettes","Combustible","Premium","10-pack","Combustible"
"OFF-BI-10000977","CIG-VAR-156730","Cigarettes","Combustible","Core","Multi-pack","Combustible"
"OFF-BI-10001002","CIG-VAR-542589","Cigarettes","Combustible","Premium","20-pack","Combustible"
"OFF-BI-10001028","CIG-VAR-645985","Cigarettes","Combustible","Core","20-pack","Combustible"
"OFF-BI-10001031","CIG-VAR-974018","Cigarettes","Combustible","Value","10-pack","Combustible"
"OFF-BI-10001032","CIG-VAR-591132","Cigarettes","Combustible","Premium","30-pack","Combustible"
"OFF-BI-10001036","CIG-VAR-535201","Cigarettes","Combustible","Core","Multi-pack","Combustible"
"OFF-BI-10001049","CIG-VAR-237334","Cigarettes","Combustible","Core","20-pack","Combustible"
"OFF-BI-10001055","CIG-VAR-845293","Cigarettes","Combustible","Core","Multi-pack","Combustible"
"OFF-BI-10001058","CIG-VAR-768097","Cigarettes","Combustible","Core","30-pack","Combustible"
"OFF-BI-10001067","CIG-VAR-940141","Cigarettes","Combustible","Core","10-pack","Combustible"
"OFF-BI-10001071","CIG-VAR-022013","Cigarettes","Combustible","Value","10-pack","Combustible"
"OFF-BI-10001072","CIG-VAR-654423","Cigarettes","Combustible","Premium","30-pack","Combustible"
"OFF-BI-10001078","CIG-VAR-196110","Cigarettes","Combustible","Premium","10-pack","Combustible"
"OFF-BI-10001089","CIG-VAR-225314","Cigarettes","Combustible","Value","20-pack","Combustible"
"OFF-BI-10001096","CIG-VAR-276908","Cigarettes","Combustible","Value","20-pack","Combustible"
"OFF-BI-10001097","CIG-VAR-931429","Cigarettes","Combustible","Core","Multi-pack","Combustible"
"OFF-BI-10001098","CIG-VAR-337760","Cigarettes","Combustible","Value","30-pack","Combustible"
"OFF-BI-10001107","CIG-VAR-130190","Cigarettes","Combustible","Value","20-pack","Combustible"
"OFF-BI-10001116","CIG-VAR-173425","Cigarettes","Combustible","Core","30-pack","Combustible"
"OFF-BI-10001119","CIG-VAR-058762","Cigarettes","Combustible","Core","Multi-pack","Combustible"
"OFF-BI-10001120","CIG-VAR-748978","Cigarettes","Combustible","Core","10-pack","Combustible"
"OFF-BI-10001124","CIG-VAR-632982","Cigarettes","Combustible","Premium","20-pack","Combustible"
"OFF-BI-10001132","CIG-VAR-794084","Cigarettes","Combustible","Value","20-pack","Combustible"
"OFF-BI-10001135","CIG-VAR-293271","Cigarettes","Combustible","Premium","30-pack","Combustible"
"OFF-BI-10001138","CIG-VAR-891032","Cigarettes","Combustible","Value","Multi-pack","Combustible"
"OFF-BI-10001150","CIG-VAR-730065","Cigarettes","Combustible","Premium","Multi-pack","Combustible"
"OFF-BI-10001153","CIG-VAR-223144","Cigarettes","Combustible","Core","20-pack","Combustible"
"OFF-BI-10001167","CIG-VAR-588632","Cigarettes","Combustible","Value","Multi-pack","Combustible"
"OFF-BI-10001183","CIG-VAR-540338","Cigarettes","Combustible","Value","10-pack","Combustible"
"OFF-BI-10001191","CIG-VAR-378800","Cigarettes","Combustible","Value","20-pack","Combustible"
"OFF-BI-10001192","CIG-VAR-803162","Cigarettes","Combustible","Value","Multi-pack","Combustible"
"OFF-BI-10001196","CIG-VAR-430756","Cigarettes","Combustible","Core","30-pack","Combustible"
"OFF-BI-10001199","CIG-VAR-075480","Cigarettes","Combustible","Premium","Multi-pack","Combustible"
"OFF-BI-10001200","CIG-VAR-060407","Cigarettes","Combustible","Value","Multi-pack","Combustible"
"OFF-BI-10001248","CIG-VAR-631893","Cigarettes","Combustible","Premium","20-pack","Combustible"
"OFF-BI-10001249","CIG-VAR-964397","Cigarettes","Combustible","Value","Multi-pack","Combustible"
"OFF-BI-10001253","CIG-VAR-348181","Cigarettes","Combustible","Core","10-pack","Combustible"
"OFF-BI-10001254","CIG-VAR-738950","Cigarettes","Combustible","Value","Multi-pack","Combustible"
"OFF-BI-10001266","CIG-VAR-983020","Cigarettes","Combustible","Core","10-pack","Combustible"
"OFF-BI-10001267","CIG-VAR-379437","Cigarettes","Combustible","Premium","30-pack","Combustible"
"OFF-BI-10001275","CIG-VAR-604115","Cigarettes","Combustible","Value","Multi-pack","Combustible"
"OFF-BI-10001279","CIG-VAR-479772","Cigarettes","Combustible","Premium","10-pack","Combustible"
"OFF-BI-10001284","CIG-VAR-460612","Cigarettes","Combustible","Core","30-pack","Combustible"
"OFF-BI-10001286","CIG-VAR-190729","Cigarettes","Combustible","Core","30-pack","Combustible"
"OFF-BI-10001293","CIG-VAR-537048","Cigarettes","Combustible","Premium","10-pack","Combustible"
"OFF-BI-10001294","CIG-VAR-577338","Cigarettes","Combustible","Premium","Multi-pack","Combustible"
"OFF-BI-10001304","CIG-VAR-868122","Cigarettes","Combustible","Premium","20-pack","Combustible"
"OFF-BI-10001305","CIG-VAR-145035","Cigarettes","Combustible","Premium","Multi-pack","Combustible"
"OFF-BI-10001308","CIG-VAR-021798","Cigarettes","Combustible","Premium","30-pack","Combustible"
"OFF-BI-10001312","CIG-VAR-504478","Cigarettes","Combustible","Core","20-pack","Combustible"
"OFF-BI-10001324","CIG-VAR-748212","Cigarettes","Combustible","Premium","Multi-pack","Combustible"
"OFF-BI-10001326","CIG-VAR-481206","Cigarettes","Combustible","Premium","Multi-pack","Combustible"
"OFF-BI-10001347","CIG-VAR-756737","Cigarettes","Combustible","Value","Multi-pack","Combustible"
"OFF-BI-10001359","CIG-VAR-424465","Cigarettes","Combustible","Core","20-pack","Combustible"
"OFF-BI-10001362","CIG-VAR-133281","Cigarettes","Combustible","Premium","30-pack","Combustible"
"OFF-BI-10001384","CIG-VAR-391691","Cigarettes","Combustible","Value","20-pack","Combustible"
"OFF-BI-10001397","CIG-VAR-734543","Cigarettes","Combustible","Value","30-pack","Combustible"
"OFF-BI-10001399","CIG-VAR-332892","Cigarettes","Combustible","Premium","20-pack","Combustible"
"OFF-BI-10001400","CIG-VAR-434394","Cigarettes","Combustible","Premium","20-pack","Combustible"
"OFF-BI-10001407","CIG-VAR-933204","Cigarettes","Combustible","Premium","30-pack","Combustible"
"OFF-BI-10001422","CIG-VAR-851865","Cigarettes","Combustible","Premium","Multi-pack","Combustible"
"OFF-BI-10001430","CIG-VAR-041205","Cigarettes","Combustible","Premium","30-pack","Combustible"
"OFF-BI-10001456","CIG-VAR-238686","Cigarettes","Combustible","Premium","20-pack","Combustible"
"OFF-BI-10001460","CIG-VAR-974268","Cigarettes","Combustible","Premium","Multi-pack","Combustible"
"OFF-BI-10001504","CIG-VAR-518999","Cigarettes","Combustible","Value","Multi-pack","Combustible"
"OFF-BI-10001507","CIG-VAR-012725","Cigarettes","Combustible","Value","20-pack","Combustible"
"OFF-BI-10001510","CIG-VAR-118600","Cigarettes","Combustible","Core","Multi-pack","Combustible"
"OFF-BI-10001524","CIG-VAR-906733","Cigarettes","Combustible","Core","20-pack","Combustible"
"OFF-BI-10001525","CIG-VAR-129678","Cigarettes","Combustible","Premium","Multi-pack","Combustible"
"OFF-BI-10001533","CIG-VAR-039329","Cigarettes","Combustible","Value","Multi-pack","Combustible"
"OFF-BI-10001543","CIG-VAR-596137","Cigarettes","Combustible","Core","10-pack","Combustible"
"OFF-BI-10001544","CIG-VAR-376568","Cigarettes","Combustible","Value","Multi-pack","Combustible"
"OFF-BI-10001546","CIG-VAR-979472","Cigarettes","Combustible","Value","Multi-pack","Combustible"
"OFF-BI-10001553","CIG-VAR-182313","Cigarettes","Combustible","Premium","20-pack","Combustible"
"OFF-BI-10001568","CIG-VAR-850164","Cigarettes","Combustible","Premium","30-pack","Combustible"
"OFF-BI-10001575","CIG-VAR-668932","Cigarettes","Combustible","Core","30-pack","Combustible"
"OFF-BI-10001597","CIG-VAR-767000","Cigarettes","Combustible","Value","10-pack","Combustible"
"OFF-BI-10001598","CIG-VAR-033317","Cigarettes","Combustible","Value","20-pack","Combustible"
"OFF-BI-10001613","CIG-VAR-411041","Cigarettes","Combustible","Value","10-pack","Combustible"
"OFF-BI-10001617","CIG-VAR-084096","Cigarettes","Combustible","Premium","20-pack","Combustible"
"OFF-BI-10001621","CIG-VAR-709758","Cigarettes","Combustible","Premium","Multi-pack","Combustible"
"OFF-BI-10001622","CIG-VAR-154939","Cigarettes","Combustible","Core","20-pack","Combustible"
"OFF-BI-10001628","CIG-VAR-051758","Cigarettes","Combustible","Value","Multi-pack","Combustible"
"OFF-BI-10001634","CIG-VAR-416018","Cigarettes","Combustible","Value","20-pack","Combustible"
"OFF-BI-10001636","CIG-VAR-621172","Cigarettes","Combustible","Core","20-pack","Combustible"
"OFF-BI-10001639","CIG-VAR-204451","Cigarettes","Combustible","Core","10-pack","Combustible"
"OFF-BI-10001643","CIG-VAR-403333","Cigarettes","Combustible","Core","20-pack","Combustible"
"OFF-BI-10001645","CIG-VAR-662716","Cigarettes","Combustible","Core","10-pack","Combustible"
"OFF-BI-10001650","CIG-VAR-105612","Cigarettes","Combustible","Premium","30-pack","Combustible"
"OFF-BI-10001658","CIG-VAR-081188","Cigarettes","Combustible","Value","10-pack","Combustible"
"OFF-BI-10001659","CIG-VAR-921278","Cigarettes","Combustible","Value","30-pack","Combustible"
"OFF-BI-10001662","CIG-VAR-559984","Cigarettes","Combustible","Core","20-pack","Combustible"
"OFF-BI-10001670","CIG-VAR-742328","Cigarettes","Combustible","Value","10-pack","Combustible"
"OFF-BI-10001679","CIG-VAR-291861","Cigarettes","Combustible","Premium","10-pack","Combustible"
"OFF-BI-10001685","CIG-VAR-640316","Cigarettes","Combustible","Value","10-pack","Combustible"
"OFF-BI-10001717","CIG-VAR-173465","Cigarettes","Combustible","Value","30-pack","Combustible"
"OFF-BI-10001718","CIG-VAR-012061","Cigarettes","Combustible","Core","Multi-pack","Combustible"
"OFF-BI-10001721","CIG-VAR-401716","Cigarettes","Combustible","Core","10-pack","Combustible"
"OFF-BI-10001723","CIG-VAR-567709","Cigarettes","Combustible","Core","10-pack","Combustible"
"OFF-BI-10001744","CIG-VAR-044100","Cigarettes","Combustible","Premium","20-pack","Combustible"
"OFF-BI-10001754","CIG-VAR-383621","Cigarettes","Combustible","Value","10-pack","Combustible"
"OFF-BI-10001757","CIG-VAR-439153","Cigarettes","Combustible","Core","30-pack","Combustible"
"OFF-BI-10001758","CIG-VAR-561712","Cigarettes","Combustible","Core","Multi-pack","Combustible"
"OFF-BI-10001759","CIG-VAR-568781","Cigarettes","Combustible","Value","20-pack","Combustible"
"OFF-BI-10001765","CIG-VAR-629879","Cigarettes","Combustible","Value","20-pack","Combustible"
"OFF-BI-10001787","CIG-VAR-756152","Cigarettes","Combustible","Value","Multi-pack","Combustible"
"OFF-BI-10001804","CIG-VAR-152456","Cigarettes","Combustible","Value","10-pack","Combustible"
"OFF-BI-10001808","CIG-VAR-262663","Cigarettes","Combustible","Core","Multi-pack","Combustible"
"OFF-BI-10001815","CIG-VAR-941070","Cigarettes","Combustible","Premium","Multi-pack","Combustible"
"OFF-BI-10001819","CIG-VAR-059862","Cigarettes","Combustible","Premium","10-pack","Combustible"
"OFF-BI-10001820","CIG-VAR-528158","Cigarettes","Combustible","Value","Multi-pack","Combustible"
"OFF-BI-10001833","CIG-VAR-169160","Cigarettes","Combustible","Value","10-pack","Combustible"
"OFF-BI-10001843","CIG-VAR-737106","Cigarettes","Combustible","Premium","Multi-pack","Combustible"
"OFF-BI-10001858","CIG-VAR-579868","Cigarettes","Combustible","Core","30-pack","Combustible"
"OFF-BI-10001867","CIG-VAR-033085","Cigarettes","Combustible","Core","10-pack","Combustible"
"OFF-BI-10001885","CIG-VAR-928616","Cigarettes","Combustible","Value","30-pack","Combustible"
"OFF-BI-10001890","CIG-VAR-407010","Cigarettes","Combustible","Premium","10-pack","Combustible"
"OFF-BI-10001892","CIG-VAR-044604","Cigarettes","Combustible","Premium","10-pack","Combustible"
"OFF-BI-10001895","CIG-VAR-699220","Cigarettes","Combustible","Core","Multi-pack","Combustible"
"OFF-BI-10001900","CIG-VAR-729950","Cigarettes","Combustible","Value","30-pack","Combustible"
"OFF-BI-10001904","CIG-VAR-982163","Cigarettes","Combustible","Value","Multi-pack","Combustible"
"OFF-BI-10001922","CIG-VAR-664652","Cigarettes","Combustible","Value","10-pack","Combustible"
"OFF-BI-10001927","CIG-VAR-127426","Cigarettes","Combustible","Core","Multi-pack","Combustible"
"OFF-BI-10001967","CIG-VAR-976519","Cigarettes","Combustible","Core","Multi-pack","Combustible"
"OFF-BI-10001973","CIG-VAR-295043","Cigarettes","Combustible","Value","Multi-pack","Combustible"
"OFF-BI-10001982","CIG-VAR-595893","Cigarettes","Combustible","Premium","30-pack","Combustible"
"OFF-BI-10001984","CIG-VAR-261157","Cigarettes","Combustible","Core","Multi-pack","Combustible"
"OFF-BI-10001987","CIG-VAR-122890","Cigarettes","Combustible","Core","20-pack","Combustible"
"OFF-BI-10001989","CIG-VAR-217690","Cigarettes","Combustible","Core","30-pack","Combustible"
"OFF-BI-10002003","CIG-VAR-245382","Cigarettes","Combustible","Premium","20-pack","Combustible"
"OFF-BI-10002005","CIG-VAR-638295","Cigarettes","Combustible","Premium","10-pack","Combustible"
"OFF-BI-10002012","CIG-VAR-924639","Cigarettes","Combustible","Premium","30-pack","Combustible"
"OFF-BI-10002026","CIG-VAR-282076","Cigarettes","Combustible","Core","10-pack","Combustible"
"OFF-BI-10002040","CIG-VAR-100652","Cigarettes","Combustible","Value","Multi-pack","Combustible"
"OFF-BI-10002047","CIG-VAR-404865","Cigarettes","Combustible","Premium","10-pack","Combustible"
"OFF-BI-10002049","CIG-VAR-846737","Cigarettes","Combustible","Value","Multi-pack","Combustible"
"OFF-BI-10002061","CIG-VAR-499197","Cigarettes","Combustible","Premium","Multi-pack","Combustible"
"OFF-BI-10002062","CIG-VAR-064689","Cigarettes","Combustible","Premium","20-pack","Combustible"
"OFF-BI-10002071","CIG-VAR-766855","Cigarettes","Combustible","Core","30-pack","Combustible"
"OFF-BI-10002072","CIG-VAR-139815","Cigarettes","Combustible","Premium","10-pack","Combustible"
"OFF-BI-10002075","CIG-VAR-441017","Cigarettes","Combustible","Value","Multi-pack","Combustible"
"OFF-BI-10002080","CIG-VAR-940321","Cigarettes","Combustible","Core","Multi-pack","Combustible"
"OFF-BI-10002082","CIG-VAR-803500","Cigarettes","Combustible","Core","Multi-pack","Combustible"
"OFF-BI-10002083","CIG-VAR-552784","Cigarettes","Combustible","Core","20-pack","Combustible"
"OFF-BI-10002103","CIG-VAR-970143","Cigarettes","Combustible","Premium","30-pack","Combustible"
"OFF-BI-10002126","CIG-VAR-617207","Cigarettes","Combustible","Value","Multi-pack","Combustible"
"OFF-BI-10002128","CIG-VAR-248860","Cigarettes","Combustible","Core","10-pack","Combustible"
"OFF-BI-10002133","CIG-VAR-428495","Cigarettes","Combustible","Value","20-pack","Combustible"
"OFF-BI-10002160","CIG-VAR-215785","Cigarettes","Combustible","Core","30-pack","Combustible"
"OFF-BI-10002172","CIG-VAR-229210","Cigarettes","Combustible","Core","Multi-pack","Combustible"
"OFF-BI-10002190","CIG-VAR-056190","Cigarettes","Combustible","Premium","20-pack","Combustible"
"OFF-BI-10002193","CIG-VAR-917430","Cigarettes","Combustible","Premium","Multi-pack","Combustible"
"OFF-BI-10002194","CIG-VAR-678086","Cigarettes","Combustible","Value","10-pack","Combustible"
"OFF-BI-10002215","CIG-VAR-898029","Cigarettes","Combustible","Premium","Multi-pack","Combustible"
"OFF-BI-10002222","CIG-VAR-281254","Cigarettes","Combustible","Core","Multi-pack","Combustible"
"OFF-BI-10002225","CIG-VAR-539212","Cigarettes","Combustible","Core","10-pack","Combustible"
"OFF-BI-10002243","CIG-VAR-604850","Cigarettes","Combustible","Value","Multi-pack","Combustible"
"OFF-BI-10002277","CIG-VAR-146346","Cigarettes","Combustible","Premium","20-pack","Combustible"
"OFF-BI-10002278","CIG-VAR-318760","Cigarettes","Combustible","Core","10-pack","Combustible"
"OFF-BI-10002281","CIG-VAR-375560","Cigarettes","Combustible","Value","Multi-pack","Combustible"
"OFF-BI-10002287","CIG-VAR-189921","Cigarettes","Combustible","Premium","30-pack","Combustible"
"OFF-BI-10002289","CIG-VAR-422117","Cigarettes","Combustible","Value","20-pack","Combustible"
"OFF-BI-10002296","CIG-VAR-134290","Cigarettes","Combustible","Core","20-pack","Combustible"
"OFF-BI-10002301","CIG-VAR-957056","Cigarettes","Combustible","Value","10-pack","Combustible"
"OFF-BI-10002309","CIG-VAR-849485","Cigarettes","Combustible","Value","30-pack","Combustible"
"OFF-BI-10002329","CIG-VAR-962965","Cigarettes","Combustible","Core","10-pack","Combustible"
"OFF-BI-10002335","CIG-VAR-996792","Cigarettes","Combustible","Premium","30-pack","Combustible"
"OFF-BI-10002353","CIG-VAR-581574","Cigarettes","Combustible","Premium","20-pack","Combustible"
"OFF-BI-10002354","CIG-VAR-864676","Cigarettes","Combustible","Core","30-pack","Combustible"
"OFF-BI-10002364","CIG-VAR-419013","Cigarettes","Combustible","Premium","20-pack","Combustible"
"OFF-BI-10002386","CIG-VAR-717153","Cigarettes","Combustible","Premium","Multi-pack","Combustible"
"OFF-BI-10002393","CIG-VAR-035256","Cigarettes","Combustible","Premium","20-pack","Combustible"
"OFF-BI-10002412","CIG-VAR-916145","Cigarettes","Combustible","Value","30-pack","Combustible"
"OFF-BI-10002414","CIG-VAR-398782","Cigarettes","Combustible","Core","Multi-pack","Combustible"
"OFF-BI-10002424","CIG-VAR-726792","Cigarettes","Combustible","Premium","10-pack","Combustible"
"OFF-BI-10002429","CIG-VAR-108140","Cigarettes","Combustible","Value","20-pack","Combustible"
"OFF-BI-10002432","CIG-VAR-708726","Cigarettes","Combustible","Premium","10-pack","Combustible"
"OFF-BI-10002437","CIG-VAR-105432","Cigarettes","Combustible","Premium","Multi-pack","Combustible"
"OFF-BI-10002446","CIG-VAR-803182","Cigarettes","Combustible","Core","30-pack","Combustible"
"OFF-BI-10002455","CIG-VAR-146177","Cigarettes","Combustible","Value","20-pack","Combustible"
"OFF-BI-10002459","CIG-VAR-759677","Cigarettes","Combustible","Value","30-pack","Combustible"
"OFF-BI-10002465","CIG-VAR-116150","Cigarettes","Combustible","Value","30-pack","Combustible"
"OFF-BI-10002483","CIG-VAR-147937","Cigarettes","Combustible","Core","20-pack","Combustible"
"OFF-BI-10002498","CIG-VAR-244346","Cigarettes","Combustible","Value","10-pack","Combustible"
"OFF-BI-10002510","CIG-VAR-354088","Cigarettes","Combustible","Core","20-pack","Combustible"
"OFF-BI-10002511","CIG-VAR-433809","Cigarettes","Combustible","Premium","Multi-pack","Combustible"
"OFF-BI-10002517","CIG-VAR-915733","Cigarettes","Combustible","Core","30-pack","Combustible"
"OFF-BI-10002520","CIG-VAR-426111","Cigarettes","Combustible","Premium","30-pack","Combustible"
"OFF-BI-10002523","CIG-VAR-317402","Cigarettes","Combustible","Value","10-pack","Combustible"
"OFF-BI-10002524","CIG-VAR-208418","Cigarettes","Combustible","Value","Multi-pack","Combustible"
"OFF-BI-10002533","CIG-VAR-083355","Cigarettes","Combustible","Premium","20-pack","Combustible"
"OFF-BI-10002557","CIG-VAR-020394","Cigarettes","Combustible","Premium","30-pack","Combustible"
"OFF-BI-10002558","CIG-VAR-443414","Cigarettes","Combustible","Value","Multi-pack","Combustible"
"OFF-BI-10002562","CIG-VAR-456937","Cigarettes","Combustible","Core","30-pack","Combustible"
"OFF-BI-10002570","CIG-VAR-747078","Cigarettes","Combustible","Premium","Multi-pack","Combustible"
"OFF-BI-10002571","CIG-VAR-863981","Cigarettes","Combustible","Value","20-pack","Combustible"
"OFF-BI-10002594","CIG-VAR-620999","Cigarettes","Combustible","Value","10-pack","Combustible"
"OFF-BI-10002607","CIG-VAR-328156","Cigarettes","Combustible","Core","30-pack","Combustible"
"OFF-BI-10002609","CIG-VAR-107615","Cigarettes","Combustible","Value","20-pack","Combustible"
"OFF-BI-10002627","CIG-VAR-719340","Cigarettes","Combustible","Premium","10-pack","Combustible"
"OFF-BI-10002628","CIG-VAR-483128","Cigarettes","Combustible","Value","20-pack","Combustible"
"OFF-BI-10002632","CIG-VAR-372757","Cigarettes","Combustible","Core","30-pack","Combustible"
"OFF-BI-10002674","CIG-VAR-798229","Cigarettes","Combustible","Core","Multi-pack","Combustible"
"OFF-BI-10002681","CIG-VAR-536508","Cigarettes","Combustible","Premium","Multi-pack","Combustible"
"OFF-BI-10002682","CIG-VAR-656294","Cigarettes","Combustible","Value","20-pack","Combustible"
"OFF-BI-10002684","CIG-VAR-926554","Cigarettes","Combustible","Core","10-pack","Combustible"
"OFF-BI-10002706","CIG-VAR-621637","Cigarettes","Combustible","Core","Multi-pack","Combustible"
"OFF-BI-10002708","CIG-VAR-993990","Cigarettes","Combustible","Premium","10-pack","Combustible"
"OFF-BI-10002711","CIG-VAR-282833","Cigarettes","Combustible","Value","20-pack","Combustible"
"OFF-BI-10002712","CIG-VAR-461181","Cigarettes","Combustible","Premium","Multi-pack","Combustible"
"OFF-BI-10002715","CIG-VAR-210214","Cigarettes","Combustible","Core","10-pack","Combustible"
"OFF-BI-10002718","CIG-VAR-743943","Cigarettes","Combustible","Premium","20-pack","Combustible"
"OFF-BI-10002727","CIG-VAR-978158","Cigarettes","Combustible","Value","Multi-pack","Combustible"
"OFF-BI-10002734","CIG-VAR-696689","Cigarettes","Combustible","Value","10-pack","Combustible"
"OFF-BI-10002735","CIG-VAR-657233","Cigarettes","Combustible","Value","30-pack","Combustible"
"OFF-BI-10002738","CIG-VAR-509471","Cigarettes","Combustible","Value","Multi-pack","Combustible"
"OFF-BI-10002764","CIG-VAR-254337","Cigarettes","Combustible","Premium","20-pack","Combustible"
"OFF-BI-10002775","CIG-VAR-198284","Cigarettes","Combustible","Value","30-pack","Combustible"
"OFF-BI-10002792","CIG-VAR-294954","Cigarettes","Combustible","Premium","Multi-pack","Combustible"
"OFF-BI-10002794","CIG-VAR-649778","Cigarettes","Combustible","Value","30-pack","Combustible"
"OFF-BI-10002796","CIG-VAR-154822","Cigarettes","Combustible","Core","30-pack","Combustible"
"OFF-BI-10002799","CIG-VAR-339627","Cigarettes","Combustible","Premium","Multi-pack","Combustible"
"OFF-BI-10002813","CIG-VAR-278933","Cigarettes","Combustible","Value","10-pack","Combustible"
"OFF-BI-10002824","CIG-VAR-554211","Cigarettes","Combustible","Premium","10-pack","Combustible"
"OFF-BI-10002827","CIG-VAR-457223","Cigarettes","Combustible","Value","30-pack","Combustible"
"OFF-BI-10002841","CIG-VAR-931284","Cigarettes","Combustible","Premium","20-pack","Combustible"
"OFF-BI-10002852","CIG-VAR-588402","Cigarettes","Combustible","Premium","30-pack","Combustible"
"OFF-BI-10002853","CIG-VAR-288820","Cigarettes","Combustible","Core","10-pack","Combustible"
"OFF-BI-10002854","CIG-VAR-069113","Cigarettes","Combustible","Value","Multi-pack","Combustible"
"OFF-BI-10002859","CIG-VAR-163128","Cigarettes","Combustible","Premium","30-pack","Combustible"
"OFF-BI-10002867","CIG-VAR-667529","Cigarettes","Combustible","Value","30-pack","Combustible"
"OFF-BI-10002881","CIG-VAR-181527","Cigarettes","Combustible","Premium","20-pack","Combustible"
"OFF-BI-10002885","CIG-VAR-527495","Cigarettes","Combustible","Value","10-pack","Combustible"
"OFF-BI-10002894","CIG-VAR-760499","Cigarettes","Combustible","Value","Multi-pack","Combustible"
"OFF-BI-10002897","CIG-VAR-113659","Cigarettes","Combustible","Core","20-pack","Combustible"
"OFF-BI-10002907","CIG-VAR-400102","Cigarettes","Combustible","Core","Multi-pack","Combustible"
"OFF-BI-10002919","CIG-VAR-264978","Cigarettes","Combustible","Premium","20-pack","Combustible"
"OFF-BI-10002931","CIG-VAR-717257","Cigarettes","Combustible","Value","20-pack","Combustible"
"OFF-BI-10002935","CIG-VAR-436585","Cigarettes","Combustible","Core","10-pack","Combustible"
"OFF-BI-10002937","CIG-VAR-187070","Cigarettes","Combustible","Value","10-pack","Combustible"
"OFF-BI-10002949","CIG-VAR-528956","Cigarettes","Combustible","Value","10-pack","Combustible"
"OFF-BI-10002954","CIG-VAR-255829","Cigarettes","Combustible","Core","10-pack","Combustible"
"OFF-BI-10002975","CIG-VAR-500388","Cigarettes","Combustible","Premium","10-pack","Combustible"
"OFF-BI-10002976","CIG-VAR-284851","Cigarettes","Combustible","Core","30-pack","Combustible"
"OFF-BI-10002977","CIG-VAR-769679","Cigarettes","Combustible","Value","10-pack","Combustible"
"OFF-BI-10002982","CIG-VAR-225285","Cigarettes","Combustible","Premium","10-pack","Combustible"
"OFF-BI-10002986","CIG-VAR-877392","Cigarettes","Combustible","Premium","20-pack","Combustible"
"OFF-BI-10002990","CIG-VAR-639542","Cigarettes","Combustible","Value","20-pack","Combustible"
"OFF-BI-10003007","CIG-VAR-001739","Cigarettes","Combustible","Value","20-pack","Combustible"
"OFF-BI-10003009","CIG-VAR-009629","Cigarettes","Combustible","Value","30-pack","Combustible"
"OFF-BI-10003012","CIG-VAR-993223","Cigarettes","Combustible","Core","Multi-pack","Combustible"
"OFF-BI-10003018","CIG-VAR-687550","Cigarettes","Combustible","Core","20-pack","Combustible"
"OFF-BI-10003022","CIG-VAR-920405","Cigarettes","Combustible","Value","10-pack","Combustible"
"OFF-BI-10003025","CIG-VAR-742781","Cigarettes","Combustible","Value","Multi-pack","Combustible"
"OFF-BI-10003031","CIG-VAR-513459","Cigarettes","Combustible","Premium","Multi-pack","Combustible"
"OFF-BI-10003058","CIG-VAR-381321","Cigarettes","Combustible","Premium","20-pack","Combustible"
"OFF-BI-10003064","CIG-VAR-308003","Cigarettes","Combustible","Value","20-pack","Combustible"
"OFF-BI-10003068","CIG-VAR-420320","Cigarettes","Combustible","Value","30-pack","Combustible"
"OFF-BI-10003090","CIG-VAR-738555","Cigarettes","Combustible","Premium","Multi-pack","Combustible"
"OFF-BI-10003091","CIG-VAR-074068","Cigarettes","Combustible","Core","20-pack","Combustible"
"OFF-BI-10003094","CIG-VAR-757111","Cigarettes","Combustible","Core","30-pack","Combustible"
"OFF-BI-10003098","CIG-VAR-632818","Cigarettes","Combustible","Core","20-pack","Combustible"
"OFF-BI-10003112","CIG-VAR-477774","Cigarettes","Combustible","Premium","10-pack","Combustible"
"OFF-BI-10003114","CIG-VAR-954910","Cigarettes","Combustible","Core","20-pack","Combustible"
"OFF-BI-10003124","CIG-VAR-158259","Cigarettes","Combustible","Premium","30-pack","Combustible"
"OFF-BI-10003132","CIG-VAR-718985","Cigarettes","Combustible","Value","30-pack","Combustible"
"OFF-BI-10003142","CIG-VAR-368353","Cigarettes","Combustible","Core","20-pack","Combustible"
"OFF-BI-10003152","CIG-VAR-401092","Cigarettes","Combustible","Core","10-pack","Combustible"
"OFF-BI-10003159","CIG-VAR-755883","Cigarettes","Combustible","Premium","10-pack","Combustible"
"OFF-BI-10003162","CIG-VAR-236845","Cigarettes","Combustible","Core","Multi-pack","Combustible"
"OFF-BI-10003166","CIG-VAR-170322","Cigarettes","Combustible","Premium","30-pack","Combustible"
"OFF-BI-10003181","CIG-VAR-317980","Cigarettes","Combustible","Core","Multi-pack","Combustible"
"OFF-BI-10003184","CIG-VAR-525812","Cigarettes","Combustible","Value","10-pack","Combustible"
"OFF-BI-10003188","CIG-VAR-554126","Cigarettes","Combustible","Value","Multi-pack","Combustible"
"OFF-BI-10003196","CIG-VAR-630579","Cigarettes","Combustible","Premium","20-pack","Combustible"
"OFF-BI-10003240","CIG-VAR-267233","Cigarettes","Combustible","Value","10-pack","Combustible"
"OFF-BI-10003253","CIG-VAR-985465","Cigarettes","Combustible","Core","Multi-pack","Combustible"
"OFF-BI-10003265","CIG-VAR-156827","Cigarettes","Combustible","Value","20-pack","Combustible"
"OFF-BI-10003274","CIG-VAR-054235","Cigarettes","Combustible","Core","30-pack","Combustible"
"OFF-BI-10003277","CIG-VAR-478305","Cigarettes","Combustible","Premium","10-pack","Combustible"
"OFF-BI-10003281","CIG-VAR-497433","Cigarettes","Combustible","Premium","30-pack","Combustible"
"OFF-BI-10003291","CIG-VAR-777026","Cigarettes","Combustible","Value","Multi-pack","Combustible"
"OFF-BI-10003305","CIG-VAR-758000","Cigarettes","Combustible","Value","10-pack","Combustible"
"OFF-BI-10003309","CIG-VAR-671040","Cigarettes","Combustible","Premium","Multi-pack","Combustible"
"OFF-BI-10003314","CIG-VAR-206127","Cigarettes","Combustible","Premium","Multi-pack","Combustible"
"OFF-BI-10003320","CIG-VAR-569691","Cigarettes","Combustible","Premium","20-pack","Combustible"
"OFF-BI-10003323","CIG-VAR-042670","Cigarettes","Combustible","Core","Multi-pack","Combustible"
"OFF-BI-10003324","CIG-VAR-197338","Cigarettes","Combustible","Core","10-pack","Combustible"
"OFF-BI-10003340","CIG-VAR-618716","Cigarettes","Combustible","Value","Multi-pack","Combustible"
"OFF-BI-10003342","CIG-VAR-070897","Cigarettes","Combustible","Core","Multi-pack","Combustible"
"OFF-BI-10003350","CIG-VAR-423506","Cigarettes","Combustible","Value","30-pack","Combustible"
"OFF-BI-10003355","CIG-VAR-233668","Cigarettes","Combustible","Core","20-pack","Combustible"
"OFF-BI-10003364","CIG-VAR-043645","Cigarettes","Combustible","Core","10-pack","Combustible"
"OFF-BI-10003367","CIG-VAR-202689","Cigarettes","Combustible","Premium","30-pack","Combustible"
"OFF-BI-10003372","CIG-VAR-610332","Cigarettes","Combustible","Premium","10-pack","Combustible"
"OFF-BI-10003373","CIG-VAR-087143","Cigarettes","Combustible","Value","30-pack","Combustible"
"OFF-BI-10003392","CIG-VAR-350251","Cigarettes","Combustible","Core","30-pack","Combustible"
"OFF-BI-10003397","CIG-VAR-223997","Cigarettes","Combustible","Value","20-pack","Combustible"
"OFF-BI-10003400","CIG-VAR-075074","Cigarettes","Combustible","Value","30-pack","Combustible"
"OFF-BI-10003417","CIG-VAR-658037","Cigarettes","Combustible","Value","10-pack","Combustible"
"OFF-BI-10003429","CIG-VAR-123653","Cigarettes","Combustible","Value","10-pack","Combustible"
"OFF-BI-10003440","CIG-VAR-205518","Cigarettes","Combustible","Premium","30-pack","Combustible"
"OFF-BI-10003452","CIG-VAR-127818","Cigarettes","Combustible","Premium","Multi-pack","Combustible"
"OFF-BI-10003460","CIG-VAR-838244","Cigarettes","Combustible","Value","10-pack","Combustible"
"OFF-BI-10003468","CIG-VAR-478094","Cigarettes","Combustible","Value","30-pack","Combustible"
"OFF-BI-10003472","CIG-VAR-934387","Cigarettes","Combustible","Core","20-pack","Combustible"
"OFF-BI-10003475","CIG-VAR-236381","Cigarettes","Combustible","Value","30-pack","Combustible"
"OFF-BI-10003476","CIG-VAR-153256","Cigarettes","Combustible","Core","10-pack","Combustible"
"OFF-BI-10003503","CIG-VAR-104183","Cigarettes","Combustible","Value","Multi-pack","Combustible"
"OFF-BI-10003519","CIG-VAR-310283","Cigarettes","Combustible","Value","10-pack","Combustible"
"OFF-BI-10003527","CIG-VAR-599736","Cigarettes","Combustible","Premium","10-pack","Combustible"
"OFF-BI-10003529","CIG-VAR-610366","Cigarettes","Combustible","Core","Multi-pack","Combustible"
"OFF-BI-10003579","CIG-VAR-539790","Cigarettes","Combustible","Premium","30-pack","Combustible"
"OFF-BI-10003582","CIG-VAR-271616","Cigarettes","Combustible","Value","20-pack","Combustible"
"OFF-BI-10003585","CIG-VAR-670305","Cigarettes","Combustible","Premium","30-pack","Combustible"
"OFF-BI-10003588","CIG-VAR-361879","Cigarettes","Combustible","Core","Multi-pack","Combustible"
"OFF-BI-10003616","CIG-VAR-783913","Cigarettes","Combustible","Core","10-pack","Combustible"
"OFF-BI-10003633","CIG-VAR-016838","Cigarettes","Combustible","Value","20-pack","Combustible"
"OFF-BI-10003638","CIG-VAR-882997","Cigarettes","Combustible","Core","20-pack","Combustible"
"OFF-BI-10003642","CIG-VAR-515565","Cigarettes","Combustible","Premium","10-pack","Combustible"
"OFF-BI-10003646","CIG-VAR-171897","Cigarettes","Combustible","Premium","20-pack","Combustible"
"OFF-BI-10003650","CIG-VAR-293482","Cigarettes","Combustible","Core","20-pack","Combustible"
"OFF-BI-10003653","CIG-VAR-846107","Cigarettes","Combustible","Value","Multi-pack","Combustible"
"OFF-BI-10003655","CIG-VAR-600006","Cigarettes","Combustible","Premium","30-pack","Combustible"
"OFF-BI-10003656","CIG-VAR-934299","Cigarettes","Combustible","Premium","10-pack","Combustible"
"OFF-BI-10003669","CIG-VAR-014940","Cigarettes","Combustible","Premium","30-pack","Combustible"
"OFF-BI-10003676","CIG-VAR-546565","Cigarettes","Combustible","Core","30-pack","Combustible"
"OFF-BI-10003684","CIG-VAR-208927","Cigarettes","Combustible","Core","20-pack","Combustible"
"OFF-BI-10003694","CIG-VAR-299585","Cigarettes","Combustible","Value","10-pack","Combustible"
"OFF-BI-10003702","CIG-VAR-862647","Cigarettes","Combustible","Premium","Multi-pack","Combustible"
"OFF-BI-10003705","CIG-VAR-858466","Cigarettes","Combustible","Core","10-pack","Combustible"
"OFF-BI-10003707","CIG-VAR-939067","Cigarettes","Combustible","Core","10-pack","Combustible"
"OFF-BI-10003708","CIG-VAR-725359","Cigarettes","Combustible","Core","20-pack","Combustible"
"OFF-BI-10003709","CIG-VAR-330084","Cigarettes","Combustible","Premium","Multi-pack","Combustible"
"OFF-BI-10003712","CIG-VAR-002395","Cigarettes","Combustible","Core","30-pack","Combustible"
"OFF-BI-10003713","CIG-VAR-174307","Cigarettes","Combustible","Core","10-pack","Combustible"
"OFF-BI-10003718","CIG-VAR-652752","Cigarettes","Combustible","Premium","10-pack","Combustible"
"OFF-BI-10003719","CIG-VAR-692298","Cigarettes","Combustible","Premium","30-pack","Combustible"
"OFF-BI-10003724","CIG-VAR-201244","Cigarettes","Combustible","Core","10-pack","Combustible"
"OFF-BI-10003725","CIG-VAR-511585","Cigarettes","Combustible","Core","30-pack","Combustible"
"OFF-BI-10003727","CIG-VAR-706734","Cigarettes","Combustible","Premium","30-pack","Combustible"
"OFF-BI-10003763","CIG-VAR-866747","Cigarettes","Combustible","Value","Multi-pack","Combustible"
"OFF-BI-10003768","CIG-VAR-144397","Cigarettes","Combustible","Core","Multi-pack","Combustible"
"OFF-BI-10003774","CIG-VAR-945100","Cigarettes","Combustible","Core","20-pack","Combustible"
"OFF-BI-10003779","CIG-VAR-880462","Cigarettes","Combustible","Core","10-pack","Combustible"
"OFF-BI-10003784","CIG-VAR-710897","Cigarettes","Combustible","Value","30-pack","Combustible"
"OFF-BI-10003806","CIG-VAR-956509","Cigarettes","Combustible","Core","Multi-pack","Combustible"
"OFF-BI-10003856","CIG-VAR-109029","Cigarettes","Combustible","Premium","30-pack","Combustible"
"OFF-BI-10003870","CIG-VAR-449661","Cigarettes","Combustible","Premium","20-pack","Combustible"
"OFF-BI-10003874","CIG-VAR-437465","Cigarettes","Combustible","Value","10-pack","Combustible"
"OFF-BI-10003876","CIG-VAR-205904","Cigarettes","Combustible","Value","10-pack","Combustible"
"OFF-BI-10003879","CIG-VAR-979545","Cigarettes","Combustible","Premium","20-pack","Combustible"
"OFF-BI-10003883","CIG-VAR-265457","Cigarettes","Combustible","Value","10-pack","Combustible"
"OFF-BI-10003899","CIG-VAR-018449","Cigarettes","Combustible","Value","Multi-pack","Combustible"
"OFF-BI-10003903","CIG-VAR-548018","Cigarettes","Combustible","Value","Multi-pack","Combustible"
"OFF-BI-10003910","CIG-VAR-091610","Cigarettes","Combustible","Value","10-pack","Combustible"
"OFF-BI-10003917","CIG-VAR-032229","Cigarettes","Combustible","Premium","Multi-pack","Combustible"
"OFF-BI-10003919","CIG-VAR-980561","Cigarettes","Combustible","Value","10-pack","Combustible"
"OFF-BI-10003925","CIG-VAR-279689","Cigarettes","Combustible","Value","10-pack","Combustible"
"OFF-BI-10003934","CIG-VAR-016049","Cigarettes","Combustible","Value","Multi-pack","Combustible"
"OFF-BI-10003951","CIG-VAR-464106","Cigarettes","Combustible","Premium","30-pack","Combustible"
"OFF-BI-10003952","CIG-VAR-494323","Cigarettes","Combustible","Core","10-pack","Combustible"
"OFF-BI-10003963","CIG-VAR-889201","Cigarettes","Combustible","Core","20-pack","Combustible"
"OFF-BI-10003975","CIG-VAR-598623","Cigarettes","Combustible","Premium","20-pack","Combustible"
"OFF-BI-10003981","CIG-VAR-195582","Cigarettes","Combustible","Premium","Multi-pack","Combustible"
"OFF-BI-10003982","CIG-VAR-860996","Cigarettes","Combustible","Value","20-pack","Combustible"
"OFF-BI-10003984","CIG-VAR-181958","Cigarettes","Combustible","Value","10-pack","Combustible"
"OFF-BI-10003985","CIG-VAR-752178","Cigarettes","Combustible","Premium","30-pack","Combustible"
"OFF-BI-10003999","CIG-VAR-949589","Cigarettes","Combustible","Value","10-pack","Combustible"
"OFF-BI-10004001","CIG-VAR-117908","Cigarettes","Combustible","Value","20-pack","Combustible"
"OFF-BI-10004002","CIG-VAR-910322","Cigarettes","Combustible","Value","Multi-pack","Combustible"
"OFF-BI-10004007","CIG-VAR-178183","Cigarettes","Combustible","Core","10-pack","Combustible"
"OFF-BI-10004022","CIG-VAR-872233","Cigarettes","Combustible","Core","20-pack","Combustible"
"OFF-BI-10004028","CIG-VAR-281928","Cigarettes","Combustible","Premium","Multi-pack","Combustible"
"OFF-BI-10004040","CIG-VAR-575164","Cigarettes","Combustible","Core","Multi-pack","Combustible"
"OFF-BI-10004042","CIG-VAR-107803","Cigarettes","Combustible","Core","Multi-pack","Combustible"
"OFF-BI-10004053","CIG-VAR-856883","Cigarettes","Combustible","Value","10-pack","Combustible"
"OFF-BI-10004054","CIG-VAR-549006","Cigarettes","Combustible","Premium","Multi-pack","Combustible"
"OFF-BI-10004078","CIG-VAR-843196","Cigarettes","Combustible","Core","30-pack","Combustible"
"OFF-BI-10004080","CIG-VAR-744134","Cigarettes","Combustible","Value","Multi-pack","Combustible"
"OFF-BI-10004094","CIG-VAR-957440","Cigarettes","Combustible","Value","Multi-pack","Combustible"
"OFF-BI-10004098","CIG-VAR-245318","Cigarettes","Combustible","Value","10-pack","Combustible"
"OFF-BI-10004099","CIG-VAR-555869","Cigarettes","Combustible","Value","30-pack","Combustible"
"OFF-BI-10004105","CIG-VAR-328589","Cigarettes","Combustible","Value","Multi-pack","Combustible"
"OFF-BI-10004120","CIG-VAR-613168","Cigarettes","Combustible","Core","30-pack","Combustible"
"OFF-BI-10004121","CIG-VAR-466419","Cigarettes","Combustible","Premium","10-pack","Combustible"
"OFF-BI-10004139","CIG-VAR-708850","Cigarettes","Combustible","Core","Multi-pack","Combustible"
"OFF-BI-10004140","CIG-VAR-999825","Cigarettes","Combustible","Premium","10-pack","Combustible"
"OFF-BI-10004141","CIG-VAR-447835","Cigarettes","Combustible","Core","30-pack","Combustible"
"OFF-BI-10004142","CIG-VAR-843832","Cigarettes","Combustible","Core","10-pack","Combustible"
"OFF-BI-10004145","CIG-VAR-562376","Cigarettes","Combustible","Value","Multi-pack","Combustible"
"OFF-BI-10004146","CIG-VAR-453651","Cigarettes","Combustible","Premium","20-pack","Combustible"
"OFF-BI-10004148","CIG-VAR-455785","Cigarettes","Combustible","Core","30-pack","Combustible"
"OFF-BI-10004177","CIG-VAR-738584","Cigarettes","Combustible","Value","10-pack","Combustible"
"OFF-BI-10004179","CIG-VAR-635422","Cigarettes","Combustible","Core","Multi-pack","Combustible"
"OFF-BI-10004181","CIG-VAR-785902","Cigarettes","Combustible","Core","30-pack","Combustible"
"OFF-BI-10004182","CIG-VAR-872360","Cigarettes","Combustible","Value","10-pack","Combustible"
"OFF-BI-10004185","CIG-VAR-060225","Cigarettes","Combustible","Premium","Multi-pack","Combustible"
"OFF-BI-10004187","CIG-VAR-397245","Cigarettes","Combustible","Premium","Multi-pack","Combustible"
"OFF-BI-10004193","CIG-VAR-669821","Cigarettes","Combustible","Value","Multi-pack","Combustible"
"OFF-BI-10004195","CIG-VAR-824245","Cigarettes","Combustible","Core","30-pack","Combustible"
"OFF-BI-10004200","CIG-VAR-497986","Cigarettes","Combustible","Core","20-pack","Combustible"
"OFF-BI-10004209","CIG-VAR-503316","Cigarettes","Combustible","Premium","20-pack","Combustible"
"OFF-BI-10004220","CIG-VAR-924270","Cigarettes","Combustible","Premium","Multi-pack","Combustible"
"OFF-BI-10004224","CIG-VAR-457892","Cigarettes","Combustible","Value","30-pack","Combustible"
"OFF-BI-10004227","CIG-VAR-820641","Cigarettes","Combustible","Premium","10-pack","Combustible"
"OFF-BI-10004230","CIG-VAR-533488","Cigarettes","Combustible","Core","30-pack","Combustible"
"OFF-BI-10004233","CIG-VAR-614104","Cigarettes","Combustible","Core","10-pack","Combustible"
"OFF-BI-10004236","CIG-VAR-182210","Cigarettes","Combustible","Value","Multi-pack","Combustible"
"OFF-BI-10004240","CIG-VAR-160517","Cigarettes","Combustible","Value","20-pack","Combustible"
"OFF-BI-10004250","CIG-VAR-571692","Cigarettes","Combustible","Premium","10-pack","Combustible"
"OFF-BI-10004251","CIG-VAR-947731","Cigarettes","Combustible","Core","30-pack","Combustible"
"OFF-BI-10004275","CIG-VAR-325598","Cigarettes","Combustible","Value","20-pack","Combustible"
"OFF-BI-10004305","CIG-VAR-702013","Cigarettes","Combustible","Core","20-pack","Combustible"
"OFF-BI-10004308","CIG-VAR-102358","Cigarettes","Combustible","Core","10-pack","Combustible"
"OFF-BI-10004318","CIG-VAR-614230","Cigarettes","Combustible","Core","20-pack","Combustible"
"OFF-BI-10004328","CIG-VAR-567041","Cigarettes","Combustible","Value","30-pack","Combustible"
"OFF-BI-10004330","CIG-VAR-380624","Cigarettes","Combustible","Value","20-pack","Combustible"
"OFF-BI-10004334","CIG-VAR-187631","Cigarettes","Combustible","Value","10-pack","Combustible"
"OFF-BI-10004352","CIG-VAR-765989","Cigarettes","Combustible","Value","Multi-pack","Combustible"
"OFF-BI-10004361","CIG-VAR-868542","Cigarettes","Combustible","Premium","30-pack","Combustible"
"OFF-BI-10004364","CIG-VAR-654976","Cigarettes","Combustible","Core","20-pack","Combustible"
"OFF-BI-10004369","CIG-VAR-774508","Cigarettes","Combustible","Core","10-pack","Combustible"
"OFF-BI-10004376","CIG-VAR-824015","Cigarettes","Combustible","Value","10-pack","Combustible"
"OFF-BI-10004388","CIG-VAR-780514","Cigarettes","Combustible","Core","10-pack","Combustible"
"OFF-BI-10004390","CIG-VAR-311121","Cigarettes","Combustible","Premium","Multi-pack","Combustible"
"OFF-BI-10004410","CIG-VAR-541062","Cigarettes","Combustible","Premium","30-pack","Combustible"
"OFF-BI-10004428","CIG-VAR-897488","Cigarettes","Combustible","Value","Multi-pack","Combustible"
"OFF-BI-10004436","CIG-VAR-548988","Cigarettes","Combustible","Premium","20-pack","Combustible"
"OFF-BI-10004440","CIG-VAR-301533","Cigarettes","Combustible","Premium","Multi-pack","Combustible"
"OFF-BI-10004442","CIG-VAR-128764","Cigarettes","Combustible","Core","Multi-pack","Combustible"
"OFF-BI-10004446","CIG-VAR-685156","Cigarettes","Combustible","Core","30-pack","Combustible"
"OFF-BI-10004448","CIG-VAR-188272","Cigarettes","Combustible","Core","20-pack","Combustible"
"OFF-BI-10004454","CIG-VAR-552904","Cigarettes","Combustible","Core","Multi-pack","Combustible"
"OFF-BI-10004465","CIG-VAR-436042","Cigarettes","Combustible","Core","30-pack","Combustible"
"OFF-BI-10004470","CIG-VAR-649433","Cigarettes","Combustible","Value","10-pack","Combustible"
"OFF-BI-10004483","CIG-VAR-197908","Cigarettes","Combustible","Core","20-pack","Combustible"
"OFF-BI-10004486","CIG-VAR-214783","Cigarettes","Combustible","Core","30-pack","Combustible"
"OFF-BI-10004491","CIG-VAR-703598","Cigarettes","Combustible","Value","10-pack","Combustible"
"OFF-BI-10004492","CIG-VAR-825166","Cigarettes","Combustible","Core","30-pack","Combustible"
"OFF-BI-10004506","CIG-VAR-069383","Cigarettes","Combustible","Value","20-pack","Combustible"
"OFF-BI-10004510","CIG-VAR-876149","Cigarettes","Combustible","Value","20-pack","Combustible"
"OFF-BI-10004519","CIG-VAR-343399","Cigarettes","Combustible","Core","20-pack","Combustible"
"OFF-BI-10004528","CIG-VAR-546005","Cigarettes","Combustible","Value","10-pack","Combustible"
"OFF-BI-10004534","CIG-VAR-990516","Cigarettes","Combustible","Premium","30-pack","Combustible"
"OFF-BI-10004541","CIG-VAR-373765","Cigarettes","Combustible","Core","30-pack","Combustible"
"OFF-BI-10004553","CIG-VAR-768550","Cigarettes","Combustible","Core","Multi-pack","Combustible"
"OFF-BI-10004554","CIG-VAR-333500","Cigarettes","Combustible","Value","10-pack","Combustible"
"OFF-BI-10004562","CIG-VAR-351166","Cigarettes","Combustible","Core","30-pack","Combustible"
"OFF-BI-10004581","CIG-VAR-620938","Cigarettes","Combustible","Core","30-pack","Combustible"
"OFF-BI-10004584","CIG-VAR-943531","Cigarettes","Combustible","Core","20-pack","Combustible"
"OFF-BI-10004589","CIG-VAR-671623","Cigarettes","Combustible","Core","10-pack","Combustible"
"OFF-BI-10004593","CIG-VAR-928130","Cigarettes","Combustible","Value","Multi-pack","Combustible"
"OFF-BI-10004597","CIG-VAR-645426","Cigarettes","Combustible","Premium","30-pack","Combustible"
"OFF-BI-10004600","CIG-VAR-947961","Cigarettes","Combustible","Premium","20-pack","Combustible"
"OFF-BI-10004624","CIG-VAR-112616","Cigarettes","Combustible","Value","30-pack","Combustible"
"OFF-BI-10004628","CIG-VAR-746875","Cigarettes","Combustible","Core","20-pack","Combustible"
"OFF-BI-10004632","CIG-VAR-562951","Cigarettes","Combustible","Core","30-pack","Combustible"
"OFF-BI-10004644","CIG-VAR-719310","Cigarettes","Combustible","Premium","10-pack","Combustible"
"OFF-BI-10004651","CIG-VAR-223144","Cigarettes","Combustible","Core","30-pack","Combustible"
"OFF-BI-10004654","CIG-VAR-147000","Cigarettes","Combustible","Premium","20-pack","Combustible"
"OFF-BI-10004656","CIG-VAR-565948","Cigarettes","Combustible","Core","20-pack","Combustible"
"OFF-BI-10004666","CIG-VAR-513610","Cigarettes","Combustible","Core","30-pack","Combustible"
"OFF-BI-10004685","CIG-VAR-131962","Cigarettes","Combustible","Core","30-pack","Combustible"
"OFF-BI-10004700","CIG-VAR-781827","Cigarettes","Combustible","Premium","30-pack","Combustible"
"OFF-BI-10004712","CIG-VAR-649875","Cigarettes","Combustible","Premium","Multi-pack","Combustible"
"OFF-BI-10004716","CIG-VAR-991474","Cigarettes","Combustible","Core","30-pack","Combustible"
"OFF-BI-10004722","CIG-VAR-062383","Cigarettes","Combustible","Core","10-pack","Combustible"
"OFF-BI-10004728","CIG-VAR-205341","Cigarettes","Combustible","Premium","30-pack","Combustible"
"OFF-BI-10004738","CIG-VAR-281810","Cigarettes","Combustible","Value","Multi-pack","Combustible"
"OFF-BI-10004741","CIG-VAR-681525","Cigarettes","Combustible","Premium","10-pack","Combustible"
"OFF-BI-10004769","CIG-VAR-914114","Cigarettes","Combustible","Value","10-pack","Combustible"
"OFF-BI-10004781","CIG-VAR-592369","Cigarettes","Combustible","Core","10-pack","Combustible"
"OFF-BI-10004795","CIG-VAR-415903","Cigarettes","Combustible","Core","10-pack","Combustible"
"OFF-BI-10004801","CIG-VAR-818351","Cigarettes","Combustible","Value","20-pack","Combustible"
"OFF-BI-10004809","CIG-VAR-995984","Cigarettes","Combustible","Value","Multi-pack","Combustible"
"OFF-BI-10004817","CIG-VAR-320539","Cigarettes","Combustible","Core","20-pack","Combustible"
"OFF-BI-10004826","CIG-VAR-000659","Cigarettes","Combustible","Value","10-pack","Combustible"
"OFF-BI-10004828","CIG-VAR-134676","Cigarettes","Combustible","Premium","Multi-pack","Combustible"
"OFF-BI-10004830","CIG-VAR-641327","Cigarettes","Combustible","Value","10-pack","Combustible"
"OFF-BI-10004861","CIG-VAR-238822","Cigarettes","Combustible","Core","Multi-pack","Combustible"
"OFF-BI-10004868","CIG-VAR-717050","Cigarettes","Combustible","Value","Multi-pack","Combustible"
"OFF-BI-10004869","CIG-VAR-975239","Cigarettes","Combustible","Value","20-pack","Combustible"
"OFF-BI-10004876","CIG-VAR-925814","Cigarettes","Combustible","Value","20-pack","Combustible"
"OFF-BI-10004903","CIG-VAR-877486","Cigarettes","Combustible","Core","30-pack","Combustible"
"OFF-BI-10004908","CIG-VAR-499292","Cigarettes","Combustible","Value","30-pack","Combustible"
"OFF-BI-10004924","CIG-VAR-438093","Cigarettes","Combustible","Premium","Multi-pack","Combustible"
"OFF-BI-10004965","CIG-VAR-681428","Cigarettes","Combustible","Value","20-pack","Combustible"
"OFF-BI-10004967","CIG-VAR-973583","Cigarettes","Combustible","Value","20-pack","Combustible"
"OFF-BI-10004969","CIG-VAR-239216","Cigarettes","Combustible","Value","30-pack","Combustible"
"OFF-BI-10004970","CIG-VAR-684641","Cigarettes","Combustible","Value","Multi-pack","Combustible"
"OFF-BI-10004980","CIG-VAR-414073","Cigarettes","Combustible","Core","10-pack","Combustible"
"OFF-BI-10004986","CIG-VAR-180601","Cigarettes","Combustible","Core","20-pack","Combustible"
"OFF-BI-10004995","CIG-VAR-757076","Cigarettes","Combustible","Value","30-pack","Combustible"
"OFF-BIC-10000041","CIG-VAR-766363","Cigarettes","Combustible","Core","30-pack","Combustible"
"OFF-BIC-10000582","CIG-VAR-181542","Cigarettes","Combustible","Premium","Multi-pack","Combustible"
"OFF-BIC-10000718","CIG-VAR-722318","Cigarettes","Combustible","Value","30-pack","Combustible"
"OFF-BIC-10001211","CIG-VAR-915507","Cigarettes","Combustible","Premium","10-pack","Combustible"
"OFF-BIC-10001458","CIG-VAR-639851","Cigarettes","Combustible","Value","30-pack","Combustible"
"OFF-BIC-10001510","CIG-VAR-957317","Cigarettes","Combustible","Value","Multi-pack","Combustible"
"OFF-BIC-10001632","CIG-VAR-836646","Cigarettes","Combustible","Premium","10-pack","Combustible"
"OFF-BIC-10001682","CIG-VAR-740200","Cigarettes","Combustible","Core","Multi-pack","Combustible"
"OFF-BIC-10001739","CIG-VAR-119577","Cigarettes","Combustible","Premium","Multi-pack","Combustible"
"OFF-BIC-10001823","CIG-VAR-827570","Cigarettes","Combustible","Value","20-pack","Combustible"
"OFF-BIC-10002270","CIG-VAR-698545","Cigarettes","Combustible","Core","30-pack","Combustible"
"OFF-BIC-10002403","CIG-VAR-262643","Cigarettes","Combustible","Value","20-pack","Combustible"
"OFF-BIC-10002440","CIG-VAR-954427","Cigarettes","Combustible","Core","Multi-pack","Combustible"
"OFF-BIC-10002722","CIG-VAR-538496","Cigarettes","Combustible","Value","10-pack","Combustible"
"OFF-BIC-10002942","CIG-VAR-334153","Cigarettes","Combustible","Core","10-pack","Combustible"
"OFF-BIC-10003473","CIG-VAR-359465","Cigarettes","Combustible","Value","Multi-pack","Combustible"
"OFF-BIC-10003575","CIG-VAR-338676","Cigarettes","Combustible","Premium","20-pack","Combustible"
"OFF-BIC-10003654","CIG-VAR-808805","Cigarettes","Combustible","Value","10-pack","Combustible"
"OFF-BIC-10003680","CIG-VAR-406740","Cigarettes","Combustible","Premium","10-pack","Combustible"
"OFF-BIC-10003800","CIG-VAR-866257","Cigarettes","Combustible","Core","30-pack","Combustible"
"OFF-BIC-10003841","CIG-VAR-140855","Cigarettes","Combustible","Value","10-pack","Combustible"
"OFF-BIC-10004557","CIG-VAR-486329","Cigarettes","Combustible","Value","30-pack","Combustible"
"OFF-BIC-10004826","CIG-VAR-922315","Cigarettes","Combustible","Core","10-pack","Combustible"
"OFF-BIC-10004976","CIG-VAR-369556","Cigarettes","Combustible","Core","30-pack","Combustible"
"OFF-BIN-10000170","CIG-VAR-773172","Cigarettes","Combustible","Premium","10-pack","Combustible"
"OFF-BIN-10000308","CIG-VAR-981214","Cigarettes","Combustible","Core","Multi-pack","Combustible"
"OFF-BIN-10000327","CIG-VAR-923069","Cigarettes","Combustible","Value","10-pack","Combustible"
"OFF-BIN-10000561","CIG-VAR-259184","Cigarettes","Combustible","Value","Multi-pack","Combustible"
"OFF-BIN-10000711","CIG-VAR-130296","Cigarettes","Combustible","Premium","30-pack","Combustible"
"OFF-BIN-10000712","CIG-VAR-625703","Cigarettes","Combustible","Value","10-pack","Combustible"
"OFF-BIN-10000772","CIG-VAR-531472","Cigarettes","Combustible","Core","30-pack","Combustible"
"OFF-BIN-10000837","CIG-VAR-865852","Cigarettes","Combustible","Core","10-pack","Combustible"
"OFF-BIN-10000901","CIG-VAR-530212","Cigarettes","Combustible","Core","20-pack","Combustible"
"OFF-BIN-10001257","CIG-VAR-899030","Cigarettes","Combustible","Value","20-pack","Combustible"
"OFF-BIN-10001274","CIG-VAR-513056","Cigarettes","Combustible","Value","20-pack","Combustible"
"OFF-BIN-10001385","CIG-VAR-179713","Cigarettes","Combustible","Core","Multi-pack","Combustible"
"OFF-BIN-10001621","CIG-VAR-634999","Cigarettes","Combustible","Core","Multi-pack","Combustible"
"OFF-BIN-10001715","CIG-VAR-115454","Cigarettes","Combustible","Value","30-pack","Combustible"
"OFF-BIN-10002061","CIG-VAR-917721","Cigarettes","Combustible","Premium","Multi-pack","Combustible"
"OFF-BIN-10002236","CIG-VAR-504834","Cigarettes","Combustible","Premium","Multi-pack","Combustible"
"OFF-BIN-10002407","CIG-VAR-627505","Cigarettes","Combustible","Core","10-pack","Combustible"
"OFF-BIN-10003023","CIG-VAR-660385","Cigarettes","Combustible","Core","30-pack","Combustible"
"OFF-BIN-10003089","CIG-VAR-108058","Cigarettes","Combustible","Core","30-pack","Combustible"
"OFF-BIN-10003327","CIG-VAR-604437","Cigarettes","Combustible","Premium","30-pack","Combustible"
"OFF-BIN-10004512","CIG-VAR-643196","Cigarettes","Combustible","Value","20-pack","Combustible"
"OFF-BIN-10004563","CIG-VAR-404164","Cigarettes","Combustible","Core","10-pack","Combustible"
"OFF-BIN-10004569","CIG-VAR-178785","Cigarettes","Combustible","Premium","30-pack","Combustible"
"OFF-BIN-10004729","CIG-VAR-238793","Cigarettes","Combustible","Value","10-pack","Combustible"
"OFF-BOS-10000350","CIG-VAR-989370","Cigarettes","Combustible","Premium","Multi-pack","Combustible"
"OFF-BOS-10000363","CIG-VAR-586651","Cigarettes","Combustible","Core","30-pack","Combustible"
"OFF-BOS-10000477","CIG-VAR-565066","Cigarettes","Combustible","Core","Multi-pack","Combustible"
"OFF-BOS-10000557","CIG-VAR-557780","Cigarettes","Combustible","Value","30-pack","Combustible"
"OFF-BOS-10000577","CIG-VAR-654399","Cigarettes","Combustible","Premium","10-pack","Combustible"
"OFF-BOS-10001348","CIG-VAR-882705","Cigarettes","Combustible","Premium","20-pack","Combustible"
"OFF-BOS-10001375","CIG-VAR-229588","Cigarettes","Combustible","Core","Multi-pack","Combustible"
"OFF-BOS-10001386","CIG-VAR-410388","Cigarettes","Combustible","Premium","30-pack","Combustible"
"OFF-BOS-10001511","CIG-VAR-379968","Cigarettes","Combustible","Premium","30-pack","Combustible"
"OFF-BOS-10001576","CIG-VAR-863754","Cigarettes","Combustible","Premium","Multi-pack","Combustible"
"OFF-BOS-10001711","CIG-VAR-574036","Cigarettes","Combustible","Core","10-pack","Combustible"
"OFF-BOS-10001753","CIG-VAR-778343","Cigarettes","Combustible","Value","10-pack","Combustible"
"OFF-BOS-10001772","CIG-VAR-135921","Cigarettes","Combustible","Premium","10-pack","Combustible"
"OFF-BOS-10002041","CIG-VAR-704767","Cigarettes","Combustible","Core","30-pack","Combustible"
"OFF-BOS-10002073","CIG-VAR-591789","Cigarettes","Combustible","Premium","20-pack","Combustible"
"OFF-BOS-10002340","CIG-VAR-382552","Cigarettes","Combustible","Core","20-pack","Combustible"
"OFF-BOS-10002472","CIG-VAR-850395","Cigarettes","Combustible","Premium","Multi-pack","Combustible"
"OFF-BOS-10002558","CIG-VAR-787641","Cigarettes","Combustible","Premium","10-pack","Combustible"
"OFF-BOS-10002705","CIG-VAR-091404","Cigarettes","Combustible","Premium","30-pack","Combustible"
"OFF-BOS-10003113","CIG-VAR-838071","Cigarettes","Combustible","Premium","20-pack","Combustible"
"OFF-BOS-10003160","CIG-VAR-788739","Cigarettes","Combustible","Premium","10-pack","Combustible"
"OFF-BOS-10003478","CIG-VAR-848381","Cigarettes","Combustible","Value","10-pack","Combustible"
"OFF-BOS-10003699","CIG-VAR-107456","Cigarettes","Combustible","Value","30-pack","Combustible"
"OFF-BOS-10004262","CIG-VAR-564437","Cigarettes","Combustible","Value","10-pack","Combustible"
"OFF-BOS-10004950","CIG-VAR-683570","Cigarettes","Combustible","Value","30-pack","Combustible"
"OFF-BRE-10000157","CIG-VAR-626300","Cigarettes","Combustible","Value","20-pack","Combustible"
"OFF-BRE-10000391","CIG-VAR-703388","Cigarettes","Combustible","Value","30-pack","Combustible"
"OFF-BRE-10000448","CIG-VAR-608144","Cigarettes","Combustible","Value","30-pack","Combustible"
"OFF-BRE-10000493","CIG-VAR-341969","Cigarettes","Combustible","Value","Multi-pack","Combustible"
"OFF-BRE-10001107","CIG-VAR-032011","Cigarettes","Combustible","Core","20-pack","Combustible"
"OFF-BRE-10001197","CIG-VAR-546436","Cigarettes","Combustible","Core","10-pack","Combustible"
"OFF-BRE-10001343","CIG-VAR-831019","Cigarettes","Combustible","Core","30-pack","Combustible"
"OFF-BRE-10001378","CIG-VAR-044642","Cigarettes","Combustible","Value","20-pack","Combustible"
"OFF-BRE-10002255","CIG-VAR-549046","Cigarettes","Combustible","Core","Multi-pack","Combustible"
"OFF-BRE-10002706","CIG-VAR-424249","Cigarettes","Combustible","Core","Multi-pack","Combustible"
"OFF-BRE-10002738","CIG-VAR-097893","Cigarettes","Combustible","Premium","Multi-pack","Combustible"
"OFF-BRE-10003081","CIG-VAR-368790","Cigarettes","Combustible","Premium","10-pack","Combustible"
"OFF-BRE-10003295","CIG-VAR-818324","Cigarettes","Combustible","Value","30-pack","Combustible"
"OFF-BRE-10003382","CIG-VAR-826861","Cigarettes","Combustible","Core","Multi-pack","Combustible"
"OFF-BRE-10003443","CIG-VAR-949487","Cigarettes","Combustible","Value","10-pack","Combustible"
"OFF-BRE-10003558","CIG-VAR-313318","Cigarettes","Combustible","Core","30-pack","Combustible"
"OFF-BRE-10004073","CIG-VAR-409238","Cigarettes","Combustible","Value","30-pack","Combustible"
"OFF-BRE-10004211","CIG-VAR-100264","Cigarettes","Combustible","Core","30-pack","Combustible"
"OFF-BRE-10004310","CIG-VAR-483161","Cigarettes","Combustible","Value","Multi-pack","Combustible"
"OFF-BRE-10004359","CIG-VAR-898567","Cigarettes","Combustible","Core","Multi-pack","Combustible"
"OFF-BRE-10004436","CIG-VAR-779268","Cigarettes","Combustible","Premium","20-pack","Combustible"
"OFF-BRE-10004872","CIG-VAR-611377","Cigarettes","Combustible","Core","10-pack","Combustible"
"OFF-BRE-10004933","CIG-VAR-686186","Cigarettes","Combustible","Value","20-pack","Combustible"
"OFF-CAM-10000192","CIG-VAR-936990","Cigarettes","Combustible","Premium","Multi-pack","Combustible"
"OFF-CAM-10000497","CIG-VAR-787665","Cigarettes","Combustible","Premium","Multi-pack","Combustible"
"OFF-CAM-10000726","CIG-VAR-139666","Cigarettes","Combustible","Core","Multi-pack","Combustible"
"OFF-CAM-10001141","CIG-VAR-608858","Cigarettes","Combustible","Value","20-pack","Combustible"
"OFF-CAM-10001177","CIG-VAR-320477","Cigarettes","Combustible","Value","Multi-pack","Combustible"
"OFF-CAM-10001191","CIG-VAR-717515","Cigarettes","Combustible","Value","10-pack","Combustible"
"OFF-CAM-10001249","CIG-VAR-009413","Cigarettes","Combustible","Value","30-pack","Combustible"
"OFF-CAM-10001341","CIG-VAR-536688","Cigarettes","Combustible","Premium","Multi-pack","Combustible"
"OFF-CAM-10001690","CIG-VAR-128595","Cigarettes","Combustible","Premium","Multi-pack","Combustible"
"OFF-CAM-10001761","CIG-VAR-499113","Cigarettes","Combustible","Premium","20-pack","Combustible"
"OFF-CAM-10002159","CIG-VAR-550646","Cigarettes","Combustible","Value","10-pack","Combustible"
"OFF-CAM-10002611","CIG-VAR-787099","Cigarettes","Combustible","Core","Multi-pack","Combustible"
"OFF-CAM-10002625","CIG-VAR-390595","Cigarettes","Combustible","Core","20-pack","Combustible"
"OFF-CAM-10002734","CIG-VAR-532651","Cigarettes","Combustible","Core","20-pack","Combustible"
"OFF-CAM-10003488","CIG-VAR-303734","Cigarettes","Combustible","Value","20-pack","Combustible"
"OFF-CAM-10003511","CIG-VAR-745191","Cigarettes","Combustible","Premium","Multi-pack","Combustible"
"OFF-CAM-10003605","CIG-VAR-605858","Cigarettes","Combustible","Value","30-pack","Combustible"
"OFF-CAM-10003933","CIG-VAR-476081","Cigarettes","Combustible","Value","20-pack","Combustible"
"OFF-CAM-10004002","CIG-VAR-108072","Cigarettes","Combustible","Premium","30-pack","Combustible"
"OFF-CAM-10004269","CIG-VAR-697015","Cigarettes","Combustible","Core","30-pack","Combustible"
"OFF-CAM-10004271","CIG-VAR-458224","Cigarettes","Combustible","Core","20-pack","Combustible"
"OFF-CAM-10004338","CIG-VAR-315754","Cigarettes","Combustible","Core","30-pack","Combustible"
"OFF-CAM-10004790","CIG-VAR-378079","Cigarettes","Combustible","Core","30-pack","Combustible"
"OFF-CAR-10000150","CIG-VAR-853807","Cigarettes","Combustible","Core","30-pack","Combustible"
"OFF-CAR-10000202","CIG-VAR-787201","Cigarettes","Combustible","Core","30-pack","Combustible"
"OFF-CAR-10000319","CIG-VAR-805334","Cigarettes","Combustible","Value","10-pack","Combustible"
"OFF-CAR-10000687","CIG-VAR-915101","Cigarettes","Combustible","Value","20-pack","Combustible"
"OFF-CAR-10001358","CIG-VAR-001322","Cigarettes","Combustible","Value","Multi-pack","Combustible"
"OFF-CAR-10001428","CIG-VAR-282203","Cigarettes","Combustible","Value","20-pack","Combustible"
"OFF-CAR-10001471","CIG-VAR-983979","Cigarettes","Combustible","Premium","10-pack","Combustible"
"OFF-CAR-10001577","CIG-VAR-461593","Cigarettes","Combustible","Core","30-pack","Combustible"
"OFF-CAR-10001746","CIG-VAR-796962","Cigarettes","Combustible","Premium","20-pack","Combustible"
"OFF-CAR-10001911","CIG-VAR-269765","Cigarettes","Combustible","Value","20-pack","Combustible"
"OFF-CAR-10002031","CIG-VAR-936594","Cigarettes","Combustible","Premium","30-pack","Combustible"
"OFF-CAR-10002054","CIG-VAR-893994","Cigarettes","Combustible","Premium","Multi-pack","Combustible"
"OFF-CAR-10002375","CIG-VAR-341593","Cigarettes","Combustible","Core","30-pack","Combustible"
"OFF-CAR-10002931","CIG-VAR-700161","Cigarettes","Combustible","Premium","20-pack","Combustible"
"OFF-CAR-10002942","CIG-VAR-947739","Cigarettes","Combustible","Premium","10-pack","Combustible"
"OFF-CAR-10003030","CIG-VAR-429495","Cigarettes","Combustible","Premium","20-pack","Combustible"
"OFF-CAR-10003259","CIG-VAR-485549","Cigarettes","Combustible","Value","20-pack","Combustible"
"OFF-CAR-10003373","CIG-VAR-712499","Cigarettes","Combustible","Value","30-pack","Combustible"
"OFF-CAR-10003703","CIG-VAR-021390","Cigarettes","Combustible","Premium","20-pack","Combustible"
"OFF-CAR-10004229","CIG-VAR-370139","Cigarettes","Combustible","Value","Multi-pack","Combustible"
"OFF-CAR-10004293","CIG-VAR-972316","Cigarettes","Combustible","Core","30-pack","Combustible"
"OFF-CAR-10004408","CIG-VAR-617584","Cigarettes","Combustible","Core","20-pack","Combustible"
"OFF-CAR-10004661","CIG-VAR-233994","Cigarettes","Combustible","Premium","20-pack","Combustible"
"OFF-CAR-10004886","CIG-VAR-347220","Cigarettes","Combustible","Premium","30-pack","Combustible"
"OFF-CUI-10000105","CIG-VAR-020556","Cigarettes","Combustible","Premium","30-pack","Combustible"
"OFF-CUI-10000140","CIG-VAR-466012","Cigarettes","Combustible","Core","20-pack","Combustible"
"OFF-CUI-10000203","CIG-VAR-638740","Cigarettes","Combustible","Core","30-pack","Combustible"
"OFF-CUI-10000682","CIG-VAR-826990","Cigarettes","Combustible","Core","10-pack","Combustible"
"OFF-CUI-10001032","CIG-VAR-859439","Cigarettes","Combustible","Value","10-pack","Combustible"
"OFF-CUI-10001060","CIG-VAR-649589","Cigarettes","Combustible","Value","20-pack","Combustible"
"OFF-CUI-10001302","CIG-VAR-790573","Cigarettes","Combustible","Core","30-pack","Combustible"
"OFF-CUI-10001670","CIG-VAR-082748","Cigarettes","Combustible","Value","30-pack","Combustible"
"OFF-CUI-10001965","CIG-VAR-296612","Cigarettes","Combustible","Value","20-pack","Combustible"
"OFF-CUI-10001990","CIG-VAR-739867","Cigarettes","Combustible","Core","20-pack","Combustible"
"OFF-CUI-10002022","CIG-VAR-093278","Cigarettes","Combustible","Value","Multi-pack","Combustible"
"OFF-CUI-10002269","CIG-VAR-213115","Cigarettes","Combustible","Core","20-pack","Combustible"
"OFF-CUI-10002314","CIG-VAR-892925","Cigarettes","Combustible","Value","10-pack","Combustible"
"OFF-CUI-10002413","CIG-VAR-588315","Cigarettes","Combustible","Premium","30-pack","Combustible"
"OFF-CUI-10002506","CIG-VAR-004649","Cigarettes","Combustible","Value","Multi-pack","Combustible"
"OFF-CUI-10003409","CIG-VAR-956885","Cigarettes","Combustible","Value","10-pack","Combustible"
"OFF-CUI-10003665","CIG-VAR-830657","Cigarettes","Combustible","Value","Multi-pack","Combustible"
"OFF-CUI-10003670","CIG-VAR-641817","Cigarettes","Combustible","Premium","20-pack","Combustible"
"OFF-CUI-10003923","CIG-VAR-849842","Cigarettes","Combustible","Value","Multi-pack","Combustible"
"OFF-CUI-10003993","CIG-VAR-244950","Cigarettes","Combustible","Premium","10-pack","Combustible"
"OFF-CUI-10004428","CIG-VAR-440612","Cigarettes","Combustible","Value","20-pack","Combustible"
"OFF-CUI-10004536","CIG-VAR-669705","Cigarettes","Combustible","Premium","10-pack","Combustible"
"OFF-EAT-10000522","CIG-VAR-890606","Cigarettes","Combustible","Value","30-pack","Combustible"
"OFF-EAT-10000652","CIG-VAR-579190","Cigarettes","Combustible","Core","10-pack","Combustible"
"OFF-EAT-10000820","CIG-VAR-287157","Cigarettes","Combustible","Premium","20-pack","Combustible"
"OFF-EAT-10000854","CIG-VAR-914501","Cigarettes","Combustible","Value","Multi-pack","Combustible"
"OFF-EAT-10001025","CIG-VAR-761641","Cigarettes","Combustible","Core","Multi-pack","Combustible"
"OFF-EAT-10001137","CIG-VAR-739171","Cigarettes","Combustible","Core","20-pack","Combustible"
"OFF-EAT-10001303","CIG-VAR-697421","Cigarettes","Combustible","Value","20-pack","Combustible"
"OFF-EAT-10001933","CIG-VAR-553362","Cigarettes","Combustible","Premium","10-pack","Combustible"
"OFF-EAT-10002068","CIG-VAR-604483","Cigarettes","Combustible","Core","10-pack","Combustible"
"OFF-EAT-10002122","CIG-VAR-399256","Cigarettes","Combustible","Core","20-pack","Combustible"
"OFF-EAT-10002463","CIG-VAR-461988","Cigarettes","Combustible","Premium","10-pack","Combustible"
"OFF-EAT-10002674","CIG-VAR-028871","Cigarettes","Combustible","Value","10-pack","Combustible"
"OFF-EAT-10002789","CIG-VAR-246369","Cigarettes","Combustible","Premium","20-pack","Combustible"
"OFF-EAT-10003094","CIG-VAR-821518","Cigarettes","Combustible","Core","20-pack","Combustible"
"OFF-EAT-10003338","CIG-VAR-150630","Cigarettes","Combustible","Premium","20-pack","Combustible"
"OFF-EAT-10003405","CIG-VAR-360094","Cigarettes","Combustible","Core","30-pack","Combustible"
"OFF-EAT-10003702","CIG-VAR-305667","Cigarettes","Combustible","Premium","10-pack","Combustible"
"OFF-EAT-10004036","CIG-VAR-074739","Cigarettes","Combustible","Premium","30-pack","Combustible"
"OFF-EAT-10004051","CIG-VAR-850410","Cigarettes","Combustible","Premium","Multi-pack","Combustible"
"OFF-EAT-10004307","CIG-VAR-166072","Cigarettes","Combustible","Core","30-pack","Combustible"
"OFF-EAT-10004696","CIG-VAR-707688","Cigarettes","Combustible","Premium","30-pack","Combustible"
"OFF-EAT-10004908","CIG-VAR-668292","Cigarettes","Combustible","Premium","20-pack","Combustible"
"OFF-EAT-10004979","CIG-VAR-143417","Cigarettes","Combustible","Value","10-pack","Combustible"
"OFF-ELD-10000024","CIG-VAR-349718","Cigarettes","Combustible","Value","Multi-pack","Combustible"
"OFF-ELD-10000124","CIG-VAR-531274","Cigarettes","Combustible","Core","10-pack","Combustible"
"OFF-ELD-10000151","CIG-VAR-742569","Cigarettes","Combustible","Premium","10-pack","Combustible"
"OFF-ELD-10000819","CIG-VAR-003742","Cigarettes","Combustible","Core","20-pack","Combustible"
"OFF-ELD-10000845","CIG-VAR-458478","Cigarettes","Combustible","Premium","Multi-pack","Combustible"
"OFF-ELD-10000967","CIG-VAR-493702","Cigarettes","Combustible","Core","30-pack","Combustible"
"OFF-ELD-10001037","CIG-VAR-561896","Cigarettes","Combustible","Value","20-pack","Combustible"
"OFF-ELD-10001293","CIG-VAR-046301","Cigarettes","Combustible","Value","10-pack","Combustible"
"OFF-ELD-10001318","CIG-VAR-502842","Cigarettes","Combustible","Premium","Multi-pack","Combustible"
"OFF-ELD-10001477","CIG-VAR-940897","Cigarettes","Combustible","Core","20-pack","Combustible"
"OFF-ELD-10001694","CIG-VAR-399880","Cigarettes","Combustible","Core","Multi-pack","Combustible"
"OFF-ELD-10001832","CIG-VAR-695162","Cigarettes","Combustible","Value","30-pack","Combustible"
"OFF-ELD-10001882","CIG-VAR-063913","Cigarettes","Combustible","Core","20-pack","Combustible"
"OFF-ELD-10002199","CIG-VAR-886678","Cigarettes","Combustible","Core","20-pack","Combustible"
"OFF-ELD-10002207","CIG-VAR-602449","Cigarettes","Combustible","Core","30-pack","Combustible"
"OFF-ELD-10002240","CIG-VAR-595298","Cigarettes","Combustible","Value","20-pack","Combustible"
"OFF-ELD-10002279","CIG-VAR-482608","Cigarettes","Combustible","Core","30-pack","Combustible"
"OFF-ELD-10002297","CIG-VAR-899319","Cigarettes","Combustible","Premium","Multi-pack","Combustible"
"OFF-ELD-10002578","CIG-VAR-268336","Cigarettes","Combustible","Core","20-pack","Combustible"
"OFF-ELD-10003038","CIG-VAR-456181","Cigarettes","Combustible","Core","Multi-pack","Combustible"
"OFF-ELD-10003181","CIG-VAR-577306","Cigarettes","Combustible","Core","Multi-pack","Combustible"
"OFF-ELD-10003918","CIG-VAR-373776","Cigarettes","Combustible","Premium","30-pack","Combustible"
"OFF-ELD-10004324","CIG-VAR-338076","Cigarettes","Combustible","Premium","20-pack","Combustible"
"OFF-ELD-10004625","CIG-VAR-461097","Cigarettes","Combustible","Premium","10-pack","Combustible"
"OFF-ELI-10000044","CIG-VAR-522801","Cigarettes","Combustible","Premium","20-pack","Combustible"
"OFF-ELI-10000443","CIG-VAR-946340","Cigarettes","Combustible","Value","30-pack","Combustible"
"OFF-ELI-10000541","CIG-VAR-317842","Cigarettes","Combustible","Core","20-pack","Combustible"
"OFF-ELI-10000711","CIG-VAR-110970","Cigarettes","Combustible","Premium","30-pack","Combustible"
"OFF-ELI-10000797","CIG-VAR-583138","Cigarettes","Combustible","Core","Multi-pack","Combustible"
"OFF-ELI-10001057","CIG-VAR-927221","Cigarettes","Combustible","Value","Multi-pack","Combustible"
"OFF-ELI-10001176","CIG-VAR-111420","Cigarettes","Combustible","Premium","10-pack","Combustible"
"OFF-ELI-10001351","CIG-VAR-415862","Cigarettes","Combustible","Value","Multi-pack","Combustible"
"OFF-ELI-10001507","CIG-VAR-655555","Cigarettes","Combustible","Core","20-pack","Combustible"
"OFF-ELI-10001685","CIG-VAR-714283","Cigarettes","Combustible","Core","10-pack","Combustible"
"OFF-ELI-10001705","CIG-VAR-392580","Cigarettes","Combustible","Premium","Multi-pack","Combustible"
"OFF-ELI-10001812","CIG-VAR-972495","Cigarettes","Combustible","Premium","10-pack","Combustible"
"OFF-ELI-10001904","CIG-VAR-337817","Cigarettes","Combustible","Value","Multi-pack","Combustible"
"OFF-ELI-10002160","CIG-VAR-465386","Cigarettes","Combustible","Value","30-pack","Combustible"
"OFF-ELI-10002337","CIG-VAR-885510","Cigarettes","Combustible","Premium","30-pack","Combustible"
"OFF-ELI-10002935","CIG-VAR-202315","Cigarettes","Combustible","Core","10-pack","Combustible"
"OFF-ELI-10003004","CIG-VAR-009484","Cigarettes","Combustible","Core","Multi-pack","Combustible"
"OFF-ELI-10003179","CIG-VAR-849266","Cigarettes","Combustible","Value","30-pack","Combustible"
"OFF-ELI-10003277","CIG-VAR-858045","Cigarettes","Combustible","Premium","10-pack","Combustible"
"OFF-ELI-10003732","CIG-VAR-246105","Cigarettes","Combustible","Premium","10-pack","Combustible"
"OFF-ELI-10003911","CIG-VAR-721566","Cigarettes","Combustible","Premium","30-pack","Combustible"
"OFF-ELI-10004427","CIG-VAR-035080","Cigarettes","Combustible","Core","30-pack","Combustible"
"OFF-ELI-10004597","CIG-VAR-975533","Cigarettes","Combustible","Value","30-pack","Combustible"
"OFF-EN-10000025","CIG-VAR-883620","Cigarettes","Combustible","Premium","Multi-pack","Combustible"
"OFF-EN-10000031","CIG-VAR-360760","Cigarettes","Combustible","Core","Multi-pack","Combustible"
"OFF-EN-10000051","CIG-VAR-546389","Cigarettes","Combustible","Value","20-pack","Combustible"
"OFF-EN-10000053","CIG-VAR-446603","Cigarettes","Combustible","Value","20-pack","Combustible"
"OFF-EN-10000056","CIG-VAR-826219","Cigarettes","Combustible","Core","30-pack","Combustible"
"OFF-EN-10000061","CIG-VAR-764380","Cigarettes","Combustible","Core","30-pack","Combustible"
"OFF-EN-10000069","CIG-VAR-378426","Cigarettes","Combustible","Premium","10-pack","Combustible"
"OFF-EN-10000075","CIG-VAR-132093","Cigarettes","Combustible","Premium","30-pack","Combustible"
"OFF-EN-10000084","CIG-VAR-247203","Cigarettes","Combustible","Premium","Multi-pack","Combustible"
"OFF-EN-10000094","CIG-VAR-140287","Cigarettes","Combustible","Core","30-pack","Combustible"
"OFF-EN-10000096","CIG-VAR-059174","Cigarettes","Combustible","Value","30-pack","Combustible"
"OFF-EN-10000114","CIG-VAR-089415","Cigarettes","Combustible","Premium","20-pack","Combustible"
"OFF-EN-10000122","CIG-VAR-771883","Cigarettes","Combustible","Core","Multi-pack","Combustible"
"OFF-EN-10000127","CIG-VAR-796554","Cigarettes","Combustible","Premium","10-pack","Combustible"
"OFF-EN-10000128","CIG-VAR-449313","Cigarettes","Combustible","Premium","20-pack","Combustible"
"OFF-EN-10000139","CIG-VAR-909862","Cigarettes","Combustible","Core","30-pack","Combustible"
"OFF-EN-10000142","CIG-VAR-442507","Cigarettes","Combustible","Core","20-pack","Combustible"
"OFF-EN-10000182","CIG-VAR-817019","Cigarettes","Combustible","Value","20-pack","Combustible"
"OFF-EN-10000215","CIG-VAR-692085","Cigarettes","Combustible","Premium","30-pack","Combustible"
"OFF-EN-10000219","CIG-VAR-157010","Cigarettes","Combustible","Value","20-pack","Combustible"
"OFF-EN-10000224","CIG-VAR-121728","Cigarettes","Combustible","Premium","Multi-pack","Combustible"
"OFF-EN-10000232","CIG-VAR-126493","Cigarettes","Combustible","Core","Multi-pack","Combustible"
"OFF-EN-10000251","CIG-VAR-960485","Cigarettes","Combustible","Value","Multi-pack","Combustible"
"OFF-EN-10000258","CIG-VAR-272970","Cigarettes","Combustible","Premium","Multi-pack","Combustible"
"OFF-EN-10000271","CIG-VAR-126354","Cigarettes","Combustible","Premium","20-pack","Combustible"
"OFF-EN-10000274","CIG-VAR-671010","Cigarettes","Combustible","Premium","30-pack","Combustible"
"OFF-EN-10000296","CIG-VAR-677174","Cigarettes","Combustible","Value","10-pack","Combustible"
"OFF-EN-10000315","CIG-VAR-153613","Cigarettes","Combustible","Core","20-pack","Combustible"
"OFF-EN-10000328","CIG-VAR-755157","Cigarettes","Combustible","Premium","Multi-pack","Combustible"
"OFF-EN-10000338","CIG-VAR-410475","Cigarettes","Combustible","Premium","30-pack","Combustible"
"OFF-EN-10000352","CIG-VAR-867132","Cigarettes","Combustible","Premium","30-pack","Combustible"
"OFF-EN-10000353","CIG-VAR-461701","Cigarettes","Combustible","Core","10-pack","Combustible"
"OFF-EN-10000358","CIG-VAR-135496","Cigarettes","Combustible","Core","10-pack","Combustible"
"OFF-EN-10000359","CIG-VAR-801197","Cigarettes","Combustible","Value","30-pack","Combustible"
"OFF-EN-10000378","CIG-VAR-038621","Cigarettes","Combustible","Value","30-pack","Combustible"
"OFF-EN-10000383","CIG-VAR-173336","Cigarettes","Combustible","Value","20-pack","Combustible"
"OFF-EN-10000387","CIG-VAR-239894","Cigarettes","Combustible","Value","10-pack","Combustible"
"OFF-EN-10000428","CIG-VAR-902304","Cigarettes","Combustible","Premium","30-pack","Combustible"
"OFF-EN-10000454","CIG-VAR-547574","Cigarettes","Combustible","Value","30-pack","Combustible"
"OFF-EN-10000461","CIG-VAR-874603","Cigarettes","Combustible","Core","30-pack","Combustible"
"OFF-EN-10000476","CIG-VAR-530085","Cigarettes","Combustible","Premium","10-pack","Combustible"
"OFF-EN-10000483","CIG-VAR-900986","Cigarettes","Combustible","Value","10-pack","Combustible"
"OFF-EN-10000507","CIG-VAR-770595","Cigarettes","Combustible","Premium","30-pack","Combustible"
"OFF-EN-10000532","CIG-VAR-758567","Cigarettes","Combustible","Value","30-pack","Combustible"
"OFF-EN-10000539","CIG-VAR-080312","Cigarettes","Combustible","Value","30-pack","Combustible"
"OFF-EN-10000543","CIG-VAR-187183","Cigarettes","Combustible","Core","Multi-pack","Combustible"
"OFF-EN-10000556","CIG-VAR-869735","Cigarettes","Combustible","Value","20-pack","Combustible"
"OFF-EN-10000561","CIG-VAR-126748","Cigarettes","Combustible","Core","20-pack","Combustible"
"OFF-EN-10000606","CIG-VAR-910563","Cigarettes","Combustible","Premium","20-pack","Combustible"
"OFF-EN-10000615","CIG-VAR-482888","Cigarettes","Combustible","Value","30-pack","Combustible"
"OFF-EN-10000623","CIG-VAR-992754","Cigarettes","Combustible","Premium","10-pack","Combustible"
"OFF-EN-10000645","CIG-VAR-424653","Cigarettes","Combustible","Premium","Multi-pack","Combustible"
"OFF-EN-10000648","CIG-VAR-052938","Cigarettes","Combustible","Premium","30-pack","Combustible"
"OFF-EN-10000657","CIG-VAR-331122","Cigarettes","Combustible","Premium","30-pack","Combustible"
"OFF-EN-10000673","CIG-VAR-824707","Cigarettes","Combustible","Core","20-pack","Combustible"
"OFF-EN-10000694","CIG-VAR-699176","Cigarettes","Combustible","Value","10-pack","Combustible"
"OFF-EN-10000699","CIG-VAR-797682","Cigarettes","Combustible","Premium","20-pack","Combustible"
"OFF-EN-10000714","CIG-VAR-484947","Cigarettes","Combustible","Premium","Multi-pack","Combustible"
"OFF-EN-10000726","CIG-VAR-386204","Cigarettes","Combustible","Value","10-pack","Combustible"
"OFF-EN-10000755","CIG-VAR-021501","Cigarettes","Combustible","Premium","20-pack","Combustible"
"OFF-EN-10000761","CIG-VAR-790730","Cigarettes","Combustible","Value","Multi-pack","Combustible"
"OFF-EN-10000776","CIG-VAR-602680","Cigarettes","Combustible","Core","20-pack","Combustible"
"OFF-EN-10000781","CIG-VAR-059980","Cigarettes","Combustible","Core","20-pack","Combustible"
"OFF-EN-10000788","CIG-VAR-097320","Cigarettes","Combustible","Premium","20-pack","Combustible"
"OFF-EN-10000812","CIG-VAR-955658","Cigarettes","Combustible","Value","Multi-pack","Combustible"
"OFF-EN-10000824","CIG-VAR-376549","Cigarettes","Combustible","Core","20-pack","Combustible"
"OFF-EN-10000826","CIG-VAR-598250","Cigarettes","Combustible","Value","20-pack","Combustible"
"OFF-EN-10000835","CIG-VAR-203103","Cigarettes","Combustible","Premium","30-pack","Combustible"
"OFF-EN-10000857","CIG-VAR-671433","Cigarettes","Combustible","Premium","10-pack","Combustible"
"OFF-EN-10000863","CIG-VAR-523971","Cigarettes","Combustible","Premium","30-pack","Combustible"
"OFF-EN-10000871","CIG-VAR-420484","Cigarettes","Combustible","Core","Multi-pack","Combustible"
"OFF-EN-10000872","CIG-VAR-857696","Cigarettes","Combustible","Value","20-pack","Combustible"
"OFF-EN-10000890","CIG-VAR-936500","Cigarettes","Combustible","Value","Multi-pack","Combustible"
"OFF-EN-10000897","CIG-VAR-137627","Cigarettes","Combustible","Value","10-pack","Combustible"
"OFF-EN-10000898","CIG-VAR-611645","Cigarettes","Combustible","Value","20-pack","Combustible"
"OFF-EN-10000904","CIG-VAR-894973","Cigarettes","Combustible","Core","10-pack","Combustible"
"OFF-EN-10000927","CIG-VAR-997070","Cigarettes","Combustible","Value","10-pack","Combustible"
"OFF-EN-10000938","CIG-VAR-194950","Cigarettes","Combustible","Core","10-pack","Combustible"
"OFF-EN-10000940","CIG-VAR-180513","Cigarettes","Combustible","Premium","20-pack","Combustible"
"OFF-EN-10000947","CIG-VAR-587823","Cigarettes","Combustible","Premium","30-pack","Combustible"
"OFF-EN-10000968","CIG-VAR-870392","Cigarettes","Combustible","Value","20-pack","Combustible"
"OFF-EN-10000975","CIG-VAR-026641","Cigarettes","Combustible","Core","20-pack","Combustible"
"OFF-EN-10001028","CIG-VAR-277393","Cigarettes","Combustible","Core","Multi-pack","Combustible"
"OFF-EN-10001029","CIG-VAR-970287","Cigarettes","Combustible","Premium","20-pack","Combustible"
"OFF-EN-10001038","CIG-VAR-291099","Cigarettes","Combustible","Premium","30-pack","Combustible"
"OFF-EN-10001044","CIG-VAR-320432","Cigarettes","Combustible","Value","30-pack","Combustible"
"OFF-EN-10001047","CIG-VAR-852920","Cigarettes","Combustible","Value","10-pack","Combustible"
"OFF-EN-10001099","CIG-VAR-906682","Cigarettes","Combustible","Core","30-pack","Combustible"
"OFF-EN-10001109","CIG-VAR-106123","Cigarettes","Combustible","Core","10-pack","Combustible"
"OFF-EN-10001136","CIG-VAR-209458","Cigarettes","Combustible","Core","30-pack","Combustible"
"OFF-EN-10001137","CIG-VAR-730390","Cigarettes","Combustible","Core","10-pack","Combustible"
"OFF-EN-10001141","CIG-VAR-866408","Cigarettes","Combustible","Value","30-pack","Combustible"
"OFF-EN-10001147","CIG-VAR-943307","Cigarettes","Combustible","Value","Multi-pack","Combustible"
"OFF-EN-10001154","CIG-VAR-584213","Cigarettes","Combustible","Value","10-pack","Combustible"
"OFF-EN-10001157","CIG-VAR-525428","Cigarettes","Combustible","Value","30-pack","Combustible"
"OFF-EN-10001162","CIG-VAR-250591","Cigarettes","Combustible","Core","30-pack","Combustible"
"OFF-EN-10001202","CIG-VAR-178480","Cigarettes","Combustible","Core","20-pack","Combustible"
"OFF-EN-10001219","CIG-VAR-985717","Cigarettes","Combustible","Core","10-pack","Combustible"
"OFF-EN-10001311","CIG-VAR-132420","Cigarettes","Combustible","Premium","20-pack","Combustible"
"OFF-EN-10001315","CIG-VAR-377715","Cigarettes","Combustible","Premium","10-pack","Combustible"
"OFF-EN-10001327","CIG-VAR-835330","Cigarettes","Combustible","Core","Multi-pack","Combustible"
"OFF-EN-10001335","CIG-VAR-970360","Cigarettes","Combustible","Core","30-pack","Combustible"
"OFF-EN-10001346","CIG-VAR-476407","Cigarettes","Combustible","Core","Multi-pack","Combustible"
"OFF-EN-10001375","CIG-VAR-439817","Cigarettes","Combustible","Value","30-pack","Combustible"
"OFF-EN-10001415","CIG-VAR-752536","Cigarettes","Combustible","Core","20-pack","Combustible"
"OFF-EN-10001434","CIG-VAR-191343","Cigarettes","Combustible","Premium","20-pack","Combustible"
"OFF-EN-10001443","CIG-VAR-045620","Cigarettes","Combustible","Value","20-pack","Combustible"
"OFF-EN-10001449","CIG-VAR-678220","Cigarettes","Combustible","Core","Multi-pack","Combustible"
"OFF-EN-10001453","CIG-VAR-920189","Cigarettes","Combustible","Value","10-pack","Combustible"
"OFF-EN-10001454","CIG-VAR-940394","Cigarettes","Combustible","Value","Multi-pack","Combustible"
"OFF-EN-10001476","CIG-VAR-661777","Cigarettes","Combustible","Core","20-pack","Combustible"
"OFF-EN-10001480","CIG-VAR-919257","Cigarettes","Combustible","Premium","Multi-pack","Combustible"
"OFF-EN-10001491","CIG-VAR-409766","Cigarettes","Combustible","Value","10-pack","Combustible"
"OFF-EN-10001509","CIG-VAR-607682","Cigarettes","Combustible","Value","10-pack","Combustible"
"OFF-EN-10001528","CIG-VAR-808147","Cigarettes","Combustible","Core","10-pack","Combustible"
"OFF-EN-10001532","CIG-VAR-839092","Cigarettes","Combustible","Core","Multi-pack","Combustible"
"OFF-EN-10001533","CIG-VAR-867665","Cigarettes","Combustible","Value","20-pack","Combustible"
"OFF-EN-10001535","CIG-VAR-311324","Cigarettes","Combustible","Value","10-pack","Combustible"
"OFF-EN-10001538","CIG-VAR-001633","Cigarettes","Combustible","Core","20-pack","Combustible"
"OFF-EN-10001539","CIG-VAR-910519","Cigarettes","Combustible","Core","Multi-pack","Combustible"
"OFF-EN-10001616","CIG-VAR-790324","Cigarettes","Combustible","Core","20-pack","Combustible"
"OFF-EN-10001621","CIG-VAR-367325","Cigarettes","Combustible","Value","20-pack","Combustible"
"OFF-EN-10001627","CIG-VAR-293120","Cigarettes","Combustible","Value","10-pack","Combustible"
"OFF-EN-10001647","CIG-VAR-051391","Cigarettes","Combustible","Core","30-pack","Combustible"
"OFF-EN-10001669","CIG-VAR-230881","Cigarettes","Combustible","Core","Multi-pack","Combustible"
"OFF-EN-10001680","CIG-VAR-368773","Cigarettes","Combustible","Core","20-pack","Combustible"
"OFF-EN-10001711","CIG-VAR-831337","Cigarettes","Combustible","Core","20-pack","Combustible"
"OFF-EN-10001712","CIG-VAR-791346","Cigarettes","Combustible","Premium","Multi-pack","Combustible"
"OFF-EN-10001715","CIG-VAR-658437","Cigarettes","Combustible","Premium","10-pack","Combustible"
"OFF-EN-10001727","CIG-VAR-773588","Cigarettes","Combustible","Value","Multi-pack","Combustible"
"OFF-EN-10001728","CIG-VAR-510635","Cigarettes","Combustible","Value","30-pack","Combustible"
"OFF-EN-10001733","CIG-VAR-205543","Cigarettes","Combustible","Core","Multi-pack","Combustible"
"OFF-EN-10001749","CIG-VAR-142401","Cigarettes","Combustible","Premium","30-pack","Combustible"
"OFF-EN-10001751","CIG-VAR-430268","Cigarettes","Combustible","Value","20-pack","Combustible"
"OFF-EN-10001755","CIG-VAR-288720","Cigarettes","Combustible","Premium","10-pack","Combustible"
"OFF-EN-10001768","CIG-VAR-007558","Cigarettes","Combustible","Core","30-pack","Combustible"
"OFF-EN-10001771","CIG-VAR-296144","Cigarettes","Combustible","Value","Multi-pack","Combustible"
"OFF-EN-10001789","CIG-VAR-955456","Cigarettes","Combustible","Core","30-pack","Combustible"
"OFF-EN-10001823","CIG-VAR-964660","Cigarettes","Combustible","Core","Multi-pack","Combustible"
"OFF-EN-10001832","CIG-VAR-691752","Cigarettes","Combustible","Premium","10-pack","Combustible"
"OFF-EN-10001852","CIG-VAR-491454","Cigarettes","Combustible","Premium","30-pack","Combustible"
"OFF-EN-10001854","CIG-VAR-940355","Cigarettes","Combustible","Value","Multi-pack","Combustible"
"OFF-EN-10001861","CIG-VAR-281154","Cigarettes","Combustible","Premium","Multi-pack","Combustible"
"OFF-EN-10001870","CIG-VAR-552901","Cigarettes","Combustible","Core","10-pack","Combustible"
"OFF-EN-10001882","CIG-VAR-415201","Cigarettes","Combustible","Core","Multi-pack","Combustible"
"OFF-EN-10001939","CIG-VAR-038493","Cigarettes","Combustible","Premium","Multi-pack","Combustible"
"OFF-EN-10001940","CIG-VAR-678511","Cigarettes","Combustible","Core","10-pack","Combustible"
"OFF-EN-10001946","CIG-VAR-848410","Cigarettes","Combustible","Core","20-pack","Combustible"
"OFF-EN-10001958","CIG-VAR-929376","Cigarettes","Combustible","Premium","Multi-pack","Combustible"
"OFF-EN-10001975","CIG-VAR-287436","Cigarettes","Combustible","Premium","10-pack","Combustible"
"OFF-EN-10001976","CIG-VAR-348080","Cigarettes","Combustible","Value","30-pack","Combustible"
"OFF-EN-10001977","CIG-VAR-942648","Cigarettes","Combustible","Premium","10-pack","Combustible"
"OFF-EN-10001979","CIG-VAR-498231","Cigarettes","Combustible","Premium","Multi-pack","Combustible"
"OFF-EN-10001990","CIG-VAR-988143","Cigarettes","Combustible","Premium","20-pack","Combustible"
"OFF-EN-10001991","CIG-VAR-335648","Cigarettes","Combustible","Value","Multi-pack","Combustible"
"OFF-EN-10001993","CIG-VAR-610664","Cigarettes","Combustible","Value","Multi-pack","Combustible"
"OFF-EN-10001997","CIG-VAR-056657","Cigarettes","Combustible","Value","30-pack","Combustible"
"OFF-EN-10002002","CIG-VAR-891182","Cigarettes","Combustible","Value","20-pack","Combustible"
"OFF-EN-10002003","CIG-VAR-872661","Cigarettes","Combustible","Premium","Multi-pack","Combustible"
"OFF-EN-10002007","CIG-VAR-380131","Cigarettes","Combustible","Core","30-pack","Combustible"
"OFF-EN-10002008","CIG-VAR-454222","Cigarettes","Combustible","Core","Multi-pack","Combustible"
"OFF-EN-10002013","CIG-VAR-967060","Cigarettes","Combustible","Core","30-pack","Combustible"
"OFF-EN-10002015","CIG-VAR-277663","Cigarettes","Combustible","Core","Multi-pack","Combustible"
"OFF-EN-10002034","CIG-VAR-234548","Cigarettes","Combustible","Value","Multi-pack","Combustible"
"OFF-EN-10002035","CIG-VAR-027918","Cigarettes","Combustible","Premium","20-pack","Combustible"
"OFF-EN-10002046","CIG-VAR-793555","Cigarettes","Combustible","Core","10-pack","Combustible"
"OFF-EN-10002048","CIG-VAR-275140","Cigarettes","Combustible","Core","Multi-pack","Combustible"
"OFF-EN-10002061","CIG-VAR-617475","Cigarettes","Combustible","Premium","20-pack","Combustible"
"OFF-EN-10002065","CIG-VAR-072682","Cigarettes","Combustible","Core","10-pack","Combustible"
"OFF-EN-10002066","CIG-VAR-312527","Cigarettes","Combustible","Value","30-pack","Combustible"
"OFF-EN-10002081","CIG-VAR-106298","Cigarettes","Combustible","Value","Multi-pack","Combustible"
"OFF-EN-10002090","CIG-VAR-793818","Cigarettes","Combustible","Premium","10-pack","Combustible"
"OFF-EN-10002096","CIG-VAR-489423","Cigarettes","Combustible","Premium","20-pack","Combustible"
"OFF-EN-10002104","CIG-VAR-545963","Cigarettes","Combustible","Value","Multi-pack","Combustible"
"OFF-EN-10002119","CIG-VAR-565720","Cigarettes","Combustible","Core","Multi-pack","Combustible"
"OFF-EN-10002122","CIG-VAR-858430","Cigarettes","Combustible","Core","10-pack","Combustible"
"OFF-EN-10002140","CIG-VAR-089083","Cigarettes","Combustible","Core","30-pack","Combustible"
"OFF-EN-10002166","CIG-VAR-572397","Cigarettes","Combustible","Premium","20-pack","Combustible"
"OFF-EN-10002186","CIG-VAR-952522","Cigarettes","Combustible","Core","Multi-pack","Combustible"
"OFF-EN-10002226","CIG-VAR-989874","Cigarettes","Combustible","Premium","10-pack","Combustible"
"OFF-EN-10002230","CIG-VAR-414955","Cigarettes","Combustible","Core","10-pack","Combustible"
"OFF-EN-10002240","CIG-VAR-891185","Cigarettes","Combustible","Value","Multi-pack","Combustible"
"OFF-EN-10002258","CIG-VAR-990910","Cigarettes","Combustible","Core","10-pack","Combustible"
"OFF-EN-10002263","CIG-VAR-910774","Cigarettes","Combustible","Core","Multi-pack","Combustible"
"OFF-EN-10002312","CIG-VAR-419962","Cigarettes","Combustible","Core","20-pack","Combustible"
"OFF-EN-10002313","CIG-VAR-172027","Cigarettes","Combustible","Core","Multi-pack","Combustible"
"OFF-EN-10002348","CIG-VAR-885365","Cigarettes","Combustible","Value","30-pack","Combustible"
"OFF-EN-10002372","CIG-VAR-203113","Cigarettes","Combustible","Core","Multi-pack","Combustible"
"OFF-EN-10002396","CIG-VAR-414835","Cigarettes","Combustible","Core","10-pack","Combustible"
"OFF-EN-10002406","CIG-VAR-883563","Cigarettes","Combustible","Premium","10-pack","Combustible"
"OFF-EN-10002410","CIG-VAR-238814","Cigarettes","Combustible","Value","10-pack","Combustible"
"OFF-EN-10002425","CIG-VAR-135270","Cigarettes","Combustible","Premium","10-pack","Combustible"
"OFF-EN-10002427","CIG-VAR-613918","Cigarettes","Combustible","Core","10-pack","Combustible"
"OFF-EN-10002434","CIG-VAR-287342","Cigarettes","Combustible","Value","Multi-pack","Combustible"
"OFF-EN-10002449","CIG-VAR-344713","Cigarettes","Combustible","Core","20-pack","Combustible"
"OFF-EN-10002464","CIG-VAR-857726","Cigarettes","Combustible","Value","30-pack","Combustible"
"OFF-EN-10002465","CIG-VAR-951360","Cigarettes","Combustible","Premium","10-pack","Combustible"
"OFF-EN-10002472","CIG-VAR-142027","Cigarettes","Combustible","Core","30-pack","Combustible"
"OFF-EN-10002490","CIG-VAR-094989","Cigarettes","Combustible","Premium","10-pack","Combustible"
"OFF-EN-10002491","CIG-VAR-524858","Cigarettes","Combustible","Value","30-pack","Combustible"
"OFF-EN-10002500","CIG-VAR-706028","Cigarettes","Combustible","Value","30-pack","Combustible"
"OFF-EN-10002504","CIG-VAR-331017","Cigarettes","Combustible","Premium","Multi-pack","Combustible"
"OFF-EN-10002522","CIG-VAR-263254","Cigarettes","Combustible","Core","10-pack","Combustible"
"OFF-EN-10002524","CIG-VAR-995908","Cigarettes","Combustible","Core","20-pack","Combustible"
"OFF-EN-10002540","CIG-VAR-559714","Cigarettes","Combustible","Core","30-pack","Combustible"
"OFF-EN-10002556","CIG-VAR-603342","Cigarettes","Combustible","Premium","30-pack","Combustible"
"OFF-EN-10002559","CIG-VAR-883525","Cigarettes","Combustible","Core","Multi-pack","Combustible"
"OFF-EN-10002581","CIG-VAR-155628","Cigarettes","Combustible","Premium","10-pack","Combustible"
"OFF-EN-10002592","CIG-VAR-583563","Cigarettes","Combustible","Premium","Multi-pack","Combustible"
"OFF-EN-10002600","CIG-VAR-240824","Cigarettes","Combustible","Value","Multi-pack","Combustible"
"OFF-EN-10002613","CIG-VAR-599880","Cigarettes","Combustible","Premium","10-pack","Combustible"
"OFF-EN-10002621","CIG-VAR-184611","Cigarettes","Combustible","Premium","Multi-pack","Combustible"
"OFF-EN-10002624","CIG-VAR-831861","Cigarettes","Combustible","Premium","10-pack","Combustible"
"OFF-EN-10002630","CIG-VAR-070342","Cigarettes","Combustible","Core","10-pack","Combustible"
"OFF-EN-10002634","CIG-VAR-029998","Cigarettes","Combustible","Core","20-pack","Combustible"
"OFF-EN-10002671","CIG-VAR-628567","Cigarettes","Combustible","Core","30-pack","Combustible"
"OFF-EN-10002674","CIG-VAR-932495","Cigarettes","Combustible","Value","20-pack","Combustible"
"OFF-EN-10002679","CIG-VAR-842954","Cigarettes","Combustible","Value","10-pack","Combustible"
"OFF-EN-10002700","CIG-VAR-330149","Cigarettes","Combustible","Value","10-pack","Combustible"
"OFF-EN-10002710","CIG-VAR-380033","Cigarettes","Combustible","Value","20-pack","Combustible"
"OFF-EN-10002723","CIG-VAR-178440","Cigarettes","Combustible","Premium","10-pack","Combustible"
"OFF-EN-10002725","CIG-VAR-989988","Cigarettes","Combustible","Premium","20-pack","Combustible"
"OFF-EN-10002728","CIG-VAR-013143","Cigarettes","Combustible","Premium","10-pack","Combustible"
"OFF-EN-10002736","CIG-VAR-659211","Cigarettes","Combustible","Premium","30-pack","Combustible"
"OFF-EN-10002749","CIG-VAR-221610","Cigarettes","Combustible","Premium","10-pack","Combustible"
"OFF-EN-10002752","CIG-VAR-609135","Cigarettes","Combustible","Premium","20-pack","Combustible"
"OFF-EN-10002757","CIG-VAR-999852","Cigarettes","Combustible","Premium","30-pack","Combustible"
"OFF-EN-10002778","CIG-VAR-752190","Cigarettes","Combustible","Premium","20-pack","Combustible"
"OFF-EN-10002784","CIG-VAR-257876","Cigarettes","Combustible","Value","20-pack","Combustible"
"OFF-EN-10002789","CIG-VAR-944695","Cigarettes","Combustible","Core","10-pack","Combustible"
"OFF-EN-10002806","CIG-VAR-385309","Cigarettes","Combustible","Core","10-pack","Combustible"
"OFF-EN-10002808","CIG-VAR-328751","Cigarettes","Combustible","Value","Multi-pack","Combustible"
"OFF-EN-10002816","CIG-VAR-466236","Cigarettes","Combustible","Premium","20-pack","Combustible"
"OFF-EN-10002831","CIG-VAR-472420","Cigarettes","Combustible","Core","10-pack","Combustible"
"OFF-EN-10002849","CIG-VAR-767492","Cigarettes","Combustible","Value","20-pack","Combustible"
"OFF-EN-10002850","CIG-VAR-343368","Cigarettes","Combustible","Premium","10-pack","Combustible"
"OFF-EN-10002855","CIG-VAR-107685","Cigarettes","Combustible","Premium","Multi-pack","Combustible"
"OFF-EN-10002873","CIG-VAR-960430","Cigarettes","Combustible","Core","10-pack","Combustible"
"OFF-EN-10002891","CIG-VAR-786749","Cigarettes","Combustible","Value","30-pack","Combustible"
"OFF-EN-10002896","CIG-VAR-887514","Cigarettes","Combustible","Premium","20-pack","Combustible"
"OFF-EN-10002911","CIG-VAR-335139","Cigarettes","Combustible","Premium","20-pack","Combustible"
"OFF-EN-10002924","CIG-VAR-436619","Cigarettes","Combustible","Value","20-pack","Combustible"
"OFF-EN-10002926","CIG-VAR-953691","Cigarettes","Combustible","Premium","20-pack","Combustible"
"OFF-EN-10002936","CIG-VAR-363377","Cigarettes","Combustible","Value","10-pack","Combustible"
"OFF-EN-10002955","CIG-VAR-661441","Cigarettes","Combustible","Core","10-pack","Combustible"
"OFF-EN-10002959","CIG-VAR-802219","Cigarettes","Combustible","Core","Multi-pack","Combustible"
"OFF-EN-10002961","CIG-VAR-619933","Cigarettes","Combustible","Core","30-pack","Combustible"
"OFF-EN-10002973","CIG-VAR-425571","Cigarettes","Combustible","Premium","Multi-pack","Combustible"
"OFF-EN-10002985","CIG-VAR-646984","Cigarettes","Combustible","Core","20-pack","Combustible"
"OFF-EN-10002986","CIG-VAR-183596","Cigarettes","Combustible","Value","Multi-pack","Combustible"
"OFF-EN-10003000","CIG-VAR-125298","Cigarettes","Combustible","Premium","10-pack","Combustible"
"OFF-EN-10003001","CIG-VAR-121355","Cigarettes","Combustible","Value","30-pack","Combustible"
"OFF-EN-10003018","CIG-VAR-177972","Cigarettes","Combustible","Premium","Multi-pack","Combustible"
"OFF-EN-10003040","CIG-VAR-770007","Cigarettes","Combustible","Premium","10-pack","Combustible"
"OFF-EN-10003049","CIG-VAR-231789","Cigarettes","Combustible","Premium","10-pack","Combustible"
"OFF-EN-10003055","CIG-VAR-863504","Cigarettes","Combustible","Value","30-pack","Combustible"
"OFF-EN-10003068","CIG-VAR-720414","Cigarettes","Combustible","Premium","10-pack","Combustible"
"OFF-EN-10003069","CIG-VAR-183130","Cigarettes","Combustible","Core","30-pack","Combustible"
"OFF-EN-10003071","CIG-VAR-563978","Cigarettes","Combustible","Value","20-pack","Combustible"
"OFF-EN-10003072","CIG-VAR-735013","Cigarettes","Combustible","Core","Multi-pack","Combustible"
"OFF-EN-10003073","CIG-VAR-015655","Cigarettes","Combustible","Core","20-pack","Combustible"
"OFF-EN-10003080","CIG-VAR-058662","Cigarettes","Combustible","Premium","10-pack","Combustible"
"OFF-EN-10003087","CIG-VAR-827600","Cigarettes","Combustible","Value","Multi-pack","Combustible"
"OFF-EN-10003094","CIG-VAR-158136","Cigarettes","Combustible","Premium","10-pack","Combustible"
"OFF-EN-10003103","CIG-VAR-102568","Cigarettes","Combustible","Core","20-pack","Combustible"
"OFF-EN-10003111","CIG-VAR-789730","Cigarettes","Combustible","Core","10-pack","Combustible"
"OFF-EN-10003134","CIG-VAR-357891","Cigarettes","Combustible","Premium","20-pack","Combustible"
"OFF-EN-10003160","CIG-VAR-158981","Cigarettes","Combustible","Value","20-pack","Combustible"
"OFF-EN-10003175","CIG-VAR-149200","Cigarettes","Combustible","Core","Multi-pack","Combustible"
"OFF-EN-10003176","CIG-VAR-237784","Cigarettes","Combustible","Core","20-pack","Combustible"
"OFF-EN-10003177","CIG-VAR-036953","Cigarettes","Combustible","Value","Multi-pack","Combustible"
"OFF-EN-10003231","CIG-VAR-554838","Cigarettes","Combustible","Premium","Multi-pack","Combustible"
"OFF-EN-10003271","CIG-VAR-297186","Cigarettes","Combustible","Premium","Multi-pack","Combustible"
"OFF-EN-10003272","CIG-VAR-872839","Cigarettes","Combustible","Core","20-pack","Combustible"
"OFF-EN-10003286","CIG-VAR-297762","Cigarettes","Combustible","Premium","Multi-pack","Combustible"
"OFF-EN-10003296","CIG-VAR-388932","Cigarettes","Combustible","Premium","30-pack","Combustible"
"OFF-EN-10003299","CIG-VAR-025826","Cigarettes","Combustible","Value","Multi-pack","Combustible"
"OFF-EN-10003316","CIG-VAR-488986","Cigarettes","Combustible","Core","20-pack","Combustible"
"OFF-EN-10003332","CIG-VAR-287783","Cigarettes","Combustible","Value","30-pack","Combustible"
"OFF-EN-10003352","CIG-VAR-648453","Cigarettes","Combustible","Premium","10-pack","Combustible"
"OFF-EN-10003360","CIG-VAR-497481","Cigarettes","Combustible","Premium","Multi-pack","Combustible"
"OFF-EN-10003361","CIG-VAR-793030","Cigarettes","Combustible","Core","20-pack","Combustible"
"OFF-EN-10003373","CIG-VAR-828112","Cigarettes","Combustible","Core","10-pack","Combustible"
"OFF-EN-10003381","CIG-VAR-941197","Cigarettes","Combustible","Core","Multi-pack","Combustible"
"OFF-EN-10003391","CIG-VAR-932648","Cigarettes","Combustible","Value","30-pack","Combustible"
"OFF-EN-10003392","CIG-VAR-300222","Cigarettes","Combustible","Premium","10-pack","Combustible"
"OFF-EN-10003398","CIG-VAR-682594","Cigarettes","Combustible","Core","30-pack","Combustible"
"OFF-EN-10003413","CIG-VAR-274156","Cigarettes","Combustible","Core","Multi-pack","Combustible"
"OFF-EN-10003416","CIG-VAR-426463","Cigarettes","Combustible","Core","10-pack","Combustible"
"OFF-EN-10003422","CIG-VAR-038270","Cigarettes","Combustible","Value","30-pack","Combustible"
"OFF-EN-10003425","CIG-VAR-244476","Cigarettes","Combustible","Premium","20-pack","Combustible"
"OFF-EN-10003431","CIG-VAR-381264","Cigarettes","Combustible","Premium","20-pack","Combustible"
"OFF-EN-10003435","CIG-VAR-338875","Cigarettes","Combustible","Core","10-pack","Combustible"
"OFF-EN-10003444","CIG-VAR-593814","Cigarettes","Combustible","Premium","20-pack","Combustible"
"OFF-EN-10003448","CIG-VAR-496529","Cigarettes","Combustible","Value","30-pack","Combustible"
"OFF-EN-10003455","CIG-VAR-181713","Cigarettes","Combustible","Premium","30-pack","Combustible"
"OFF-EN-10003463","CIG-VAR-304966","Cigarettes","Combustible","Core","10-pack","Combustible"
"OFF-EN-10003465","CIG-VAR-455123","Cigarettes","Combustible","Value","20-pack","Combustible"
"OFF-EN-10003472","CIG-VAR-884511","Cigarettes","Combustible","Premium","Multi-pack","Combustible"
"OFF-EN-10003484","CIG-VAR-639985","Cigarettes","Combustible","Core","20-pack","Combustible"
"OFF-EN-10003498","CIG-VAR-539998","Cigarettes","Combustible","Core","Multi-pack","Combustible"
"OFF-EN-10003507","CIG-VAR-667241","Cigarettes","Combustible","Value","10-pack","Combustible"
"OFF-EN-10003508","CIG-VAR-406642","Cigarettes","Combustible","Core","20-pack","Combustible"
"OFF-EN-10003511","CIG-VAR-117808","Cigarettes","Combustible","Core","10-pack","Combustible"
"OFF-EN-10003512","CIG-VAR-997011","Cigarettes","Combustible","Premium","30-pack","Combustible"
"OFF-EN-10003520","CIG-VAR-665075","Cigarettes","Combustible","Value","20-pack","Combustible"
"OFF-EN-10003529","CIG-VAR-433379","Cigarettes","Combustible","Value","20-pack","Combustible"
"OFF-EN-10003533","CIG-VAR-979614","Cigarettes","Combustible","Premium","30-pack","Combustible"
"OFF-EN-10003537","CIG-VAR-731439","Cigarettes","Combustible","Premium","Multi-pack","Combustible"
"OFF-EN-10003540","CIG-VAR-714787","Cigarettes","Combustible","Core","Multi-pack","Combustible"
"OFF-EN-10003544","CIG-VAR-667759","Cigarettes","Combustible","Core","30-pack","Combustible"
"OFF-EN-10003547","CIG-VAR-607627","Cigarettes","Combustible","Core","10-pack","Combustible"
"OFF-EN-10003550","CIG-VAR-748038","Cigarettes","Combustible","Premium","30-pack","Combustible"
"OFF-EN-10003559","CIG-VAR-549339","Cigarettes","Combustible","Premium","30-pack","Combustible"
"OFF-EN-10003560","CIG-VAR-568882","Cigarettes","Combustible","Core","20-pack","Combustible"
"OFF-EN-10003567","CIG-VAR-418061","Cigarettes","Combustible","Value","30-pack","Combustible"
"OFF-EN-10003577","CIG-VAR-631203","Cigarettes","Combustible","Premium","Multi-pack","Combustible"
"OFF-EN-10003601","CIG-VAR-992626","Cigarettes","Combustible","Core","10-pack","Combustible"
"OFF-EN-10003604","CIG-VAR-948804","Cigarettes","Combustible","Premium","Multi-pack","Combustible"
"OFF-EN-10003607","CIG-VAR-864111","Cigarettes","Combustible","Premium","20-pack","Combustible"
"OFF-EN-10003615","CIG-VAR-417791","Cigarettes","Combustible","Value","10-pack","Combustible"
"OFF-EN-10003619","CIG-VAR-291848","Cigarettes","Combustible","Value","Multi-pack","Combustible"
"OFF-EN-10003623","CIG-VAR-564968","Cigarettes","Combustible","Value","30-pack","Combustible"
"OFF-EN-10003628","CIG-VAR-526045","Cigarettes","Combustible","Core","30-pack","Combustible"
"OFF-EN-10003630","CIG-VAR-153227","Cigarettes","Combustible","Value","20-pack","Combustible"
"OFF-EN-10003632","CIG-VAR-976554","Cigarettes","Combustible","Premium","20-pack","Combustible"
"OFF-EN-10003636","CIG-VAR-630905","Cigarettes","Combustible","Value","10-pack","Combustible"
"OFF-EN-10003661","CIG-VAR-120815","Cigarettes","Combustible","Value","30-pack","Combustible"
"OFF-EN-10003668","CIG-VAR-685653","Cigarettes","Combustible","Premium","30-pack","Combustible"
"OFF-EN-10003669","CIG-VAR-981426","Cigarettes","Combustible","Premium","10-pack","Combustible"
"OFF-EN-10003673","CIG-VAR-580948","Cigarettes","Combustible","Core","Multi-pack","Combustible"
"OFF-EN-10003675","CIG-VAR-825251","Cigarettes","Combustible","Value","30-pack","Combustible"
"OFF-EN-10003685","CIG-VAR-780181","Cigarettes","Combustible","Core","20-pack","Combustible"
"OFF-EN-10003689","CIG-VAR-689533","Cigarettes","Combustible","Core","30-pack","Combustible"
"OFF-EN-10003715","CIG-VAR-103210","Cigarettes","Combustible","Core","Multi-pack","Combustible"
"OFF-EN-10003721","CIG-VAR-958127","Cigarettes","Combustible","Value","20-pack","Combustible"
"OFF-EN-10003728","CIG-VAR-999868","Cigarettes","Combustible","Core","20-pack","Combustible"
"OFF-EN-10003729","CIG-VAR-064706","Cigarettes","Combustible","Value","Multi-pack","Combustible"
"OFF-EN-10003731","CIG-VAR-073234","Cigarettes","Combustible","Core","10-pack","Combustible"
"OFF-EN-10003733","CIG-VAR-459203","Cigarettes","Combustible","Value","10-pack","Combustible"
"OFF-EN-10003737","CIG-VAR-037088","Cigarettes","Combustible","Value","20-pack","Combustible"
"OFF-EN-10003748","CIG-VAR-751767","Cigarettes","Combustible","Premium","Multi-pack","Combustible"
"OFF-EN-10003770","CIG-VAR-728681","Cigarettes","Combustible","Value","30-pack","Combustible"
"OFF-EN-10003780","CIG-VAR-515837","Cigarettes","Combustible","Value","20-pack","Combustible"
"OFF-EN-10003785","CIG-VAR-127623","Cigarettes","Combustible","Premium","30-pack","Combustible"
"OFF-EN-10003798","CIG-VAR-070579","Cigarettes","Combustible","Core","30-pack","Combustible"
"OFF-EN-10003817","CIG-VAR-243492","Cigarettes","Combustible","Premium","30-pack","Combustible"
"OFF-EN-10003832","CIG-VAR-588246","Cigarettes","Combustible","Premium","Multi-pack","Combustible"
"OFF-EN-10003834","CIG-VAR-325003","Cigarettes","Combustible","Core","30-pack","Combustible"
"OFF-EN-10003838","CIG-VAR-353858","Cigarettes","Combustible","Value","20-pack","Combustible"
"OFF-EN-10003845","CIG-VAR-734138","Cigarettes","Combustible","Value","Multi-pack","Combustible"
"OFF-EN-10003850","CIG-VAR-162483","Cigarettes","Combustible","Premium","20-pack","Combustible"
"OFF-EN-10003853","CIG-VAR-215081","Cigarettes","Combustible","Value","Multi-pack","Combustible"
"OFF-EN-10003854","CIG-VAR-146246","Cigarettes","Combustible","Value","10-pack","Combustible"
"OFF-EN-10003858","CIG-VAR-012163","Cigarettes","Combustible","Core","Multi-pack","Combustible"
"OFF-EN-10003859","CIG-VAR-133197","Cigarettes","Combustible","Premium","20-pack","Combustible"
"OFF-EN-10003862","CIG-VAR-338695","Cigarettes","Combustible","Core","30-pack","Combustible"
"OFF-EN-10003885","CIG-VAR-079730","Cigarettes","Combustible","Value","Multi-pack","Combustible"
"OFF-EN-10003887","CIG-VAR-367167","Cigarettes","Combustible","Premium","Multi-pack","Combustible"
"OFF-EN-10003898","CIG-VAR-450947","Cigarettes","Combustible","Value","Multi-pack","Combustible"
"OFF-EN-10003904","CIG-VAR-833384","Cigarettes","Combustible","Value","30-pack","Combustible"
"OFF-EN-10003920","CIG-VAR-047662","Cigarettes","Combustible","Core","20-pack","Combustible"
"OFF-EN-10003933","CIG-VAR-704923","Cigarettes","Combustible","Core","30-pack","Combustible"
"OFF-EN-10003936","CIG-VAR-068873","Cigarettes","Combustible","Value","20-pack","Combustible"
"OFF-EN-10003939","CIG-VAR-789194","Cigarettes","Combustible","Value","10-pack","Combustible"
"OFF-EN-10003962","CIG-VAR-074695","Cigarettes","Combustible","Core","20-pack","Combustible"
"OFF-EN-10003977","CIG-VAR-802550","Cigarettes","Combustible","Value","Multi-pack","Combustible"
"OFF-EN-10003979","CIG-VAR-976021","Cigarettes","Combustible","Core","10-pack","Combustible"
"OFF-EN-10003999","CIG-VAR-804850","Cigarettes","Combustible","Core","30-pack","Combustible"
"OFF-EN-10004007","CIG-VAR-122713","Cigarettes","Combustible","Core","30-pack","Combustible"
"OFF-EN-10004012","CIG-VAR-334760","Cigarettes","Combustible","Value","10-pack","Combustible"
"OFF-EN-10004030","CIG-VAR-293929","Cigarettes","Combustible","Core","30-pack","Combustible"
"OFF-EN-10004051","CIG-VAR-169525","Cigarettes","Combustible","Core","30-pack","Combustible"
"OFF-EN-10004053","CIG-VAR-904443","Cigarettes","Combustible","Premium","30-pack","Combustible"
"OFF-EN-10004057","CIG-VAR-050301","Cigarettes","Combustible","Premium","Multi-pack","Combustible"
"OFF-EN-10004074","CIG-VAR-968154","Cigarettes","Combustible","Premium","Multi-pack","Combustible"
"OFF-EN-10004100","CIG-VAR-553140","Cigarettes","Combustible","Premium","30-pack","Combustible"
"OFF-EN-10004120","CIG-VAR-189857","Cigarettes","Combustible","Value","10-pack","Combustible"
"OFF-EN-10004144","CIG-VAR-947570","Cigarettes","Combustible","Value","Multi-pack","Combustible"
"OFF-EN-10004147","CIG-VAR-551841","Cigarettes","Combustible","Premium","20-pack","Combustible"
"OFF-EN-10004150","CIG-VAR-265686","Cigarettes","Combustible","Premium","Multi-pack","Combustible"
"OFF-EN-10004173","CIG-VAR-784503","Cigarettes","Combustible","Premium","Multi-pack","Combustible"
"OFF-EN-10004181","CIG-VAR-145440","Cigarettes","Combustible","Premium","10-pack","Combustible"
"OFF-EN-10004183","CIG-VAR-464007","Cigarettes","Combustible","Premium","10-pack","Combustible"
"OFF-EN-10004186","CIG-VAR-212763","Cigarettes","Combustible","Premium","Multi-pack","Combustible"
"OFF-EN-10004190","CIG-VAR-920399","Cigarettes","Combustible","Value","Multi-pack","Combustible"
"OFF-EN-10004206","CIG-VAR-072186","Cigarettes","Combustible","Premium","30-pack","Combustible"
"OFF-EN-10004211","CIG-VAR-643908","Cigarettes","Combustible","Premium","10-pack","Combustible"
"OFF-EN-10004212","CIG-VAR-164294","Cigarettes","Combustible","Value","30-pack","Combustible"
"OFF-EN-10004254","CIG-VAR-964479","Cigarettes","Combustible","Premium","Multi-pack","Combustible"
"OFF-EN-10004296","CIG-VAR-356334","Cigarettes","Combustible","Premium","Multi-pack","Combustible"
"OFF-EN-10004303","CIG-VAR-695426","Cigarettes","Combustible","Value","30-pack","Combustible"
"OFF-EN-10004305","CIG-VAR-182359","Cigarettes","Combustible","Core","Multi-pack","Combustible"
"OFF-EN-10004309","CIG-VAR-805978","Cigarettes","Combustible","Core","10-pack","Combustible"
"OFF-EN-10004386","CIG-VAR-062174","Cigarettes","Combustible","Value","20-pack","Combustible"
"OFF-EN-10004404","CIG-VAR-645964","Cigarettes","Combustible","Core","10-pack","Combustible"
"OFF-EN-10004410","CIG-VAR-662687","Cigarettes","Combustible","Value","10-pack","Combustible"
"OFF-EN-10004418","CIG-VAR-158496","Cigarettes","Combustible","Premium","30-pack","Combustible"
"OFF-EN-10004422","CIG-VAR-444895","Cigarettes","Combustible","Core","Multi-pack","Combustible"
"OFF-EN-10004424","CIG-VAR-876089","Cigarettes","Combustible","Value","30-pack","Combustible"
"OFF-EN-10004443","CIG-VAR-644989","Cigarettes","Combustible","Core","Multi-pack","Combustible"
"OFF-EN-10004453","CIG-VAR-074686","Cigarettes","Combustible","Core","30-pack","Combustible"
"OFF-EN-10004459","CIG-VAR-976137","Cigarettes","Combustible","Premium","10-pack","Combustible"
"OFF-EN-10004462","CIG-VAR-529330","Cigarettes","Combustible","Core","Multi-pack","Combustible"
"OFF-EN-10004469","CIG-VAR-882955","Cigarettes","Combustible","Core","Multi-pack","Combustible"
"OFF-EN-10004470","CIG-VAR-306136","Cigarettes","Combustible","Core","30-pack","Combustible"
"OFF-EN-10004473","CIG-VAR-304116","Cigarettes","Combustible","Premium","10-pack","Combustible"
"OFF-EN-10004479","CIG-VAR-310643","Cigarettes","Combustible","Value","30-pack","Combustible"
"OFF-EN-10004483","CIG-VAR-039187","Cigarettes","Combustible","Core","Multi-pack","Combustible"
"OFF-EN-10004486","CIG-VAR-611497","Cigarettes","Combustible","Core","10-pack","Combustible"
"OFF-EN-10004491","CIG-VAR-002549","Cigarettes","Combustible","Value","30-pack","Combustible"
"OFF-EN-10004493","CIG-VAR-261897","Cigarettes","Combustible","Premium","30-pack","Combustible"
"OFF-EN-10004495","CIG-VAR-051570","Cigarettes","Combustible","Premium","Multi-pack","Combustible"
"OFF-EN-10004503","CIG-VAR-029693","Cigarettes","Combustible","Value","10-pack","Combustible"
"OFF-EN-10004507","CIG-VAR-244559","Cigarettes","Combustible","Value","20-pack","Combustible"
"OFF-EN-10004518","CIG-VAR-940141","Cigarettes","Combustible","Core","20-pack","Combustible"
"OFF-EN-10004521","CIG-VAR-841180","Cigarettes","Combustible","Core","30-pack","Combustible"
"OFF-EN-10004525","CIG-VAR-128194","Cigarettes","Combustible","Core","Multi-pack","Combustible"
"OFF-EN-10004526","CIG-VAR-740384","Cigarettes","Combustible","Value","20-pack","Combustible"
"OFF-EN-10004537","CIG-VAR-853310","Cigarettes","Combustible","Value","30-pack","Combustible"
"OFF-EN-10004547","CIG-VAR-315712","Cigarettes","Combustible","Core","20-pack","Combustible"
"OFF-EN-10004550","CIG-VAR-497679","Cigarettes","Combustible","Premium","Multi-pack","Combustible"
"OFF-EN-10004560","CIG-VAR-710375","Cigarettes","Combustible","Value","10-pack","Combustible"
"OFF-EN-10004564","CIG-VAR-116954","Cigarettes","Combustible","Value","20-pack","Combustible"
"OFF-EN-10004568","CIG-VAR-651764","Cigarettes","Combustible","Value","30-pack","Combustible"
"OFF-EN-10004571","CIG-VAR-032608","Cigarettes","Combustible","Core","Multi-pack","Combustible"
"OFF-EN-10004580","CIG-VAR-923180","Cigarettes","Combustible","Value","30-pack","Combustible"
"OFF-EN-10004590","CIG-VAR-243287","Cigarettes","Combustible","Value","Multi-pack","Combustible"
"OFF-EN-10004597","CIG-VAR-285567","Cigarettes","Combustible","Premium","10-pack","Combustible"
"OFF-EN-10004604","CIG-VAR-019772","Cigarettes","Combustible","Value","30-pack","Combustible"
"OFF-EN-10004649","CIG-VAR-371122","Cigarettes","Combustible","Core","Multi-pack","Combustible"
"OFF-EN-10004667","CIG-VAR-790537","Cigarettes","Combustible","Core","30-pack","Combustible"
"OFF-EN-10004677","CIG-VAR-241588","Cigarettes","Combustible","Core","Multi-pack","Combustible"
"OFF-EN-10004684","CIG-VAR-383130","Cigarettes","Combustible","Premium","30-pack","Combustible"
"OFF-EN-10004742","CIG-VAR-988617","Cigarettes","Combustible","Premium","10-pack","Combustible"
"OFF-EN-10004744","CIG-VAR-933530","Cigarettes","Combustible","Value","20-pack","Combustible"
"OFF-EN-10004755","CIG-VAR-661885","Cigarettes","Combustible","Core","30-pack","Combustible"
"OFF-EN-10004759","CIG-VAR-261093","Cigarettes","Combustible","Premium","20-pack","Combustible"
"OFF-EN-10004773","CIG-VAR-500890","Cigarettes","Combustible","Core","20-pack","Combustible"
"OFF-EN-10004775","CIG-VAR-412140","Cigarettes","Combustible","Premium","10-pack","Combustible"
"OFF-EN-10004784","CIG-VAR-900458","Cigarettes","Combustible","Value","20-pack","Combustible"
"OFF-EN-10004788","CIG-VAR-493295","Cigarettes","Combustible","Value","30-pack","Combustible"
"OFF-EN-10004793","CIG-VAR-077372","Cigarettes","Combustible","Value","Multi-pack","Combustible"
"OFF-EN-10004801","CIG-VAR-000548","Cigarettes","Combustible","Value","Multi-pack","Combustible"
"OFF-EN-10004820","CIG-VAR-689848","Cigarettes","Combustible","Core","Multi-pack","Combustible"
"OFF-EN-10004840","CIG-VAR-556790","Cigarettes","Combustible","Value","20-pack","Combustible"
"OFF-EN-10004846","CIG-VAR-049318","Cigarettes","Combustible","Core","10-pack","Combustible"
"OFF-EN-10004849","CIG-VAR-493274","Cigarettes","Combustible","Value","20-pack","Combustible"
"OFF-EN-10004870","CIG-VAR-347121","Cigarettes","Combustible","Premium","30-pack","Combustible"
"OFF-EN-10004885","CIG-VAR-699848","Cigarettes","Combustible","Value","30-pack","Combustible"
"OFF-EN-10004892","CIG-VAR-046869","Cigarettes","Combustible","Premium","10-pack","Combustible"
"OFF-EN-10004895","CIG-VAR-637437","Cigarettes","Combustible","Premium","Multi-pack","Combustible"
"OFF-EN-10004899","CIG-VAR-815407","Cigarettes","Combustible","Core","10-pack","Combustible"
"OFF-EN-10004903","CIG-VAR-368310","Cigarettes","Combustible","Premium","10-pack","Combustible"
"OFF-EN-10004904","CIG-VAR-013020","Cigarettes","Combustible","Premium","Multi-pack","Combustible"
"OFF-EN-10004909","CIG-VAR-077339","Cigarettes","Combustible","Value","30-pack","Combustible"
"OFF-EN-10004935","CIG-VAR-710864","Cigarettes","Combustible","Value","30-pack","Combustible"
"OFF-EN-10004938","CIG-VAR-689575","Cigarettes","Combustible","Core","Multi-pack","Combustible"
"OFF-EN-10004941","CIG-VAR-092104","Cigarettes","Combustible","Core","10-pack","Combustible"
"OFF-EN-10004955","CIG-VAR-946483","Cigarettes","Combustible","Core","10-pack","Combustible"
"OFF-EN-10004956","CIG-VAR-509271","Cigarettes","Combustible","Premium","30-pack","Combustible"
"OFF-EN-10004958","CIG-VAR-597895","Cigarettes","Combustible","Core","20-pack","Combustible"
"OFF-EN-10004970","CIG-VAR-164497","Cigarettes","Combustible","Core","20-pack","Combustible"
"OFF-EN-10004977","CIG-VAR-745638","Cigarettes","Combustible","Premium","30-pack","Combustible"
"OFF-EN-10004981","CIG-VAR-801594","Cigarettes","Combustible","Premium","10-pack","Combustible"
"OFF-EN-10004988","CIG-VAR-971093","Cigarettes","Combustible","Value","10-pack","Combustible"
"OFF-EN-10004989","CIG-VAR-275063","Cigarettes","Combustible","Value","30-pack","Combustible"
"OFF-EN-10004995","CIG-VAR-094867","Cigarettes","Combustible","Core","10-pack","Combustible"
"OFF-ENE-10000012","CIG-VAR-486424","Cigarettes","Combustible","Core","30-pack","Combustible"
"OFF-ENE-10000199","CIG-VAR-827668","Cigarettes","Combustible","Core","20-pack","Combustible"
"OFF-ENE-10000516","CIG-VAR-143234","Cigarettes","Combustible","Value","10-pack","Combustible"
"OFF-ENE-10000935","CIG-VAR-612273","Cigarettes","Combustible","Premium","10-pack","Combustible"
"OFF-ENE-10001117","CIG-VAR-504215","Cigarettes","Combustible","Value","Multi-pack","Combustible"
"OFF-ENE-10001291","CIG-VAR-695146","Cigarettes","Combustible","Core","Multi-pack","Combustible"
"OFF-ENE-10001356","CIG-VAR-696061","Cigarettes","Combustible","Core","Multi-pack","Combustible"
"OFF-ENE-10001906","CIG-VAR-434043","Cigarettes","Combustible","Premium","10-pack","Combustible"
"OFF-ENE-10002038","CIG-VAR-359531","Cigarettes","Combustible","Value","20-pack","Combustible"
"OFF-ENE-10002093","CIG-VAR-510994","Cigarettes","Combustible","Core","Multi-pack","Combustible"
"OFF-ENE-10002104","CIG-VAR-445542","Cigarettes","Combustible","Premium","30-pack","Combustible"
"OFF-ENE-10002470","CIG-VAR-012914","Cigarettes","Combustible","Value","Multi-pack","Combustible"
"OFF-ENE-10002784","CIG-VAR-579833","Cigarettes","Combustible","Value","10-pack","Combustible"
"OFF-ENE-10002833","CIG-VAR-545809","Cigarettes","Combustible","Core","20-pack","Combustible"
"OFF-ENE-10002922","CIG-VAR-349225","Cigarettes","Combustible","Core","20-pack","Combustible"
"OFF-ENE-10003066","CIG-VAR-946139","Cigarettes","Combustible","Value","30-pack","Combustible"
"OFF-ENE-10003274","CIG-VAR-251023","Cigarettes","Combustible","Core","20-pack","Combustible"
"OFF-ENE-10003314","CIG-VAR-053429","Cigarettes","Combustible","Value","10-pack","Combustible"
"OFF-ENE-10003409","CIG-VAR-207806","Cigarettes","Combustible","Value","20-pack","Combustible"
"OFF-ENE-10003549","CIG-VAR-395471","Cigarettes","Combustible","Value","30-pack","Combustible"
"OFF-ENE-10004132","CIG-VAR-526585","Cigarettes","Combustible","Core","10-pack","Combustible"
"OFF-ENE-10004377","CIG-VAR-705481","Cigarettes","Combustible","Core","20-pack","Combustible"
"OFF-ENE-10004401","CIG-VAR-124910","Cigarettes","Combustible","Value","30-pack","Combustible"
"OFF-ENE-10004866","CIG-VAR-763759","Cigarettes","Combustible","Core","Multi-pack","Combustible"
"OFF-FA-10000010","CIG-VAR-563498","Cigarettes","Combustible","Value","Multi-pack","Combustible"
"OFF-FA-10000027","CIG-VAR-381521","Cigarettes","Combustible","Value","Multi-pack","Combustible"
"OFF-FA-10000038","CIG-VAR-326126","Cigarettes","Combustible","Value","Multi-pack","Combustible"
"OFF-FA-10000046","CIG-VAR-183208","Cigarettes","Combustible","Core","Multi-pack","Combustible"
"OFF-FA-10000053","CIG-VAR-689989","Cigarettes","Combustible","Core","20-pack","Combustible"
"OFF-FA-10000059","CIG-VAR-099716","Cigarettes","Combustible","Value","Multi-pack","Combustible"
"OFF-FA-10000067","CIG-VAR-219873","Cigarettes","Combustible","Premium","Multi-pack","Combustible"
"OFF-FA-10000074","CIG-VAR-922067","Cigarettes","Combustible","Value","10-pack","Combustible"
"OFF-FA-10000087","CIG-VAR-651468","Cigarettes","Combustible","Premium","20-pack","Combustible"
"OFF-FA-10000089","CIG-VAR-788774","Cigarettes","Combustible","Value","30-pack","Combustible"
"OFF-FA-10000091","CIG-VAR-615944","Cigarettes","Combustible","Value","20-pack","Combustible"
"OFF-FA-10000099","CIG-VAR-504220","Cigarettes","Combustible","Core","Multi-pack","Combustible"
"OFF-FA-10000122","CIG-VAR-539058","Cigarettes","Combustible","Premium","Multi-pack","Combustible"
"OFF-FA-10000131","CIG-VAR-208309","Cigarettes","Combustible","Core","10-pack","Combustible"
"OFF-FA-10000134","CIG-VAR-137279","Cigarettes","Combustible","Value","Multi-pack","Combustible"
"OFF-FA-10000136","CIG-VAR-378601","Cigarettes","Combustible","Core","Multi-pack","Combustible"
"OFF-FA-10000146","CIG-VAR-315588","Cigarettes","Combustible","Premium","10-pack","Combustible"
"OFF-FA-10000154","CIG-VAR-757635","Cigarettes","Combustible","Premium","20-pack","Combustible"
"OFF-FA-10000179","CIG-VAR-192234","Cigarettes","Combustible","Premium","30-pack","Combustible"
"OFF-FA-10000189","CIG-VAR-692764","Cigarettes","Combustible","Core","20-pack","Combustible"
"OFF-FA-10000191","CIG-VAR-483594","Cigarettes","Combustible","Premium","30-pack","Combustible"
"OFF-FA-10000194","CIG-VAR-548490","Cigarettes","Combustible","Premium","20-pack","Combustible"
"OFF-FA-10000196","CIG-VAR-525470","Cigarettes","Combustible","Value","20-pack","Combustible"
"OFF-FA-10000197","CIG-VAR-934325","Cigarettes","Combustible","Value","Multi-pack","Combustible"
"OFF-FA-10000207","CIG-VAR-445461","Cigarettes","Combustible","Premium","Multi-pack","Combustible"
"OFF-FA-10000227","CIG-VAR-907489","Cigarettes","Combustible","Core","20-pack","Combustible"
"OFF-FA-10000248","CIG-VAR-466056","Cigarettes","Combustible","Premium","30-pack","Combustible"
"OFF-FA-10000254","CIG-VAR-773127","Cigarettes","Combustible","Premium","10-pack","Combustible"
"OFF-FA-10000256","CIG-VAR-786015","Cigarettes","Combustible","Premium","10-pack","Combustible"
"OFF-FA-10000260","CIG-VAR-909377","Cigarettes","Combustible","Value","30-pack","Combustible"
"OFF-FA-10000263","CIG-VAR-364832","Cigarettes","Combustible","Value","10-pack","Combustible"
"OFF-FA-10000294","CIG-VAR-081119","Cigarettes","Combustible","Value","10-pack","Combustible"
"OFF-FA-10000300","CIG-VAR-307783","Cigarettes","Combustible","Core","Multi-pack","Combustible"
"OFF-FA-10000304","CIG-VAR-267964","Cigarettes","Combustible","Core","30-pack","Combustible"
"OFF-FA-10000349","CIG-VAR-995674","Cigarettes","Combustible","Core","Multi-pack","Combustible"
"OFF-FA-10000353","CIG-VAR-285735","Cigarettes","Combustible","Premium","10-pack","Combustible"
"OFF-FA-10000401","CIG-VAR-619262","Cigarettes","Combustible","Value","10-pack","Combustible"
"OFF-FA-10000406","CIG-VAR-185389","Cigarettes","Combustible","Core","Multi-pack","Combustible"
"OFF-FA-10000411","CIG-VAR-250069","Cigarettes","Combustible","Core","20-pack","Combustible"
"OFF-FA-10000429","CIG-VAR-299368","Cigarettes","Combustible","Core","10-pack","Combustible"
"OFF-FA-10000439","CIG-VAR-395571","Cigarettes","Combustible","Premium","20-pack","Combustible"
"OFF-FA-10000447","CIG-VAR-514554","Cigarettes","Combustible","Premium","20-pack","Combustible"
"OFF-FA-10000455","CIG-VAR-981620","Cigarettes","Combustible","Value","10-pack","Combustible"
"OFF-FA-10000459","CIG-VAR-884401","Cigarettes","Combustible","Core","Multi-pack","Combustible"
"OFF-FA-10000467","CIG-VAR-897664","Cigarettes","Combustible","Core","Multi-pack","Combustible"
"OFF-FA-10000470","CIG-VAR-271955","Cigarettes","Combustible","Value","20-pack","Combustible"
"OFF-FA-10000471","CIG-VAR-004094","Cigarettes","Combustible","Value","Multi-pack","Combustible"
"OFF-FA-10000474","CIG-VAR-615875","Cigarettes","Combustible","Value","10-pack","Combustible"
"OFF-FA-10000475","CIG-VAR-513526","Cigarettes","Combustible","Core","30-pack","Combustible"
"OFF-FA-10000487","CIG-VAR-545197","Cigarettes","Combustible","Core","20-pack","Combustible"
"OFF-FA-10000490","CIG-VAR-415041","Cigarettes","Combustible","Premium","Multi-pack","Combustible"
"OFF-FA-10000509","CIG-VAR-999207","Cigarettes","Combustible","Premium","20-pack","Combustible"
"OFF-FA-10000520","CIG-VAR-832681","Cigarettes","Combustible","Core","Multi-pack","Combustible"
"OFF-FA-10000522","CIG-VAR-884110","Cigarettes","Combustible","Core","Multi-pack","Combustible"
"OFF-FA-10000540","CIG-VAR-724103","Cigarettes","Combustible","Value","20-pack","Combustible"
"OFF-FA-10000549","CIG-VAR-331733","Cigarettes","Combustible","Value","20-pack","Combustible"
"OFF-FA-10000563","CIG-VAR-906229","Cigarettes","Combustible","Core","20-pack","Combustible"
"OFF-FA-10000571","CIG-VAR-802153","Cigarettes","Combustible","Core","10-pack","Combustible"
"OFF-FA-10000577","CIG-VAR-015530","Cigarettes","Combustible","Value","20-pack","Combustible"
"OFF-FA-10000581","CIG-VAR-537096","Cigarettes","Combustible","Premium","Multi-pack","Combustible"
"OFF-FA-10000585","CIG-VAR-126257","Cigarettes","Combustible","Value","30-pack","Combustible"
"OFF-FA-10000611","CIG-VAR-772536","Cigarettes","Combustible","Premium","Multi-pack","Combustible"
"OFF-FA-10000621","CIG-VAR-474825","Cigarettes","Combustible","Premium","10-pack","Combustible"
"OFF-FA-10000624","CIG-VAR-902266","Cigarettes","Combustible","Core","Multi-pack","Combustible"
"OFF-FA-10000631","CIG-VAR-490279","Cigarettes","Combustible","Core","20-pack","Combustible"
"OFF-FA-10000644","CIG-VAR-903955","Cigarettes","Combustible","Core","20-pack","Combustible"
"OFF-FA-10000659","CIG-VAR-733852","Cigarettes","Combustible","Core","20-pack","Combustible"
"OFF-FA-10000670","CIG-VAR-896279","Cigarettes","Combustible","Value","Multi-pack","Combustible"
"OFF-FA-10000697","CIG-VAR-341313","Cigarettes","Combustible","Premium","30-pack","Combustible"
"OFF-FA-10000700","CIG-VAR-081539","Cigarettes","Combustible","Value","Multi-pack","Combustible"
"OFF-FA-10000713","CIG-VAR-674362","Cigarettes","Combustible","Core","10-pack","Combustible"
"OFF-FA-10000720","CIG-VAR-686651","Cigarettes","Combustible","Value","20-pack","Combustible"
"OFF-FA-10000735","CIG-VAR-012784","Cigarettes","Combustible","Core","Multi-pack","Combustible"
"OFF-FA-10000740","CIG-VAR-750488","Cigarettes","Combustible","Value","Multi-pack","Combustible"
"OFF-FA-10000746","CIG-VAR-509153","Cigarettes","Combustible","Value","30-pack","Combustible"
"OFF-FA-10000757","CIG-VAR-148326","Cigarettes","Combustible","Premium","20-pack","Combustible"
"OFF-FA-10000790","CIG-VAR-688757","Cigarettes","Combustible","Value","30-pack","Combustible"
"OFF-FA-10000799","CIG-VAR-298601","Cigarettes","Combustible","Value","30-pack","Combustible"
"OFF-FA-10000801","CIG-VAR-734507","Cigarettes","Combustible","Value","10-pack","Combustible"
"OFF-FA-10000805","CIG-VAR-454694","Cigarettes","Combustible","Value","20-pack","Combustible"
"OFF-FA-10000834","CIG-VAR-729810","Cigarettes","Combustible","Premium","10-pack","Combustible"
"OFF-FA-10000838","CIG-VAR-895746","Cigarettes","Combustible","Premium","Multi-pack","Combustible"
"OFF-FA-10000840","CIG-VAR-594238","Cigarettes","Combustible","Core","30-pack","Combustible"
"OFF-FA-10000856","CIG-VAR-976034","Cigarettes","Combustible","Value","30-pack","Combustible"
"OFF-FA-10000899","CIG-VAR-316231","Cigarettes","Combustible","Core","Multi-pack","Combustible"
"OFF-FA-10000907","CIG-VAR-355896","Cigarettes","Combustible","Premium","30-pack","Combustible"
"OFF-FA-10000936","CIG-VAR-512280","Cigarettes","Combustible","Premium","Multi-pack","Combustible"
"OFF-FA-10000974","CIG-VAR-086776","Cigarettes","Combustible","Core","Multi-pack","Combustible"
"OFF-FA-10000992","CIG-VAR-055020","Cigarettes","Combustible","Premium","10-pack","Combustible"
"OFF-FA-10000999","CIG-VAR-758396","Cigarettes","Combustible","Value","10-pack","Combustible"
"OFF-FA-10001010","CIG-VAR-811044","Cigarettes","Combustible","Premium","30-pack","Combustible"
"OFF-FA-10001026","CIG-VAR-653792","Cigarettes","Combustible","Value","10-pack","Combustible"
"OFF-FA-10001029","CIG-VAR-958220","Cigarettes","Combustible","Value","20-pack","Combustible"
"OFF-FA-10001030","CIG-VAR-932234","Cigarettes","Combustible","Value","10-pack","Combustible"
"OFF-FA-10001039","CIG-VAR-164419","Cigarettes","Combustible","Core","10-pack","Combustible"
"OFF-FA-10001045","CIG-VAR-379536","Cigarettes","Combustible","Premium","10-pack","Combustible"
"OFF-FA-10001051","CIG-VAR-758102","Cigarettes","Combustible","Value","10-pack","Combustible"
"OFF-FA-10001052","CIG-VAR-821059","Cigarettes","Combustible","Core","30-pack","Combustible"
"OFF-FA-10001054","CIG-VAR-027890","Cigarettes","Combustible","Value","Multi-pack","Combustible"
"OFF-FA-10001057","CIG-VAR-243635","Cigarettes","Combustible","Value","20-pack","Combustible"
"OFF-FA-10001072","CIG-VAR-966960","Cigarettes","Combustible","Premium","10-pack","Combustible"
"OFF-FA-10001082","CIG-VAR-976607","Cigarettes","Combustible","Value","Multi-pack","Combustible"
"OFF-FA-10001086","CIG-VAR-256389","Cigarettes","Combustible","Premium","30-pack","Combustible"
"OFF-FA-10001097","CIG-VAR-419986","Cigarettes","Combustible","Core","20-pack","Combustible"
"OFF-FA-10001104","CIG-VAR-255941","Cigarettes","Combustible","Value","20-pack","Combustible"
"OFF-FA-10001111","CIG-VAR-092076","Cigarettes","Combustible","Premium","Multi-pack","Combustible"
"OFF-FA-10001113","CIG-VAR-855040","Cigarettes","Combustible","Core","Multi-pack","Combustible"
"OFF-FA-10001115","CIG-VAR-062577","Cigarettes","Combustible","Premium","30-pack","Combustible"
"OFF-FA-10001126","CIG-VAR-945482","Cigarettes","Combustible","Value","Multi-pack","Combustible"
"OFF-FA-10001128","CIG-VAR-734961","Cigarettes","Combustible","Premium","10-pack","Combustible"
"OFF-FA-10001135","CIG-VAR-505346","Cigarettes","Combustible","Value","10-pack","Combustible"
"OFF-FA-10001152","CIG-VAR-080962","Cigarettes","Combustible","Core","20-pack","Combustible"
"OFF-FA-10001175","CIG-VAR-820067","Cigarettes","Combustible","Value","10-pack","Combustible"
"OFF-FA-10001184","CIG-VAR-012687","Cigarettes","Combustible","Premium","20-pack","Combustible"
"OFF-FA-10001187","CIG-VAR-014755","Cigarettes","Combustible","Core","Multi-pack","Combustible"
"OFF-FA-10001199","CIG-VAR-657361","Cigarettes","Combustible","Core","20-pack","Combustible"
"OFF-FA-10001213","CIG-VAR-258370","Cigarettes","Combustible","Core","30-pack","Combustible"
"OFF-FA-10001228","CIG-VAR-196045","Cigarettes","Combustible","Core","20-pack","Combustible"
"OFF-FA-10001229","CIG-VAR-595651","Cigarettes","Combustible","Core","Multi-pack","Combustible"
"OFF-FA-10001237","CIG-VAR-474285","Cigarettes","Combustible","Premium","20-pack","Combustible"
"OFF-FA-10001246","CIG-VAR-820408","Cigarettes","Combustible","Core","10-pack","Combustible"
"OFF-FA-10001272","CIG-VAR-750556","Cigarettes","Combustible","Core","30-pack","Combustible"
"OFF-FA-10001297","CIG-VAR-559856","Cigarettes","Combustible","Value","Multi-pack","Combustible"
"OFF-FA-10001304","CIG-VAR-884620","Cigarettes","Combustible","Core","Multi-pack","Combustible"
"OFF-FA-10001309","CIG-VAR-205610","Cigarettes","Combustible","Value","30-pack","Combustible"
"OFF-FA-10001330","CIG-VAR-312937","Cigarettes","Combustible","Core","20-pack","Combustible"
"OFF-FA-10001332","CIG-VAR-759112","Cigarettes","Combustible","Core","20-pack","Combustible"
"OFF-FA-10001337","CIG-VAR-510342","Cigarettes","Combustible","Premium","30-pack","Combustible"
"OFF-FA-10001339","CIG-VAR-627545","Cigarettes","Combustible","Value","20-pack","Combustible"
"OFF-FA-10001348","CIG-VAR-370431","Cigarettes","Combustible","Premium","10-pack","Combustible"
"OFF-FA-10001359","CIG-VAR-564031","Cigarettes","Combustible","Core","Multi-pack","Combustible"
"OFF-FA-10001375","CIG-VAR-036652","Cigarettes","Combustible","Core","30-pack","Combustible"
"OFF-FA-10001401","CIG-VAR-616990","Cigarettes","Combustible","Core","20-pack","Combustible"
"OFF-FA-10001419","CIG-VAR-843483","Cigarettes","Combustible","Premium","30-pack","Combustible"
"OFF-FA-10001427","CIG-VAR-390148","Cigarettes","Combustible","Core","30-pack","Combustible"
"OFF-FA-10001435","CIG-VAR-020023","Cigarettes","Combustible","Core","Multi-pack","Combustible"
"OFF-FA-10001476","CIG-VAR-436839","Cigarettes","Combustible","Premium","20-pack","Combustible"
"OFF-FA-10001520","CIG-VAR-494038","Cigarettes","Combustible","Core","30-pack","Combustible"
"OFF-FA-10001521","CIG-VAR-806910","Cigarettes","Combustible","Premium","10-pack","Combustible"
"OFF-FA-10001526","CIG-VAR-555693","Cigarettes","Combustible","Premium","Multi-pack","Combustible"
"OFF-FA-10001530","CIG-VAR-336929","Cigarettes","Combustible","Value","Multi-pack","Combustible"
"OFF-FA-10001551","CIG-VAR-792163","Cigarettes","Combustible","Core","Multi-pack","Combustible"
"OFF-FA-10001561","CIG-VAR-465893","Cigarettes","Combustible","Value","10-pack","Combustible"
"OFF-FA-10001563","CIG-VAR-085401","Cigarettes","Combustible","Premium","10-pack","Combustible"
"OFF-FA-10001567","CIG-VAR-611327","Cigarettes","Combustible","Value","20-pack","Combustible"
"OFF-FA-10001574","CIG-VAR-941930","Cigarettes","Combustible","Value","30-pack","Combustible"
"OFF-FA-10001577","CIG-VAR-849555","Cigarettes","Combustible","Premium","10-pack","Combustible"
"OFF-FA-10001596","CIG-VAR-246323","Cigarettes","Combustible","Value","10-pack","Combustible"
"OFF-FA-10001613","CIG-VAR-441131","Cigarettes","Combustible","Value","30-pack","Combustible"
"OFF-FA-10001621","CIG-VAR-520933","Cigarettes","Combustible","Core","20-pack","Combustible"
"OFF-FA-10001631","CIG-VAR-811749","Cigarettes","Combustible","Premium","10-pack","Combustible"
"OFF-FA-10001650","CIG-VAR-888451","Cigarettes","Combustible","Core","10-pack","Combustible"
"OFF-FA-10001651","CIG-VAR-844109","Cigarettes","Combustible","Value","30-pack","Combustible"
"OFF-FA-10001670","CIG-VAR-444416","Cigarettes","Combustible","Value","30-pack","Combustible"
"OFF-FA-10001680","CIG-VAR-808302","Cigarettes","Combustible","Premium","20-pack","Combustible"
"OFF-FA-10001684","CIG-VAR-112289","Cigarettes","Combustible","Value","10-pack","Combustible"
"OFF-FA-10001698","CIG-VAR-747746","Cigarettes","Combustible","Value","30-pack","Combustible"
"OFF-FA-10001700","CIG-VAR-464014","Cigarettes","Combustible","Core","30-pack","Combustible"
"OFF-FA-10001702","CIG-VAR-733769","Cigarettes","Combustible","Value","30-pack","Combustible"
"OFF-FA-10001710","CIG-VAR-974866","Cigarettes","Combustible","Core","Multi-pack","Combustible"
"OFF-FA-10001711","CIG-VAR-161461","Cigarettes","Combustible","Core","20-pack","Combustible"
"OFF-FA-10001718","CIG-VAR-898046","Cigarettes","Combustible","Value","20-pack","Combustible"
"OFF-FA-10001724","CIG-VAR-571930","Cigarettes","Combustible","Core","20-pack","Combustible"
"OFF-FA-10001727","CIG-VAR-174827","Cigarettes","Combustible","Value","Multi-pack","Combustible"
"OFF-FA-10001754","CIG-VAR-877255","Cigarettes","Combustible","Core","30-pack","Combustible"
"OFF-FA-10001761","CIG-VAR-646723","Cigarettes","Combustible","Core","30-pack","Combustible"
"OFF-FA-10001764","CIG-VAR-595253","Cigarettes","Combustible","Value","20-pack","Combustible"
"OFF-FA-10001776","CIG-VAR-433457","Cigarettes","Combustible","Value","10-pack","Combustible"
"OFF-FA-10001783","CIG-VAR-126287","Cigarettes","Combustible","Value","10-pack","Combustible"
"OFF-FA-10001800","CIG-VAR-450940","Cigarettes","Combustible","Core","Multi-pack","Combustible"
"OFF-FA-10001815","CIG-VAR-655364","Cigarettes","Combustible","Value","20-pack","Combustible"
"OFF-FA-10001832","CIG-VAR-558829","Cigarettes","Combustible","Core","10-pack","Combustible"
"OFF-FA-10001838","CIG-VAR-090274","Cigarettes","Combustible","Core","30-pack","Combustible"
"OFF-FA-10001843","CIG-VAR-013026","Cigarettes","Combustible","Premium","20-pack","Combustible"
"OFF-FA-10001871","CIG-VAR-151791","Cigarettes","Combustible","Premium","30-pack","Combustible"
"OFF-FA-10001877","CIG-VAR-020674","Cigarettes","Combustible","Core","Multi-pack","Combustible"
"OFF-FA-10001883","CIG-VAR-992516","Cigarettes","Combustible","Value","20-pack","Combustible"
"OFF-FA-10001892","CIG-VAR-353336","Cigarettes","Combustible","Value","30-pack","Combustible"
"OFF-FA-10001925","CIG-VAR-776525","Cigarettes","Combustible","Value","20-pack","Combustible"
"OFF-FA-10001953","CIG-VAR-492532","Cigarettes","Combustible","Core","Multi-pack","Combustible"
"OFF-FA-10001957","CIG-VAR-600799","Cigarettes","Combustible","Core","30-pack","Combustible"
"OFF-FA-10001963","CIG-VAR-461861","Cigarettes","Combustible","Value","10-pack","Combustible"
"OFF-FA-10002011","CIG-VAR-947256","Cigarettes","Combustible","Premium","30-pack","Combustible"
"OFF-FA-10002015","CIG-VAR-243195","Cigarettes","Combustible","Premium","Multi-pack","Combustible"
"OFF-FA-10002017","CIG-VAR-478088","Cigarettes","Combustible","Value","Multi-pack","Combustible"
"OFF-FA-10002025","CIG-VAR-125159","Cigarettes","Combustible","Value","10-pack","Combustible"
"OFF-FA-10002045","CIG-VAR-570687","Cigarettes","Combustible","Premium","30-pack","Combustible"
"OFF-FA-10002047","CIG-VAR-425149","Cigarettes","Combustible","Core","30-pack","Combustible"
"OFF-FA-10002058","CIG-VAR-928148","Cigarettes","Combustible","Value","30-pack","Combustible"
"OFF-FA-10002061","CIG-VAR-410674","Cigarettes","Combustible","Core","20-pack","Combustible"
"OFF-FA-10002066","CIG-VAR-353542","Cigarettes","Combustible","Core","30-pack","Combustible"
"OFF-FA-10002071","CIG-VAR-935515","Cigarettes","Combustible","Core","10-pack","Combustible"
"OFF-FA-10002084","CIG-VAR-586561","Cigarettes","Combustible","Core","10-pack","Combustible"
"OFF-FA-10002085","CIG-VAR-126147","Cigarettes","Combustible","Premium","30-pack","Combustible"
"OFF-FA-10002100","CIG-VAR-950071","Cigarettes","Combustible","Core","30-pack","Combustible"
"OFF-FA-10002101","CIG-VAR-587981","Cigarettes","Combustible","Value","10-pack","Combustible"
"OFF-FA-10002120","CIG-VAR-866340","Cigarettes","Combustible","Premium","10-pack","Combustible"
"OFF-FA-10002156","CIG-VAR-620979","Cigarettes","Combustible","Premium","30-pack","Combustible"
"OFF-FA-10002163","CIG-VAR-888824","Cigarettes","Combustible","Value","30-pack","Combustible"
"OFF-FA-10002175","CIG-VAR-919121","Cigarettes","Combustible","Value","30-pack","Combustible"
"OFF-FA-10002177","CIG-VAR-763974","Cigarettes","Combustible","Premium","30-pack","Combustible"
"OFF-FA-10002226","CIG-VAR-230720","Cigarettes","Combustible","Value","10-pack","Combustible"
"OFF-FA-10002241","CIG-VAR-996818","Cigarettes","Combustible","Value","20-pack","Combustible"
"OFF-FA-10002247","CIG-VAR-985909","Cigarettes","Combustible","Core","10-pack","Combustible"
"OFF-FA-10002248","CIG-VAR-931232","Cigarettes","Combustible","Value","20-pack","Combustible"
"OFF-FA-10002264","CIG-VAR-801380","Cigarettes","Combustible","Value","10-pack","Combustible"
"OFF-FA-10002268","CIG-VAR-990045","Cigarettes","Combustible","Premium","Multi-pack","Combustible"
"OFF-FA-10002280","CIG-VAR-587461","Cigarettes","Combustible","Core","Multi-pack","Combustible"
"OFF-FA-10002286","CIG-VAR-018114","Cigarettes","Combustible","Premium","30-pack","Combustible"
"OFF-FA-10002308","CIG-VAR-329320","Cigarettes","Combustible","Core","30-pack","Combustible"
"OFF-FA-10002350","CIG-VAR-092279","Cigarettes","Combustible","Value","20-pack","Combustible"
"OFF-FA-10002353","CIG-VAR-600322","Cigarettes","Combustible","Core","Multi-pack","Combustible"
"OFF-FA-10002358","CIG-VAR-658560","Cigarettes","Combustible","Premium","Multi-pack","Combustible"
"OFF-FA-10002360","CIG-VAR-865699","Cigarettes","Combustible","Core","30-pack","Combustible"
"OFF-FA-10002388","CIG-VAR-559686","Cigarettes","Combustible","Premium","30-pack","Combustible"
"OFF-FA-10002393","CIG-VAR-759936","Cigarettes","Combustible","Premium","Multi-pack","Combustible"
"OFF-FA-10002427","CIG-VAR-846673","Cigarettes","Combustible","Core","10-pack","Combustible"
"OFF-FA-10002444","CIG-VAR-463132","Cigarettes","Combustible","Core","10-pack","Combustible"
"OFF-FA-10002453","CIG-VAR-752085","Cigarettes","Combustible","Premium","30-pack","Combustible"
"OFF-FA-10002459","CIG-VAR-374093","Cigarettes","Combustible","Value","10-pack","Combustible"
"OFF-FA-10002481","CIG-VAR-966465","Cigarettes","Combustible","Premium","Multi-pack","Combustible"
"OFF-FA-10002491","CIG-VAR-694424","Cigarettes","Combustible","Value","30-pack","Combustible"
"OFF-FA-10002506","CIG-VAR-250266","Cigarettes","Combustible","Premium","Multi-pack","Combustible"
"OFF-FA-10002526","CIG-VAR-858509","Cigarettes","Combustible","Value","20-pack","Combustible"
"OFF-FA-10002531","CIG-VAR-396719","Cigarettes","Combustible","Value","Multi-pack","Combustible"
"OFF-FA-10002539","CIG-VAR-106165","Cigarettes","Combustible","Core","20-pack","Combustible"
"OFF-FA-10002552","CIG-VAR-760174","Cigarettes","Combustible","Core","Multi-pack","Combustible"
"OFF-FA-10002569","CIG-VAR-663232","Cigarettes","Combustible","Core","10-pack","Combustible"
"OFF-FA-10002577","CIG-VAR-484801","Cigarettes","Combustible","Core","30-pack","Combustible"
"OFF-FA-10002597","CIG-VAR-644451","Cigarettes","Combustible","Premium","10-pack","Combustible"
"OFF-FA-10002600","CIG-VAR-146012","Cigarettes","Combustible","Value","Multi-pack","Combustible"
"OFF-FA-10002617","CIG-VAR-022802","Cigarettes","Combustible","Value","20-pack","Combustible"
"OFF-FA-10002619","CIG-VAR-504982","Cigarettes","Combustible","Core","30-pack","Combustible"
"OFF-FA-10002632","CIG-VAR-316441","Cigarettes","Combustible","Core","10-pack","Combustible"
"OFF-FA-10002635","CIG-VAR-350970","Cigarettes","Combustible","Premium","Multi-pack","Combustible"
"OFF-FA-10002636","CIG-VAR-785410","Cigarettes","Combustible","Core","20-pack","Combustible"
"OFF-FA-10002637","CIG-VAR-748349","Cigarettes","Combustible","Value","Multi-pack","Combustible"
"OFF-FA-10002639","CIG-VAR-677329","Cigarettes","Combustible","Core","10-pack","Combustible"
"OFF-FA-10002652","CIG-VAR-358971","Cigarettes","Combustible","Premium","30-pack","Combustible"
"OFF-FA-10002676","CIG-VAR-156454","Cigarettes","Combustible","Core","20-pack","Combustible"
"OFF-FA-10002683","CIG-VAR-749771","Cigarettes","Combustible","Value","20-pack","Combustible"
"OFF-FA-10002701","CIG-VAR-916650","Cigarettes","Combustible","Premium","30-pack","Combustible"
"OFF-FA-10002708","CIG-VAR-320666","Cigarettes","Combustible","Value","30-pack","Combustible"
"OFF-FA-10002715","CIG-VAR-305245","Cigarettes","Combustible","Core","30-pack","Combustible"
"OFF-FA-10002717","CIG-VAR-593018","Cigarettes","Combustible","Value","30-pack","Combustible"
"OFF-FA-10002719","CIG-VAR-840133","Cigarettes","Combustible","Core","20-pack","Combustible"
"OFF-FA-10002728","CIG-VAR-471174","Cigarettes","Combustible","Premium","10-pack","Combustible"
"OFF-FA-10002752","CIG-VAR-650657","Cigarettes","Combustible","Value","20-pack","Combustible"
"OFF-FA-10002759","CIG-VAR-903944","Cigarettes","Combustible","Value","20-pack","Combustible"
"OFF-FA-10002763","CIG-VAR-658193","Cigarettes","Combustible","Value","10-pack","Combustible"
"OFF-FA-10002780","CIG-VAR-783785","Cigarettes","Combustible","Value","10-pack","Combustible"
"OFF-FA-10002782","CIG-VAR-704182","Cigarettes","Combustible","Core","10-pack","Combustible"
"OFF-FA-10002790","CIG-VAR-954887","Cigarettes","Combustible","Value","20-pack","Combustible"
"OFF-FA-10002791","CIG-VAR-144223","Cigarettes","Combustible","Core","Multi-pack","Combustible"
"OFF-FA-10002803","CIG-VAR-102166","Cigarettes","Combustible","Core","Multi-pack","Combustible"
"OFF-FA-10002815","CIG-VAR-466604","Cigarettes","Combustible","Value","Multi-pack","Combustible"
"OFF-FA-10002831","CIG-VAR-828792","Cigarettes","Combustible","Premium","10-pack","Combustible"
"OFF-FA-10002835","CIG-VAR-319328","Cigarettes","Combustible","Value","20-pack","Combustible"
"OFF-FA-10002890","CIG-VAR-418967","Cigarettes","Combustible","Value","10-pack","Combustible"
"OFF-FA-10002895","CIG-VAR-268743","Cigarettes","Combustible","Premium","Multi-pack","Combustible"
"OFF-FA-10002900","CIG-VAR-642307","Cigarettes","Combustible","Core","30-pack","Combustible"
"OFF-FA-10002964","CIG-VAR-966605","Cigarettes","Combustible","Value","20-pack","Combustible"
"OFF-FA-10002965","CIG-VAR-202442","Cigarettes","Combustible","Value","Multi-pack","Combustible"
"OFF-FA-10002975","CIG-VAR-120740","Cigarettes","Combustible","Value","30-pack","Combustible"
"OFF-FA-10002983","CIG-VAR-368939","Cigarettes","Combustible","Value","10-pack","Combustible"
"OFF-FA-10002988","CIG-VAR-323337","Cigarettes","Combustible","Premium","10-pack","Combustible"
"OFF-FA-10002991","CIG-VAR-546257","Cigarettes","Combustible","Value","20-pack","Combustible"
"OFF-FA-10002992","CIG-VAR-998778","Cigarettes","Combustible","Premium","Multi-pack","Combustible"
"OFF-FA-10003004","CIG-VAR-561723","Cigarettes","Combustible","Premium","20-pack","Combustible"
"OFF-FA-10003007","CIG-VAR-009038","Cigarettes","Combustible","Value","Multi-pack","Combustible"
"OFF-FA-10003015","CIG-VAR-031997","Cigarettes","Combustible","Value","30-pack","Combustible"
"OFF-FA-10003020","CIG-VAR-748150","Cigarettes","Combustible","Core","30-pack","Combustible"
"OFF-FA-10003021","CIG-VAR-848202","Cigarettes","Combustible","Premium","10-pack","Combustible"
"OFF-FA-10003022","CIG-VAR-352270","Cigarettes","Combustible","Core","30-pack","Combustible"
"OFF-FA-10003034","CIG-VAR-497068","Cigarettes","Combustible","Core","30-pack","Combustible"
"OFF-FA-10003050","CIG-VAR-477453","Cigarettes","Combustible","Premium","20-pack","Combustible"
"OFF-FA-10003054","CIG-VAR-611526","Cigarettes","Combustible","Premium","10-pack","Combustible"
"OFF-FA-10003058","CIG-VAR-260110","Cigarettes","Combustible","Core","Multi-pack","Combustible"
"OFF-FA-10003059","CIG-VAR-065733","Cigarettes","Combustible","Premium","20-pack","Combustible"
"OFF-FA-10003112","CIG-VAR-464063","Cigarettes","Combustible","Value","30-pack","Combustible"
"OFF-FA-10003123","CIG-VAR-759113","Cigarettes","Combustible","Value","Multi-pack","Combustible"
"OFF-FA-10003139","CIG-VAR-770879","Cigarettes","Combustible","Value","10-pack","Combustible"
"OFF-FA-10003144","CIG-VAR-361537","Cigarettes","Combustible","Core","30-pack","Combustible"
"OFF-FA-10003161","CIG-VAR-666480","Cigarettes","Combustible","Premium","Multi-pack","Combustible"
"OFF-FA-10003186","CIG-VAR-352517","Cigarettes","Combustible","Value","30-pack","Combustible"
"OFF-FA-10003213","CIG-VAR-877868","Cigarettes","Combustible","Value","20-pack","Combustible"
"OFF-FA-10003218","CIG-VAR-331027","Cigarettes","Combustible","Core","20-pack","Combustible"
"OFF-FA-10003257","CIG-VAR-352350","Cigarettes","Combustible","Premium","10-pack","Combustible"
"OFF-FA-10003266","CIG-VAR-301339","Cigarettes","Combustible","Core","20-pack","Combustible"
"OFF-FA-10003318","CIG-VAR-161757","Cigarettes","Combustible","Premium","30-pack","Combustible"
"OFF-FA-10003332","CIG-VAR-251637","Cigarettes","Combustible","Premium","30-pack","Combustible"
"OFF-FA-10003378","CIG-VAR-989734","Cigarettes","Combustible","Core","10-pack","Combustible"
"OFF-FA-10003399","CIG-VAR-212504","Cigarettes","Combustible","Value","10-pack","Combustible"
"OFF-FA-10003411","CIG-VAR-175680","Cigarettes","Combustible","Premium","Multi-pack","Combustible"
"OFF-FA-10003415","CIG-VAR-316935","Cigarettes","Combustible","Premium","30-pack","Combustible"
"OFF-FA-10003429","CIG-VAR-247965","Cigarettes","Combustible","Premium","30-pack","Combustible"
"OFF-FA-10003437","CIG-VAR-346721","Cigarettes","Combustible","Value","10-pack","Combustible"
"OFF-FA-10003450","CIG-VAR-996365","Cigarettes","Combustible","Value","20-pack","Combustible"
"OFF-FA-10003462","CIG-VAR-566708","Cigarettes","Combustible","Value","30-pack","Combustible"
"OFF-FA-10003463","CIG-VAR-198869","Cigarettes","Combustible","Value","10-pack","Combustible"
"OFF-FA-10003464","CIG-VAR-755647","Cigarettes","Combustible","Core","Multi-pack","Combustible"
"OFF-FA-10003467","CIG-VAR-754342","Cigarettes","Combustible","Core","20-pack","Combustible"
"OFF-FA-10003472","CIG-VAR-937628","Cigarettes","Combustible","Value","Multi-pack","Combustible"
"OFF-FA-10003485","CIG-VAR-305491","Cigarettes","Combustible","Core","Multi-pack","Combustible"
"OFF-FA-10003495","CIG-VAR-799289","Cigarettes","Combustible","Value","30-pack","Combustible"
"OFF-FA-10003496","CIG-VAR-877539","Cigarettes","Combustible","Premium","10-pack","Combustible"
"OFF-FA-10003499","CIG-VAR-233510","Cigarettes","Combustible","Value","20-pack","Combustible"
"OFF-FA-10003505","CIG-VAR-504070","Cigarettes","Combustible","Core","10-pack","Combustible"
"OFF-FA-10003529","CIG-VAR-566732","Cigarettes","Combustible","Value","20-pack","Combustible"
"OFF-FA-10003530","CIG-VAR-697521","Cigarettes","Combustible","Premium","10-pack","Combustible"
"OFF-FA-10003531","CIG-VAR-432906","Cigarettes","Combustible","Premium","30-pack","Combustible"
"OFF-FA-10003542","CIG-VAR-455044","Cigarettes","Combustible","Core","Multi-pack","Combustible"
"OFF-FA-10003546","CIG-VAR-942374","Cigarettes","Combustible","Value","30-pack","Combustible"
"OFF-FA-10003587","CIG-VAR-974497","Cigarettes","Combustible","Core","10-pack","Combustible"
"OFF-FA-10003595","CIG-VAR-244465","Cigarettes","Combustible","Core","20-pack","Combustible"
"OFF-FA-10003596","CIG-VAR-801053","Cigarettes","Combustible","Value","Multi-pack","Combustible"
"OFF-FA-10003604","CIG-VAR-312632","Cigarettes","Combustible","Value","Multi-pack","Combustible"
"OFF-FA-10003605","CIG-VAR-257106","Cigarettes","Combustible","Premium","20-pack","Combustible"
"OFF-FA-10003615","CIG-VAR-138129","Cigarettes","Combustible","Premium","10-pack","Combustible"
"OFF-FA-10003626","CIG-VAR-321206","Cigarettes","Combustible","Value","20-pack","Combustible"
"OFF-FA-10003631","CIG-VAR-853565","Cigarettes","Combustible","Value","Multi-pack","Combustible"
"OFF-FA-10003638","CIG-VAR-876254","Cigarettes","Combustible","Value","Multi-pack","Combustible"
"OFF-FA-10003659","CIG-VAR-559889","Cigarettes","Combustible","Value","Multi-pack","Combustible"
"OFF-FA-10003668","CIG-VAR-189652","Cigarettes","Combustible","Core","30-pack","Combustible"
"OFF-FA-10003685","CIG-VAR-868858","Cigarettes","Combustible","Core","20-pack","Combustible"
"OFF-FA-10003703","CIG-VAR-474514","Cigarettes","Combustible","Core","Multi-pack","Combustible"
"OFF-FA-10003716","CIG-VAR-984070","Cigarettes","Combustible","Core","20-pack","Combustible"
"OFF-FA-10003717","CIG-VAR-485379","Cigarettes","Combustible","Premium","Multi-pack","Combustible"
"OFF-FA-10003727","CIG-VAR-457043","Cigarettes","Combustible","Value","10-pack","Combustible"
"OFF-FA-10003730","CIG-VAR-876191","Cigarettes","Combustible","Value","30-pack","Combustible"
"OFF-FA-10003734","CIG-VAR-783481","Cigarettes","Combustible","Core","Multi-pack","Combustible"
"OFF-FA-10003744","CIG-VAR-700484","Cigarettes","Combustible","Value","10-pack","Combustible"
"OFF-FA-10003745","CIG-VAR-395896","Cigarettes","Combustible","Core","30-pack","Combustible"
"OFF-FA-10003749","CIG-VAR-891343","Cigarettes","Combustible","Core","20-pack","Combustible"
"OFF-FA-10003779","CIG-VAR-924273","Cigarettes","Combustible","Premium","30-pack","Combustible"
"OFF-FA-10003782","CIG-VAR-932516","Cigarettes","Combustible","Value","20-pack","Combustible"
"OFF-FA-10003789","CIG-VAR-057746","Cigarettes","Combustible","Value","20-pack","Combustible"
"OFF-FA-10003797","CIG-VAR-552015","Cigarettes","Combustible","Premium","Multi-pack","Combustible"
"OFF-FA-10003799","CIG-VAR-775503","Cigarettes","Combustible","Premium","10-pack","Combustible"
"OFF-FA-10003815","CIG-VAR-560632","Cigarettes","Combustible","Core","30-pack","Combustible"
"OFF-FA-10003816","CIG-VAR-966455","Cigarettes","Combustible","Value","10-pack","Combustible"
"OFF-FA-10003817","CIG-VAR-437563","Cigarettes","Combustible","Core","30-pack","Combustible"
"OFF-FA-10003818","CIG-VAR-945599","Cigarettes","Combustible","Value","Multi-pack","Combustible"
"OFF-FA-10003819","CIG-VAR-512580","Cigarettes","Combustible","Premium","20-pack","Combustible"
"OFF-FA-10003833","CIG-VAR-291438","Cigarettes","Combustible","Premium","20-pack","Combustible"
"OFF-FA-10003836","CIG-VAR-362728","Cigarettes","Combustible","Core","30-pack","Combustible"
"OFF-FA-10003838","CIG-VAR-432823","Cigarettes","Combustible","Core","20-pack","Combustible"
"OFF-FA-10003850","CIG-VAR-494527","Cigarettes","Combustible","Core","20-pack","Combustible"
"OFF-FA-10003879","CIG-VAR-934401","Cigarettes","Combustible","Premium","Multi-pack","Combustible"
"OFF-FA-10003885","CIG-VAR-318947","Cigarettes","Combustible","Value","Multi-pack","Combustible"
"OFF-FA-10003891","CIG-VAR-679377","Cigarettes","Combustible","Premium","Multi-pack","Combustible"
"OFF-FA-10003892","CIG-VAR-071000","Cigarettes","Combustible","Value","20-pack","Combustible"
"OFF-FA-10003893","CIG-VAR-840249","Cigarettes","Combustible","Premium","Multi-pack","Combustible"
"OFF-FA-10003897","CIG-VAR-600924","Cigarettes","Combustible","Premium","30-pack","Combustible"
"OFF-FA-10003911","CIG-VAR-481023","Cigarettes","Combustible","Premium","10-pack","Combustible"
"OFF-FA-10003929","CIG-VAR-426919","Cigarettes","Combustible","Core","20-pack","Combustible"
"OFF-FA-10003930","CIG-VAR-888900","Cigarettes","Combustible","Premium","10-pack","Combustible"
"OFF-FA-10003931","CIG-VAR-924806","Cigarettes","Combustible","Value","30-pack","Combustible"
"OFF-FA-10003954","CIG-VAR-427027","Cigarettes","Combustible","Core","Multi-pack","Combustible"
"OFF-FA-10003961","CIG-VAR-029520","Cigarettes","Combustible","Premium","Multi-pack","Combustible"
"OFF-FA-10003962","CIG-VAR-368972","Cigarettes","Combustible","Value","20-pack","Combustible"
"OFF-FA-10003977","CIG-VAR-216449","Cigarettes","Combustible","Value","Multi-pack","Combustible"
"OFF-FA-10003980","CIG-VAR-469156","Cigarettes","Combustible","Core","Multi-pack","Combustible"
"OFF-FA-10003985","CIG-VAR-792864","Cigarettes","Combustible","Premium","10-pack","Combustible"
"OFF-FA-10003990","CIG-VAR-249433","Cigarettes","Combustible","Core","30-pack","Combustible"
"OFF-FA-10003991","CIG-VAR-977638","Cigarettes","Combustible","Core","10-pack","Combustible"
"OFF-FA-10003994","CIG-VAR-578359","Cigarettes","Combustible","Core","Multi-pack","Combustible"
"OFF-FA-10004027","CIG-VAR-450325","Cigarettes","Combustible","Core","10-pack","Combustible"
"OFF-FA-10004067","CIG-VAR-332187","Cigarettes","Combustible","Premium","10-pack","Combustible"
"OFF-FA-10004076","CIG-VAR-950150","Cigarettes","Combustible","Value","Multi-pack","Combustible"
"OFF-FA-10004108","CIG-VAR-234499","Cigarettes","Combustible","Core","10-pack","Combustible"
"OFF-FA-10004112","CIG-VAR-523912","Cigarettes","Combustible","Core","Multi-pack","Combustible"
"OFF-FA-10004139","CIG-VAR-699633","Cigarettes","Combustible","Premium","20-pack","Combustible"
"OFF-FA-10004140","CIG-VAR-680672","Cigarettes","Combustible","Value","30-pack","Combustible"
"OFF-FA-10004156","CIG-VAR-255456","Cigarettes","Combustible","Premium","30-pack","Combustible"
"OFF-FA-10004171","CIG-VAR-060116","Cigarettes","Combustible","Value","Multi-pack","Combustible"
"OFF-FA-10004175","CIG-VAR-078683","Cigarettes","Combustible","Value","30-pack","Combustible"
"OFF-FA-10004186","CIG-VAR-925336","Cigarettes","Combustible","Core","Multi-pack","Combustible"
"OFF-FA-10004206","CIG-VAR-038166","Cigarettes","Combustible","Premium","30-pack","Combustible"
"OFF-FA-10004233","CIG-VAR-528151","Cigarettes","Combustible","Core","30-pack","Combustible"
"OFF-FA-10004239","CIG-VAR-600194","Cigarettes","Combustible","Value","10-pack","Combustible"
"OFF-FA-10004243","CIG-VAR-830019","Cigarettes","Combustible","Premium","20-pack","Combustible"
"OFF-FA-10004248","CIG-VAR-929361","Cigarettes","Combustible","Premium","20-pack","Combustible"
"OFF-FA-10004257","CIG-VAR-458722","Cigarettes","Combustible","Core","20-pack","Combustible"
"OFF-FA-10004258","CIG-VAR-433168","Cigarettes","Combustible","Core","10-pack","Combustible"
"OFF-FA-10004265","CIG-VAR-227609","Cigarettes","Combustible","Value","30-pack","Combustible"
"OFF-FA-10004269","CIG-VAR-165603","Cigarettes","Combustible","Premium","20-pack","Combustible"
"OFF-FA-10004298","CIG-VAR-627131","Cigarettes","Combustible","Value","10-pack","Combustible"
"OFF-FA-10004310","CIG-VAR-206028","Cigarettes","Combustible","Premium","20-pack","Combustible"
"OFF-FA-10004339","CIG-VAR-323966","Cigarettes","Combustible","Value","Multi-pack","Combustible"
"OFF-FA-10004344","CIG-VAR-408430","Cigarettes","Combustible","Core","20-pack","Combustible"
"OFF-FA-10004359","CIG-VAR-904508","Cigarettes","Combustible","Value","20-pack","Combustible"
"OFF-FA-10004362","CIG-VAR-685501","Cigarettes","Combustible","Core","30-pack","Combustible"
"OFF-FA-10004374","CIG-VAR-464895","Cigarettes","Combustible","Premium","30-pack","Combustible"
"OFF-FA-10004377","CIG-VAR-077422","Cigarettes","Combustible","Core","10-pack","Combustible"
"OFF-FA-10004395","CIG-VAR-726345","Cigarettes","Combustible","Premium","30-pack","Combustible"
"OFF-FA-10004398","CIG-VAR-148166","Cigarettes","Combustible","Value","Multi-pack","Combustible"
"OFF-FA-10004401","CIG-VAR-395077","Cigarettes","Combustible","Core","Multi-pack","Combustible"
"OFF-FA-10004410","CIG-VAR-094623","Cigarettes","Combustible","Premium","10-pack","Combustible"
"OFF-FA-10004424","CIG-VAR-729762","Cigarettes","Combustible","Premium","30-pack","Combustible"
"OFF-FA-10004447","CIG-VAR-155785","Cigarettes","Combustible","Core","30-pack","Combustible"
"OFF-FA-10004449","CIG-VAR-975922","Cigarettes","Combustible","Core","20-pack","Combustible"
"OFF-FA-10004474","CIG-VAR-144442","Cigarettes","Combustible","Core","Multi-pack","Combustible"
"OFF-FA-10004494","CIG-VAR-011801","Cigarettes","Combustible","Value","20-pack","Combustible"
"OFF-FA-10004503","CIG-VAR-299611","Cigarettes","Combustible","Core","10-pack","Combustible"
"OFF-FA-10004516","CIG-VAR-892613","Cigarettes","Combustible","Value","30-pack","Combustible"
"OFF-FA-10004523","CIG-VAR-794667","Cigarettes","Combustible","Premium","30-pack","Combustible"
"OFF-FA-10004527","CIG-VAR-176219","Cigarettes","Combustible","Value","Multi-pack","Combustible"
"OFF-FA-10004533","CIG-VAR-675308","Cigarettes","Combustible","Value","Multi-pack","Combustible"
"OFF-FA-10004545","CIG-VAR-457047","Cigarettes","Combustible","Premium","20-pack","Combustible"
"OFF-FA-10004563","CIG-VAR-393078","Cigarettes","Combustible","Premium","30-pack","Combustible"
"OFF-FA-10004586","CIG-VAR-326192","Cigarettes","Combustible","Value","Multi-pack","Combustible"
"OFF-FA-10004587","CIG-VAR-417804","Cigarettes","Combustible","Premium","20-pack","Combustible"
"OFF-FA-10004605","CIG-VAR-361186","Cigarettes","Combustible","Core","10-pack","Combustible"
"OFF-FA-10004606","CIG-VAR-231307","Cigarettes","Combustible","Core","30-pack","Combustible"
"OFF-FA-10004626","CIG-VAR-393336","Cigarettes","Combustible","Premium","10-pack","Combustible"
"OFF-FA-10004637","CIG-VAR-159706","Cigarettes","Combustible","Core","Multi-pack","Combustible"
"OFF-FA-10004649","CIG-VAR-784038","Cigarettes","Combustible","Premium","Multi-pack","Combustible"
"OFF-FA-10004657","CIG-VAR-825978","Cigarettes","Combustible","Premium","20-pack","Combustible"
"OFF-FA-10004659","CIG-VAR-380925","Cigarettes","Combustible","Premium","30-pack","Combustible"
"OFF-FA-10004664","CIG-VAR-358622","Cigarettes","Combustible","Value","10-pack","Combustible"
"OFF-FA-10004665","CIG-VAR-079333","Cigarettes","Combustible","Core","30-pack","Combustible"
"OFF-FA-10004684","CIG-VAR-306162","Cigarettes","Combustible","Premium","30-pack","Combustible"
"OFF-FA-10004687","CIG-VAR-338185","Cigarettes","Combustible","Core","10-pack","Combustible"
"OFF-FA-10004698","CIG-VAR-728196","Cigarettes","Combustible","Premium","10-pack","Combustible"
"OFF-FA-10004705","CIG-VAR-062901","Cigarettes","Combustible","Premium","Multi-pack","Combustible"
"OFF-FA-10004709","CIG-VAR-091738","Cigarettes","Combustible","Core","10-pack","Combustible"
"OFF-FA-10004734","CIG-VAR-592288","Cigarettes","Combustible","Core","30-pack","Combustible"
"OFF-FA-10004739","CIG-VAR-642302","Cigarettes","Combustible","Value","Multi-pack","Combustible"
"OFF-FA-10004754","CIG-VAR-704934","Cigarettes","Combustible","Premium","10-pack","Combustible"
"OFF-FA-10004775","CIG-VAR-536173","Cigarettes","Combustible","Core","10-pack","Combustible"
"OFF-FA-10004781","CIG-VAR-176989","Cigarettes","Combustible","Core","30-pack","Combustible"
"OFF-FA-10004792","CIG-VAR-850696","Cigarettes","Combustible","Core","20-pack","Combustible"
"OFF-FA-10004795","CIG-VAR-621607","Cigarettes","Combustible","Core","30-pack","Combustible"
"OFF-FA-10004799","CIG-VAR-615181","Cigarettes","Combustible","Core","20-pack","Combustible"
"OFF-FA-10004813","CIG-VAR-070391","Cigarettes","Combustible","Value","30-pack","Combustible"
"OFF-FA-10004824","CIG-VAR-610493","Cigarettes","Combustible","Value","30-pack","Combustible"
"OFF-FA-10004838","CIG-VAR-809508","Cigarettes","Combustible","Premium","10-pack","Combustible"
"OFF-FA-10004839","CIG-VAR-659939","Cigarettes","Combustible","Value","30-pack","Combustible"
"OFF-FA-10004854","CIG-VAR-756314","Cigarettes","Combustible","Value","20-pack","Combustible"
"OFF-FA-10004878","CIG-VAR-659061","Cigarettes","Combustible","Premium","10-pack","Combustible"
"OFF-FA-10004880","CIG-VAR-576453","Cigarettes","Combustible","Premium","20-pack","Combustible"
"OFF-FA-10004899","CIG-VAR-251682","Cigarettes","Combustible","Premium","10-pack","Combustible"
"OFF-FA-10004910","CIG-VAR-895552","Cigarettes","Combustible","Core","Multi-pack","Combustible"
"OFF-FA-10004920","CIG-VAR-112374","Cigarettes","Combustible","Premium","10-pack","Combustible"
"OFF-FA-10004924","CIG-VAR-297333","Cigarettes","Combustible","Premium","20-pack","Combustible"
"OFF-FA-10004931","CIG-VAR-692079","Cigarettes","Combustible","Premium","Multi-pack","Combustible"
"OFF-FA-10004942","CIG-VAR-074255","Cigarettes","Combustible","Value","30-pack","Combustible"
"OFF-FA-10004946","CIG-VAR-446677","Cigarettes","Combustible","Core","Multi-pack","Combustible"
"OFF-FA-10004968","CIG-VAR-550491","Cigarettes","Combustible","Premium","30-pack","Combustible"
"OFF-FA-10004993","CIG-VAR-820711","Cigarettes","Combustible","Core","20-pack","Combustible"
"OFF-FA-10004997","CIG-VAR-937523","Cigarettes","Combustible","Value","10-pack","Combustible"
"OFF-FEL-10000070","CIG-VAR-261184","Cigarettes","Combustible","Core","30-pack","Combustible"
"OFF-FEL-10000998","CIG-VAR-902225","Cigarettes","Combustible","Value","20-pack","Combustible"
"OFF-FEL-10001261","CIG-VAR-011180","Cigarettes","Combustible","Value","30-pack","Combustible"
"OFF-FEL-10001343","CIG-VAR-373253","Cigarettes","Combustible","Value","Multi-pack","Combustible"
"OFF-FEL-10001405","CIG-VAR-436042","Cigarettes","Combustible","Core","Multi-pack","Combustible"
"OFF-FEL-10001541","CIG-VAR-773381","Cigarettes","Combustible","Value","20-pack","Combustible"
"OFF-FEL-10001630","CIG-VAR-007190","Cigarettes","Combustible","Value","20-pack","Combustible"
"OFF-FEL-10001776","CIG-VAR-679977","Cigarettes","Combustible","Premium","Multi-pack","Combustible"
"OFF-FEL-10001792","CIG-VAR-254346","Cigarettes","Combustible","Premium","10-pack","Combustible"
"OFF-FEL-10001796","CIG-VAR-594543","Cigarettes","Combustible","Premium","20-pack","Combustible"
"OFF-FEL-10001865","CIG-VAR-998594","Cigarettes","Combustible","Value","20-pack","Combustible"
"OFF-FEL-10002158","CIG-VAR-151407","Cigarettes","Combustible","Premium","30-pack","Combustible"
"OFF-FEL-10002399","CIG-VAR-184769","Cigarettes","Combustible","Value","30-pack","Combustible"
"OFF-FEL-10002658","CIG-VAR-267420","Cigarettes","Combustible","Premium","Multi-pack","Combustible"
"OFF-FEL-10002837","CIG-VAR-706456","Cigarettes","Combustible","Core","30-pack","Combustible"
"OFF-FEL-10002867","CIG-VAR-248862","Cigarettes","Combustible","Premium","Multi-pack","Combustible"
"OFF-FEL-10002897","CIG-VAR-543313","Cigarettes","Combustible","Core","10-pack","Combustible"
"OFF-FEL-10003785","CIG-VAR-371505","Cigarettes","Combustible","Premium","20-pack","Combustible"
"OFF-FEL-10003848","CIG-VAR-718050","Cigarettes","Combustible","Premium","20-pack","Combustible"
"OFF-FEL-10004016","CIG-VAR-030796","Cigarettes","Combustible","Core","30-pack","Combustible"
"OFF-FEL-10004117","CIG-VAR-878509","Cigarettes","Combustible","Core","Multi-pack","Combustible"
"OFF-FEL-10004224","CIG-VAR-876184","Cigarettes","Combustible","Core","Multi-pack","Combustible"
"OFF-FEL-10004665","CIG-VAR-086089","Cigarettes","Combustible","Core","20-pack","Combustible"
"OFF-FEL-10004974","CIG-VAR-053780","Cigarettes","Combustible","Value","Multi-pack","Combustible"
"OFF-FIS-10000063","CIG-VAR-953393","Cigarettes","Combustible","Value","Multi-pack","Combustible"
"OFF-FIS-10000628","CIG-VAR-831821","Cigarettes","Combustible","Value","20-pack","Combustible"
"OFF-FIS-10000670","CIG-VAR-394193","Cigarettes","Combustible","Value","30-pack","Combustible"
"OFF-FIS-10001399","CIG-VAR-821222","Cigarettes","Combustible","Value","30-pack","Combustible"
"OFF-FIS-10001549","CIG-VAR-833384","Cigarettes","Combustible","Value","20-pack","Combustible"
"OFF-FIS-10001591","CIG-VAR-765907","Cigarettes","Combustible","Core","30-pack","Combustible"
"OFF-FIS-10001797","CIG-VAR-992919","Cigarettes","Combustible","Premium","20-pack","Combustible"
"OFF-FIS-10002661","CIG-VAR-532127","Cigarettes","Combustible","Value","30-pack","Combustible"
"OFF-FIS-10002703","CIG-VAR-924885","Cigarettes","Combustible","Premium","Multi-pack","Combustible"
"OFF-FIS-10002759","CIG-VAR-560368","Cigarettes","Combustible","Core","10-pack","Combustible"
"OFF-FIS-10002784","CIG-VAR-875582","Cigarettes","Combustible","Value","10-pack","Combustible"
"OFF-FIS-10002924","CIG-VAR-823528","Cigarettes","Combustible","Core","10-pack","Combustible"
"OFF-FIS-10002949","CIG-VAR-872200","Cigarettes","Combustible","Core","Multi-pack","Combustible"
"OFF-FIS-10003234","CIG-VAR-139865","Cigarettes","Combustible","Value","20-pack","Combustible"
"OFF-FIS-10003463","CIG-VAR-409867","Cigarettes","Combustible","Core","20-pack","Combustible"
"OFF-FIS-10004067","CIG-VAR-961865","Cigarettes","Combustible","Value","20-pack","Combustible"
"OFF-FIS-10004155","CIG-VAR-701979","Cigarettes","Combustible","Premium","20-pack","Combustible"
"OFF-FIS-10004183","CIG-VAR-602369","Cigarettes","Combustible","Value","20-pack","Combustible"
"OFF-FIS-10004721","CIG-VAR-860988","Cigarettes","Combustible","Premium","20-pack","Combustible"
"OFF-FIS-10004787","CIG-VAR-372839","Cigarettes","Combustible","Value","30-pack","Combustible"
"OFF-FIS-10004882","CIG-VAR-359317","Cigarettes","Combustible","Core","10-pack","Combustible"
"OFF-FIS-10004915","CIG-VAR-711046","Cigarettes","Combustible","Core","20-pack","Combustible"
"OFF-GLO-10000014","CIG-VAR-953197","Cigarettes","Combustible","Core","10-pack","Combustible"
"OFF-GLO-10000016","CIG-VAR-528923","Cigarettes","Combustible","Value","10-pack","Combustible"
"OFF-GLO-10000201","CIG-VAR-714101","Cigarettes","Combustible","Value","10-pack","Combustible"
"OFF-GLO-10000485","CIG-VAR-536194","Cigarettes","Combustible","Core","Multi-pack","Combustible"
"OFF-GLO-10000491","CIG-VAR-808142","Cigarettes","Combustible","Value","Multi-pack","Combustible"
"OFF-GLO-10000617","CIG-VAR-788578","Cigarettes","Combustible","Core","10-pack","Combustible"
"OFF-GLO-10000813","CIG-VAR-383420","Cigarettes","Combustible","Value","Multi-pack","Combustible"
"OFF-GLO-10001127","CIG-VAR-107645","Cigarettes","Combustible","Value","Multi-pack","Combustible"
"OFF-GLO-10001233","CIG-VAR-162620","Cigarettes","Combustible","Value","30-pack","Combustible"
"OFF-GLO-10001348","CIG-VAR-902609","Cigarettes","Combustible","Value","30-pack","Combustible"
"OFF-GLO-10001567","CIG-VAR-472262","Cigarettes","Combustible","Value","Multi-pack","Combustible"
"OFF-GLO-10001688","CIG-VAR-128708","Cigarettes","Combustible","Value","20-pack","Combustible"
"OFF-GLO-10002315","CIG-VAR-207835","Cigarettes","Combustible","Core","10-pack","Combustible"
"OFF-GLO-10002982","CIG-VAR-958631","Cigarettes","Combustible","Value","10-pack","Combustible"
"OFF-GLO-10003429","CIG-VAR-782949","Cigarettes","Combustible","Premium","10-pack","Combustible"
"OFF-GLO-10003463","CIG-VAR-090556","Cigarettes","Combustible","Core","30-pack","Combustible"
"OFF-GLO-10003496","CIG-VAR-816597","Cigarettes","Combustible","Premium","30-pack","Combustible"
"OFF-GLO-10003639","CIG-VAR-973015","Cigarettes","Combustible","Core","Multi-pack","Combustible"
"OFF-GLO-10003650","CIG-VAR-513474","Cigarettes","Combustible","Premium","20-pack","Combustible"
"OFF-GLO-10004123","CIG-VAR-138154","Cigarettes","Combustible","Core","10-pack","Combustible"
"OFF-GLO-10004160","CIG-VAR-345219","Cigarettes","Combustible","Premium","30-pack","Combustible"
"OFF-GLO-10004223","CIG-VAR-467528","Cigarettes","Combustible","Value","20-pack","Combustible"
"OFF-GLO-10004430","CIG-VAR-560604","Cigarettes","Combustible","Premium","10-pack","Combustible"
"OFF-GLO-10004610","CIG-VAR-578410","Cigarettes","Combustible","Core","10-pack","Combustible"
"OFF-GRE-10000216","CIG-VAR-111120","Cigarettes","Combustible","Premium","30-pack","Combustible"
"OFF-GRE-10000320","CIG-VAR-313568","Cigarettes","Combustible","Value","Multi-pack","Combustible"
"OFF-GRE-10000328","CIG-VAR-093622","Cigarettes","Combustible","Core","20-pack","Combustible"
"OFF-GRE-10000492","CIG-VAR-713324","Cigarettes","Combustible","Value","20-pack","Combustible"
"OFF-GRE-10001059","CIG-VAR-211750","Cigarettes","Combustible","Core","10-pack","Combustible"
"OFF-GRE-10001084","CIG-VAR-251675","Cigarettes","Combustible","Value","10-pack","Combustible"
"OFF-GRE-10001521","CIG-VAR-509582","Cigarettes","Combustible","Value","30-pack","Combustible"
"OFF-GRE-10001774","CIG-VAR-237520","Cigarettes","Combustible","Core","30-pack","Combustible"
"OFF-GRE-10001814","CIG-VAR-139162","Cigarettes","Combustible","Core","20-pack","Combustible"
"OFF-GRE-10002109","CIG-VAR-125305","Cigarettes","Combustible","Core","10-pack","Combustible"
"OFF-GRE-10002510","CIG-VAR-855476","Cigarettes","Combustible","Value","20-pack","Combustible"
"OFF-GRE-10002555","CIG-VAR-663972","Cigarettes","Combustible","Premium","30-pack","Combustible"
"OFF-GRE-10002561","CIG-VAR-052678","Cigarettes","Combustible","Core","10-pack","Combustible"
"OFF-GRE-10002738","CIG-VAR-852664","Cigarettes","Combustible","Core","Multi-pack","Combustible"
"OFF-GRE-10003213","CIG-VAR-431647","Cigarettes","Combustible","Core","Multi-pack","Combustible"
"OFF-GRE-10003316","CIG-VAR-225383","Cigarettes","Combustible","Value","Multi-pack","Combustible"
"OFF-GRE-10003334","CIG-VAR-184284","Cigarettes","Combustible","Premium","20-pack","Combustible"
"OFF-GRE-10003899","CIG-VAR-651661","Cigarettes","Combustible","Core","Multi-pack","Combustible"
"OFF-GRE-10003943","CIG-VAR-187259","Cigarettes","Combustible","Value","Multi-pack","Combustible"
"OFF-GRE-10004054","CIG-VAR-691559","Cigarettes","Combustible","Value","Multi-pack","Combustible"
"OFF-GRE-10004359","CIG-VAR-082167","Cigarettes","Combustible","Premium","Multi-pack","Combustible"
"OFF-GRE-10004604","CIG-VAR-014737","Cigarettes","Combustible","Core","10-pack","Combustible"
"OFF-GRE-10004796","CIG-VAR-313823","Cigarettes","Combustible","Value","30-pack","Combustible"
"OFF-HAM-10000312","CIG-VAR-962326","Cigarettes","Combustible","Core","Multi-pack","Combustible"
"OFF-HAM-10000430","CIG-VAR-578827","Cigarettes","Combustible","Core","10-pack","Combustible"
"OFF-HAM-10000822","CIG-VAR-878916","Cigarettes","Combustible","Premium","20-pack","Combustible"
"OFF-HAM-10000983","CIG-VAR-548811","Cigarettes","Combustible","Premium","30-pack","Combustible"
"OFF-HAM-10001107","CIG-VAR-353918","Cigarettes","Combustible","Value","30-pack","Combustible"
"OFF-HAM-10001302","CIG-VAR-360449","Cigarettes","Combustible","Value","Multi-pack","Combustible"
"OFF-HAM-10001387","CIG-VAR-737611","Cigarettes","Combustible","Core","10-pack","Combustible"
"OFF-HAM-10001621","CIG-VAR-642467","Cigarettes","Combustible","Value","10-pack","Combustible"
"OFF-HAM-10001712","CIG-VAR-176986","Cigarettes","Combustible","Core","30-pack","Combustible"
"OFF-HAM-10002455","CIG-VAR-619562","Cigarettes","Combustible","Value","30-pack","Combustible"
"OFF-HAM-10002778","CIG-VAR-184016","Cigarettes","Combustible","Value","10-pack","Combustible"
"OFF-HAM-10003040","CIG-VAR-752478","Cigarettes","Combustible","Premium","20-pack","Combustible"
"OFF-HAM-10003368","CIG-VAR-216890","Cigarettes","Combustible","Value","10-pack","Combustible"
"OFF-HAM-10003628","CIG-VAR-345133","Cigarettes","Combustible","Core","Multi-pack","Combustible"
"OFF-HAM-10003663","CIG-VAR-163358","Cigarettes","Combustible","Value","Multi-pack","Combustible"
"OFF-HAM-10003872","CIG-VAR-128993","Cigarettes","Combustible","Value","30-pack","Combustible"
"OFF-HAM-10003992","CIG-VAR-601875","Cigarettes","Combustible","Premium","Multi-pack","Combustible"
"OFF-HAM-10004122","CIG-VAR-671444","Cigarettes","Combustible","Value","20-pack","Combustible"
"OFF-HAM-10004471","CIG-VAR-364580","Cigarettes","Combustible","Value","20-pack","Combustible"
"OFF-HAM-10004674","CIG-VAR-389084","Cigarettes","Combustible","Value","10-pack","Combustible"
"OFF-HAM-10004805","CIG-VAR-554508","Cigarettes","Combustible","Premium","Multi-pack","Combustible"
"OFF-HAM-10004896","CIG-VAR-296564","Cigarettes","Combustible","Value","10-pack","Combustible"
"OFF-HAM-10004917","CIG-VAR-269330","Cigarettes","Combustible","Value","20-pack","Combustible"
"OFF-HAR-10000187","CIG-VAR-504266","Cigarettes","Combustible","Value","30-pack","Combustible"
"OFF-HAR-10000242","CIG-VAR-722144","Cigarettes","Combustible","Value","10-pack","Combustible"
"OFF-HAR-10000414","CIG-VAR-686530","Cigarettes","Combustible","Core","30-pack","Combustible"
"OFF-HAR-10000495","CIG-VAR-880785","Cigarettes","Combustible","Premium","10-pack","Combustible"
"OFF-HAR-10000501","CIG-VAR-733762","Cigarettes","Combustible","Core","Multi-pack","Combustible"
"OFF-HAR-10000681","CIG-VAR-018645","Cigarettes","Combustible","Premium","30-pack","Combustible"
"OFF-HAR-10001262","CIG-VAR-903416","Cigarettes","Combustible","Value","Multi-pack","Combustible"
"OFF-HAR-10001310","CIG-VAR-020583","Cigarettes","Combustible","Premium","Multi-pack","Combustible"
"OFF-HAR-10001531","CIG-VAR-490393","Cigarettes","Combustible","Core","20-pack","Combustible"
"OFF-HAR-10001714","CIG-VAR-546344","Cigarettes","Combustible","Value","30-pack","Combustible"
"OFF-HAR-10001855","CIG-VAR-598598","Cigarettes","Combustible","Value","20-pack","Combustible"
"OFF-HAR-10001913","CIG-VAR-361240","Cigarettes","Combustible","Core","Multi-pack","Combustible"
"OFF-HAR-10001948","CIG-VAR-592339","Cigarettes","Combustible","Core","30-pack","Combustible"
"OFF-HAR-10002083","CIG-VAR-079353","Cigarettes","Combustible","Premium","Multi-pack","Combustible"
"OFF-HAR-10002479","CIG-VAR-163203","Cigarettes","Combustible","Premium","30-pack","Combustible"
"OFF-HAR-10002914","CIG-VAR-421393","Cigarettes","Combustible","Core","30-pack","Combustible"
"OFF-HAR-10003043","CIG-VAR-086208","Cigarettes","Combustible","Premium","30-pack","Combustible"
"OFF-HAR-10003514","CIG-VAR-437765","Cigarettes","Combustible","Value","Multi-pack","Combustible"
"OFF-HAR-10003580","CIG-VAR-174872","Cigarettes","Combustible","Value","Multi-pack","Combustible"
"OFF-HAR-10003659","CIG-VAR-972222","Cigarettes","Combustible","Premium","Multi-pack","Combustible"
"OFF-HAR-10004011","CIG-VAR-354705","Cigarettes","Combustible","Premium","30-pack","Combustible"
"OFF-HAR-10004099","CIG-VAR-816880","Cigarettes","Combustible","Core","10-pack","Combustible"
"OFF-HAR-10004816","CIG-VAR-236120","Cigarettes","Combustible","Value","20-pack","Combustible"
"OFF-HAR-10004896","CIG-VAR-902689","Cigarettes","Combustible","Core","20-pack","Combustible"
"OFF-HON-10000137","CIG-VAR-893250","Cigarettes","Combustible","Premium","20-pack","Combustible"
"OFF-HON-10000172","CIG-VAR-951419","Cigarettes","Combustible","Value","30-pack","Combustible"
"OFF-HON-10000278","CIG-VAR-408021","Cigarettes","Combustible","Premium","20-pack","Combustible"
"OFF-HON-10000934","CIG-VAR-490562","Cigarettes","Combustible","Value","Multi-pack","Combustible"
"OFF-HON-10000966","CIG-VAR-048431","Cigarettes","Combustible","Value","30-pack","Combustible"
"OFF-HON-10001102","CIG-VAR-668638","Cigarettes","Combustible","Core","10-pack","Combustible"
"OFF-HON-10001132","CIG-VAR-545868","Cigarettes","Combustible","Premium","Multi-pack","Combustible"
"OFF-HON-10001204","CIG-VAR-750286","Cigarettes","Combustible","Core","10-pack","Combustible"
"OFF-HON-10001508","CIG-VAR-586730","Cigarettes","Combustible","Value","30-pack","Combustible"
"OFF-HON-10001706","CIG-VAR-621944","Cigarettes","Combustible","Value","Multi-pack","Combustible"
"OFF-HON-10001723","CIG-VAR-967728","Cigarettes","Combustible","Premium","30-pack","Combustible"
"OFF-HON-10001783","CIG-VAR-380275","Cigarettes","Combustible","Core","10-pack","Combustible"
"OFF-HON-10002389","CIG-VAR-080846","Cigarettes","Combustible","Value","10-pack","Combustible"
"OFF-HON-10002456","CIG-VAR-821897","Cigarettes","Combustible","Value","20-pack","Combustible"
"OFF-HON-10002610","CIG-VAR-908312","Cigarettes","Combustible","Value","30-pack","Combustible"
"OFF-HON-10003010","CIG-VAR-436745","Cigarettes","Combustible","Value","20-pack","Combustible"
"OFF-HON-10003230","CIG-VAR-116983","Cigarettes","Combustible","Core","20-pack","Combustible"
"OFF-HON-10003538","CIG-VAR-015694","Cigarettes","Combustible","Core","30-pack","Combustible"
"OFF-HON-10003921","CIG-VAR-981607","Cigarettes","Combustible","Core","Multi-pack","Combustible"
"OFF-HON-10004014","CIG-VAR-197174","Cigarettes","Combustible","Value","20-pack","Combustible"
"OFF-HON-10004621","CIG-VAR-055640","Cigarettes","Combustible","Value","Multi-pack","Combustible"
"OFF-HON-10004698","CIG-VAR-781379","Cigarettes","Combustible","Value","10-pack","Combustible"
"OFF-HON-10004800","CIG-VAR-207312","Cigarettes","Combustible","Premium","20-pack","Combustible"
"OFF-HON-10004825","CIG-VAR-659475","Cigarettes","Combustible","Premium","10-pack","Combustible"
"OFF-HOO-10000318","CIG-VAR-046950","Cigarettes","Combustible","Premium","30-pack","Combustible"
"OFF-HOO-10000335","CIG-VAR-140796","Cigarettes","Combustible","Premium","20-pack","Combustible"
"OFF-HOO-10000445","CIG-VAR-645332","Cigarettes","Combustible","Value","Multi-pack","Combustible"
"OFF-HOO-10000638","CIG-VAR-994209","Cigarettes","Combustible","Premium","Multi-pack","Combustible"
"OFF-HOO-10001105","CIG-VAR-949314","Cigarettes","Combustible","Premium","20-pack","Combustible"
"OFF-HOO-10001248","CIG-VAR-367743","Cigarettes","Combustible","Premium","20-pack","Combustible"
"OFF-HOO-10001448","CIG-VAR-660133","Cigarettes","Combustible","Core","Multi-pack","Combustible"
"OFF-HOO-10001783","CIG-VAR-937863","Cigarettes","Combustible","Premium","30-pack","Combustible"
"OFF-HOO-10001881","CIG-VAR-264564","Cigarettes","Combustible","Premium","Multi-pack","Combustible"
"OFF-HOO-10001987","CIG-VAR-787664","Cigarettes","Combustible","Value","20-pack","Combustible"
"OFF-HOO-10002386","CIG-VAR-959148","Cigarettes","Combustible","Premium","Multi-pack","Combustible"
"OFF-HOO-10002715","CIG-VAR-206674","Cigarettes","Combustible","Core","10-pack","Combustible"
"OFF-HOO-10002752","CIG-VAR-872981","Cigarettes","Combustible","Value","Multi-pack","Combustible"
"OFF-HOO-10002920","CIG-VAR-405507","Cigarettes","Combustible","Premium","30-pack","Combustible"
"OFF-HOO-10002946","CIG-VAR-071996","Cigarettes","Combustible","Value","20-pack","Combustible"
"OFF-HOO-10003246","CIG-VAR-311805","Cigarettes","Combustible","Premium","20-pack","Combustible"
"OFF-HOO-10003269","CIG-VAR-171263","Cigarettes","Combustible","Value","30-pack","Combustible"
"OFF-HOO-10003338","CIG-VAR-839272","Cigarettes","Combustible","Core","30-pack","Combustible"
"OFF-HOO-10003653","CIG-VAR-708006","Cigarettes","Combustible","Premium","Multi-pack","Combustible"
"OFF-HOO-10003820","CIG-VAR-062203","Cigarettes","Combustible","Core","10-pack","Combustible"
"OFF-HOO-10004188","CIG-VAR-877383","Cigarettes","Combustible","Premium","30-pack","Combustible"
"OFF-HOO-10004243","CIG-VAR-725699","Cigarettes","Combustible","Value","Multi-pack","Combustible"
"OFF-HOO-10004910","CIG-VAR-439569","Cigarettes","Combustible","Premium","20-pack","Combustible"
"OFF-IBI-10000080","CIG-VAR-398020","Cigarettes","Combustible","Core","Multi-pack","Combustible"
"OFF-IBI-10000099","CIG-VAR-947800","Cigarettes","Combustible","Core","30-pack","Combustible"
"OFF-IBI-10000440","CIG-VAR-389599","Cigarettes","Combustible","Core","Multi-pack","Combustible"
"OFF-IBI-10000684","CIG-VAR-363970","Cigarettes","Combustible","Core","10-pack","Combustible"
"OFF-IBI-10000779","CIG-VAR-464596","Cigarettes","Combustible","Core","20-pack","Combustible"
"OFF-IBI-10000951","CIG-VAR-466107","Cigarettes","Combustible","Premium","Multi-pack","Combustible"
"OFF-IBI-10000959","CIG-VAR-961020","Cigarettes","Combustible","Premium","20-pack","Combustible"
"OFF-IBI-10001123","CIG-VAR-152857","Cigarettes","Combustible","Core","20-pack","Combustible"
"OFF-IBI-10001494","CIG-VAR-662138","Cigarettes","Combustible","Value","30-pack","Combustible"
"OFF-IBI-10001640","CIG-VAR-814100","Cigarettes","Combustible","Value","10-pack","Combustible"
"OFF-IBI-10001772","CIG-VAR-104812","Cigarettes","Combustible","Core","10-pack","Combustible"
"OFF-IBI-10001951","CIG-VAR-297292","Cigarettes","Combustible","Core","30-pack","Combustible"
"OFF-IBI-10002486","CIG-VAR-942261","Cigarettes","Combustible","Premium","20-pack","Combustible"
"OFF-IBI-10002637","CIG-VAR-257033","Cigarettes","Combustible","Value","30-pack","Combustible"
"OFF-IBI-10002805","CIG-VAR-849470","Cigarettes","Combustible","Value","Multi-pack","Combustible"
"OFF-IBI-10003191","CIG-VAR-718583","Cigarettes","Combustible","Value","20-pack","Combustible"
"OFF-IBI-10003422","CIG-VAR-168079","Cigarettes","Combustible","Core","Multi-pack","Combustible"
"OFF-IBI-10003541","CIG-VAR-842119","Cigarettes","Combustible","Core","10-pack","Combustible"
"OFF-IBI-10003732","CIG-VAR-190092","Cigarettes","Combustible","Premium","Multi-pack","Combustible"
"OFF-IBI-10004074","CIG-VAR-479656","Cigarettes","Combustible","Core","30-pack","Combustible"
"OFF-IBI-10004323","CIG-VAR-571454","Cigarettes","Combustible","Value","20-pack","Combustible"
"OFF-IBI-10004855","CIG-VAR-503975","Cigarettes","Combustible","Value","30-pack","Combustible"
"OFF-IBI-10004916","CIG-VAR-574625","Cigarettes","Combustible","Value","Multi-pack","Combustible"
"OFF-IBI-10004959","CIG-VAR-275546","Cigarettes","Combustible","Value","30-pack","Combustible"
"OFF-JIF-10000165","CIG-VAR-428765","Cigarettes","Combustible","Value","10-pack","Combustible"
"OFF-JIF-10000375","CIG-VAR-196838","Cigarettes","Combustible","Value","Multi-pack","Combustible"
"OFF-JIF-10000556","CIG-VAR-635913","Cigarettes","Combustible","Premium","20-pack","Combustible"
"OFF-JIF-10000704","CIG-VAR-921605","Cigarettes","Combustible","Value","30-pack","Combustible"
"OFF-JIF-10000843","CIG-VAR-406921","Cigarettes","Combustible","Core","10-pack","Combustible"
"OFF-JIF-10000890","CIG-VAR-359448","Cigarettes","Combustible","Premium","Multi-pack","Combustible"
"OFF-JIF-10000981","CIG-VAR-600921","Cigarettes","Combustible","Premium","Multi-pack","Combustible"
"OFF-JIF-10002184","CIG-VAR-126652","Cigarettes","Combustible","Core","Multi-pack","Combustible"
"OFF-JIF-10002228","CIG-VAR-323887","Cigarettes","Combustible","Core","Multi-pack","Combustible"
"OFF-JIF-10002275","CIG-VAR-251938","Cigarettes","Combustible","Core","Multi-pack","Combustible"
"OFF-JIF-10002454","CIG-VAR-288932","Cigarettes","Combustible","Value","20-pack","Combustible"
"OFF-JIF-10002621","CIG-VAR-808114","Cigarettes","Combustible","Core","Multi-pack","Combustible"
"OFF-JIF-10002836","CIG-VAR-835136","Cigarettes","Combustible","Value","Multi-pack","Combustible"
"OFF-JIF-10003115","CIG-VAR-012687","Cigarettes","Combustible","Premium","20-pack","Combustible"
"OFF-JIF-10003677","CIG-VAR-364257","Cigarettes","Combustible","Premium","30-pack","Combustible"
"OFF-JIF-10003842","CIG-VAR-820264","Cigarettes","Combustible","Core","10-pack","Combustible"
"OFF-JIF-10003890","CIG-VAR-487721","Cigarettes","Combustible","Value","20-pack","Combustible"
"OFF-JIF-10003976","CIG-VAR-760103","Cigarettes","Combustible","Value","20-pack","Combustible"
"OFF-JIF-10004213","CIG-VAR-719056","Cigarettes","Combustible","Core","10-pack","Combustible"
"OFF-JIF-10004450","CIG-VAR-290465","Cigarettes","Combustible","Value","10-pack","Combustible"
"OFF-JIF-10004616","CIG-VAR-947252","Cigarettes","Combustible","Value","Multi-pack","Combustible"
"OFF-JIF-10004747","CIG-VAR-327886","Cigarettes","Combustible","Core","Multi-pack","Combustible"
"OFF-JIF-10004777","CIG-VAR-937411","Cigarettes","Combustible","Core","10-pack","Combustible"
"OFF-JIF-10004822","CIG-VAR-239597","Cigarettes","Combustible","Value","Multi-pack","Combustible"
"OFF-KIT-10000099","CIG-VAR-374549","Cigarettes","Combustible","Value","20-pack","Combustible"
"OFF-KIT-10000624","CIG-VAR-752514","Cigarettes","Combustible","Premium","20-pack","Combustible"
"OFF-KIT-10000717","CIG-VAR-136522","Cigarettes","Combustible","Core","Multi-pack","Combustible"
"OFF-KIT-10000964","CIG-VAR-247545","Cigarettes","Combustible","Premium","10-pack","Combustible"
"OFF-KIT-10001040","CIG-VAR-218793","Cigarettes","Combustible","Premium","20-pack","Combustible"
"OFF-KIT-10001213","CIG-VAR-608564","Cigarettes","Combustible","Value","10-pack","Combustible"
"OFF-KIT-10001245","CIG-VAR-804336","Cigarettes","Combustible","Premium","10-pack","Combustible"
"OFF-KIT-10001380","CIG-VAR-920512","Cigarettes","Combustible","Core","10-pack","Combustible"
"OFF-KIT-10001609","CIG-VAR-026820","Cigarettes","Combustible","Premium","Multi-pack","Combustible"
"OFF-KIT-10001791","CIG-VAR-179739","Cigarettes","Combustible","Premium","Multi-pack","Combustible"
"OFF-KIT-10001899","CIG-VAR-217442","Cigarettes","Combustible","Value","10-pack","Combustible"
"OFF-KIT-10002357","CIG-VAR-471356","Cigarettes","Combustible","Value","10-pack","Combustible"
"OFF-KIT-10002678","CIG-VAR-654576","Cigarettes","Combustible","Premium","10-pack","Combustible"
"OFF-KIT-10002828","CIG-VAR-704730","Cigarettes","Combustible","Premium","Multi-pack","Combustible"
"OFF-KIT-10003337","CIG-VAR-689495","Cigarettes","Combustible","Value","Multi-pack","Combustible"
"OFF-KIT-10003611","CIG-VAR-552467","Cigarettes","Combustible","Value","Multi-pack","Combustible"
"OFF-KIT-10003683","CIG-VAR-658016","Cigarettes","Combustible","Value","30-pack","Combustible"
"OFF-KIT-10003757","CIG-VAR-088770","Cigarettes","Combustible","Premium","20-pack","Combustible"
"OFF-KIT-10003938","CIG-VAR-882959","Cigarettes","Combustible","Value","10-pack","Combustible"
"OFF-KIT-10003990","CIG-VAR-704862","Cigarettes","Combustible","Premium","10-pack","Combustible"
"OFF-KIT-10004058","CIG-VAR-036753","Cigarettes","Combustible","Premium","10-pack","Combustible"
"OFF-KIT-10004515","CIG-VAR-759102","Cigarettes","Combustible","Premium","30-pack","Combustible"
"OFF-KIT-10004732","CIG-VAR-062079","Cigarettes","Combustible","Premium","20-pack","Combustible"
"OFF-KLE-10000050","CIG-VAR-451564","Cigarettes","Combustible","Core","20-pack","Combustible"
"OFF-KLE-10000228","CIG-VAR-206960","Cigarettes","Combustible","Value","30-pack","Combustible"
"OFF-KLE-10000296","CIG-VAR-878507","Cigarettes","Combustible","Value","30-pack","Combustible"
"OFF-KLE-10000466","CIG-VAR-985205","Cigarettes","Combustible","Value","Multi-pack","Combustible"
"OFF-KLE-10000527","CIG-VAR-603081","Cigarettes","Combustible","Premium","30-pack","Combustible"
"OFF-KLE-10000552","CIG-VAR-127624","Cigarettes","Combustible","Core","30-pack","Combustible"
"OFF-KLE-10001317","CIG-VAR-660628","Cigarettes","Combustible","Core","30-pack","Combustible"
"OFF-KLE-10001381","CIG-VAR-774471","Cigarettes","Combustible","Premium","30-pack","Combustible"
"OFF-KLE-10001644","CIG-VAR-999069","Cigarettes","Combustible","Premium","30-pack","Combustible"
"OFF-KLE-10001699","CIG-VAR-084226","Cigarettes","Combustible","Core","30-pack","Combustible"
"OFF-KLE-10001794","CIG-VAR-761354","Cigarettes","Combustible","Value","10-pack","Combustible"
"OFF-KLE-10002118","CIG-VAR-300111","Cigarettes","Combustible","Premium","Multi-pack","Combustible"
"OFF-KLE-10002292","CIG-VAR-222668","Cigarettes","Combustible","Value","10-pack","Combustible"
"OFF-KLE-10002340","CIG-VAR-202110","Cigarettes","Combustible","Premium","30-pack","Combustible"
"OFF-KLE-10002550","CIG-VAR-022808","Cigarettes","Combustible","Value","20-pack","Combustible"
"OFF-KLE-10002869","CIG-VAR-792456","Cigarettes","Combustible","Premium","20-pack","Combustible"
"OFF-KLE-10003227","CIG-VAR-857024","Cigarettes","Combustible","Value","20-pack","Combustible"
"OFF-KLE-10003497","CIG-VAR-357944","Cigarettes","Combustible","Value","10-pack","Combustible"
"OFF-KLE-10004112","CIG-VAR-605115","Cigarettes","Combustible","Premium","20-pack","Combustible"
"OFF-KLE-10004543","CIG-VAR-096031","Cigarettes","Combustible","Core","30-pack","Combustible"
"OFF-KLE-10004581","CIG-VAR-157351","Cigarettes","Combustible","Core","30-pack","Combustible"
"OFF-KLE-10004673","CIG-VAR-740145","Cigarettes","Combustible","Premium","10-pack","Combustible"
"OFF-KLE-10004771","CIG-VAR-931308","Cigarettes","Combustible","Premium","Multi-pack","Combustible"
"OFF-KRA-10000113","CIG-VAR-884566","Cigarettes","Combustible","Core","Multi-pack","Combustible"
"OFF-KRA-10000117","CIG-VAR-115187","Cigarettes","Combustible","Value","30-pack","Combustible"
"OFF-KRA-10000492","CIG-VAR-206863","Cigarettes","Combustible","Core","30-pack","Combustible"
"OFF-KRA-10000534","CIG-VAR-533469","Cigarettes","Combustible","Premium","30-pack","Combustible"
"OFF-KRA-10000695","CIG-VAR-124162","Cigarettes","Combustible","Core","Multi-pack","Combustible"
"OFF-KRA-10000916","CIG-VAR-091339","Cigarettes","Combustible","Core","10-pack","Combustible"
"OFF-KRA-10001807","CIG-VAR-881797","Cigarettes","Combustible","Core","20-pack","Combustible"
"OFF-KRA-10001967","CIG-VAR-500696","Cigarettes","Combustible","Value","10-pack","Combustible"
"OFF-KRA-10002085","CIG-VAR-499704","Cigarettes","Combustible","Premium","Multi-pack","Combustible"
"OFF-KRA-10002094","CIG-VAR-456192","Cigarettes","Combustible","Premium","10-pack","Combustible"
"OFF-KRA-10002126","CIG-VAR-812170","Cigarettes","Combustible","Core","10-pack","Combustible"
"OFF-KRA-10002170","CIG-VAR-709036","Cigarettes","Combustible","Core","10-pack","Combustible"
"OFF-KRA-10002406","CIG-VAR-866274","Cigarettes","Combustible","Premium","20-pack","Combustible"
"OFF-KRA-10002441","CIG-VAR-895918","Cigarettes","Combustible","Core","30-pack","Combustible"
"OFF-KRA-10002752","CIG-VAR-451863","Cigarettes","Combustible","Premium","10-pack","Combustible"
"OFF-KRA-10002789","CIG-VAR-811527","Cigarettes","Combustible","Premium","20-pack","Combustible"
"OFF-KRA-10002828","CIG-VAR-413097","Cigarettes","Combustible","Premium","10-pack","Combustible"
"OFF-KRA-10003337","CIG-VAR-568616","Cigarettes","Combustible","Value","10-pack","Combustible"
"OFF-KRA-10003816","CIG-VAR-021369","Cigarettes","Combustible","Premium","20-pack","Combustible"
"OFF-KRA-10004192","CIG-VAR-710326","Cigarettes","Combustible","Core","30-pack","Combustible"
"OFF-KRA-10004624","CIG-VAR-340947","Cigarettes","Combustible","Premium","20-pack","Combustible"
"OFF-KRA-10004876","CIG-VAR-564073","Cigarettes","Combustible","Core","30-pack","Combustible"
"OFF-KRA-10004892","CIG-VAR-951167","Cigarettes","Combustible","Value","20-pack","Combustible"
"OFF-LA-10000039","CIG-VAR-517516","Cigarettes","Combustible","Core","20-pack","Combustible"
"OFF-LA-10000073","CIG-VAR-211930","Cigarettes","Combustible","Core","Multi-pack","Combustible"
"OFF-LA-10000081","CIG-VAR-148628","Cigarettes","Combustible","Value","10-pack","Combustible"
"OFF-LA-10000095","CIG-VAR-659978","Cigarettes","Combustible","Value","10-pack","Combustible"
"OFF-LA-10000108","CIG-VAR-134633","Cigarettes","Combustible","Value","Multi-pack","Combustible"
"OFF-LA-10000114","CIG-VAR-857545","Cigarettes","Combustible","Core","20-pack","Combustible"
"OFF-LA-10000116","CIG-VAR-609296","Cigarettes","Combustible","Value","20-pack","Combustible"
"OFF-LA-10000121","CIG-VAR-409336","Cigarettes","Combustible","Core","20-pack","Combustible"
"OFF-LA-10000134","CIG-VAR-617106","Cigarettes","Combustible","Premium","Multi-pack","Combustible"
"OFF-LA-10000151","CIG-VAR-275346","Cigarettes","Combustible","Premium","30-pack","Combustible"
"OFF-LA-10000155","CIG-VAR-748315","Cigarettes","Combustible","Core","Multi-pack","Combustible"
"OFF-LA-10000157","CIG-VAR-411302","Cigarettes","Combustible","Value","Multi-pack","Combustible"
"OFF-LA-10000190","CIG-VAR-099957","Cigarettes","Combustible","Premium","10-pack","Combustible"
"OFF-LA-10000195","CIG-VAR-842572","Cigarettes","Combustible","Core","Multi-pack","Combustible"
"OFF-LA-10000203","CIG-VAR-253540","Cigarettes","Combustible","Core","30-pack","Combustible"
"OFF-LA-10000216","CIG-VAR-441453","Cigarettes","Combustible","Premium","10-pack","Combustible"
"OFF-LA-10000219","CIG-VAR-454569","Cigarettes","Combustible","Premium","20-pack","Combustible"
"OFF-LA-10000220","CIG-VAR-376523","Cigarettes","Combustible","Value","30-pack","Combustible"
"OFF-LA-10000236","CIG-VAR-489860","Cigarettes","Combustible","Value","30-pack","Combustible"
"OFF-LA-10000240","CIG-VAR-060811","Cigarettes","Combustible","Core","10-pack","Combustible"
"OFF-LA-10000244","CIG-VAR-479171","Cigarettes","Combustible","Value","20-pack","Combustible"
"OFF-LA-10000248","CIG-VAR-390507","Cigarettes","Combustible","Premium","30-pack","Combustible"
"OFF-LA-10000262","CIG-VAR-345697","Cigarettes","Combustible","Core","30-pack","Combustible"
"OFF-LA-10000271","CIG-VAR-003037","Cigarettes","Combustible","Core","20-pack","Combustible"
"OFF-LA-10000276","CIG-VAR-507394","Cigarettes","Combustible","Core","30-pack","Combustible"
"OFF-LA-10000296","CIG-VAR-410985","Cigarettes","Combustible","Premium","10-pack","Combustible"
"OFF-LA-10000305","CIG-VAR-617128","Cigarettes","Combustible","Core","10-pack","Combustible"
"OFF-LA-10000321","CIG-VAR-627912","Cigarettes","Combustible","Premium","Multi-pack","Combustible"
"OFF-LA-10000322","CIG-VAR-272647","Cigarettes","Combustible","Core","20-pack","Combustible"
"OFF-LA-10000334","CIG-VAR-246261","Cigarettes","Combustible","Premium","20-pack","Combustible"
"OFF-LA-10000341","CIG-VAR-645581","Cigarettes","Combustible","Value","20-pack","Combustible"
"OFF-LA-10000345","CIG-VAR-983176","Cigarettes","Combustible","Core","10-pack","Combustible"
"OFF-LA-10000356","CIG-VAR-571807","Cigarettes","Combustible","Core","Multi-pack","Combustible"
"OFF-LA-10000370","CIG-VAR-789388","Cigarettes","Combustible","Core","10-pack","Combustible"
"OFF-LA-10000379","CIG-VAR-183343","Cigarettes","Combustible","Core","10-pack","Combustible"
"OFF-LA-10000404","CIG-VAR-098180","Cigarettes","Combustible","Value","Multi-pack","Combustible"
"OFF-LA-10000407","CIG-VAR-166580","Cigarettes","Combustible","Value","20-pack","Combustible"
"OFF-LA-10000413","CIG-VAR-992169","Cigarettes","Combustible","Premium","20-pack","Combustible"
"OFF-LA-10000414","CIG-VAR-710079","Cigarettes","Combustible","Premium","30-pack","Combustible"
"OFF-LA-10000425","CIG-VAR-026581","Cigarettes","Combustible","Core","Multi-pack","Combustible"
"OFF-LA-10000436","CIG-VAR-695975","Cigarettes","Combustible","Value","10-pack","Combustible"
"OFF-LA-10000438","CIG-VAR-405741","Cigarettes","Combustible","Premium","Multi-pack","Combustible"
"OFF-LA-10000443","CIG-VAR-138167","Cigarettes","Combustible","Value","10-pack","Combustible"
"OFF-LA-10000448","CIG-VAR-460190","Cigarettes","Combustible","Value","10-pack","Combustible"
"OFF-LA-10000452","CIG-VAR-777183","Cigarettes","Combustible","Premium","Multi-pack","Combustible"
"OFF-LA-10000471","CIG-VAR-184835","Cigarettes","Combustible","Value","Multi-pack","Combustible"
"OFF-LA-10000473","CIG-VAR-979672","Cigarettes","Combustible","Core","Multi-pack","Combustible"
"OFF-LA-10000476","CIG-VAR-389226","Cigarettes","Combustible","Premium","10-pack","Combustible"
"OFF-LA-10000477","CIG-VAR-208023","Cigarettes","Combustible","Premium","30-pack","Combustible"
"OFF-LA-10000483","CIG-VAR-950737","Cigarettes","Combustible","Core","10-pack","Combustible"
"OFF-LA-10000495","CIG-VAR-826004","Cigarettes","Combustible","Value","10-pack","Combustible"
"OFF-LA-10000506","CIG-VAR-150889","Cigarettes","Combustible","Core","10-pack","Combustible"
"OFF-LA-10000508","CIG-VAR-462710","Cigarettes","Combustible","Value","Multi-pack","Combustible"
"OFF-LA-10000519","CIG-VAR-040908","Cigarettes","Combustible","Premium","10-pack","Combustible"
"OFF-LA-10000536","CIG-VAR-004970","Cigarettes","Combustible","Value","Multi-pack","Combustible"
"OFF-LA-10000540","CIG-VAR-046455","Cigarettes","Combustible","Premium","20-pack","Combustible"
"OFF-LA-10000553","CIG-VAR-372827","Cigarettes","Combustible","Value","30-pack","Combustible"
"OFF-LA-10000560","CIG-VAR-832626","Cigarettes","Combustible","Premium","Multi-pack","Combustible"
"OFF-LA-10000590","CIG-VAR-710191","Cigarettes","Combustible","Core","10-pack","Combustible"
"OFF-LA-10000598","CIG-VAR-332713","Cigarettes","Combustible","Core","30-pack","Combustible"
"OFF-LA-10000604","CIG-VAR-608552","Cigarettes","Combustible","Value","20-pack","Combustible"
"OFF-LA-10000615","CIG-VAR-545040","Cigarettes","Combustible","Premium","30-pack","Combustible"
"OFF-LA-10000624","CIG-VAR-906646","Cigarettes","Combustible","Core","Multi-pack","Combustible"
"OFF-LA-10000633","CIG-VAR-839576","Cigarettes","Combustible","Value","20-pack","Combustible"
"OFF-LA-10000634","CIG-VAR-678859","Cigarettes","Combustible","Core","30-pack","Combustible"
"OFF-LA-10000635","CIG-VAR-781773","Cigarettes","Combustible","Premium","10-pack","Combustible"
"OFF-LA-10000648","CIG-VAR-573244","Cigarettes","Combustible","Core","30-pack","Combustible"
"OFF-LA-10000658","CIG-VAR-496905","Cigarettes","Combustible","Premium","Multi-pack","Combustible"
"OFF-LA-10000668","CIG-VAR-963446","Cigarettes","Combustible","Value","10-pack","Combustible"
"OFF-LA-10000685","CIG-VAR-089902","Cigarettes","Combustible","Core","Multi-pack","Combustible"
"OFF-LA-10000688","CIG-VAR-260193","Cigarettes","Combustible","Premium","30-pack","Combustible"
"OFF-LA-10000692","CIG-VAR-463788","Cigarettes","Combustible","Premium","20-pack","Combustible"
"OFF-LA-10000700","CIG-VAR-414547","Cigarettes","Combustible","Core","Multi-pack","Combustible"
"OFF-LA-10000707","CIG-VAR-412504","Cigarettes","Combustible","Core","10-pack","Combustible"
"OFF-LA-10000709","CIG-VAR-559230","Cigarettes","Combustible","Premium","Multi-pack","Combustible"
"OFF-LA-10000713","CIG-VAR-741123","Cigarettes","Combustible","Premium","10-pack","Combustible"
"OFF-LA-10000714","CIG-VAR-710357","Cigarettes","Combustible","Value","Multi-pack","Combustible"
"OFF-LA-10000732","CIG-VAR-359703","Cigarettes","Combustible","Premium","10-pack","Combustible"
"OFF-LA-10000738","CIG-VAR-287854","Cigarettes","Combustible","Core","30-pack","Combustible"
"OFF-LA-10000757","CIG-VAR-712200","Cigarettes","Combustible","Premium","20-pack","Combustible"
"OFF-LA-10000760","CIG-VAR-089975","Cigarettes","Combustible","Value","20-pack","Combustible"
"OFF-LA-10000765","CIG-VAR-783444","Cigarettes","Combustible","Premium","30-pack","Combustible"
"OFF-LA-10000767","CIG-VAR-957975","Cigarettes","Combustible","Premium","30-pack","Combustible"
"OFF-LA-10000779","CIG-VAR-191209","Cigarettes","Combustible","Core","10-pack","Combustible"
"OFF-LA-10000784","CIG-VAR-820031","Cigarettes","Combustible","Value","30-pack","Combustible"
"OFF-LA-10000793","CIG-VAR-134189","Cigarettes","Combustible","Value","10-pack","Combustible"
"OFF-LA-10000818","CIG-VAR-494165","Cigarettes","Combustible","Value","20-pack","Combustible"
"OFF-LA-10000845","CIG-VAR-784801","Cigarettes","Combustible","Core","20-pack","Combustible"
"OFF-LA-10000861","CIG-VAR-700466","Cigarettes","Combustible","Value","30-pack","Combustible"
"OFF-LA-10000869","CIG-VAR-915435","Cigarettes","Combustible","Premium","10-pack","Combustible"
"OFF-LA-10000879","CIG-VAR-217610","Cigarettes","Combustible","Value","20-pack","Combustible"
"OFF-LA-10000880","CIG-VAR-172266","Cigarettes","Combustible","Premium","30-pack","Combustible"
"OFF-LA-10000897","CIG-VAR-216151","Cigarettes","Combustible","Core","10-pack","Combustible"
"OFF-LA-10000901","CIG-VAR-147870","Cigarettes","Combustible","Premium","Multi-pack","Combustible"
"OFF-LA-10000927","CIG-VAR-934934","Cigarettes","Combustible","Value","10-pack","Combustible"
"OFF-LA-10000934","CIG-VAR-265796","Cigarettes","Combustible","Value","Multi-pack","Combustible"
"OFF-LA-10000950","CIG-VAR-694669","Cigarettes","Combustible","Core","10-pack","Combustible"
"OFF-LA-10000959","CIG-VAR-509523","Cigarettes","Combustible","Premium","10-pack","Combustible"
"OFF-LA-10000970","CIG-VAR-385058","Cigarettes","Combustible","Value","30-pack","Combustible"
"OFF-LA-10000973","CIG-VAR-420930","Cigarettes","Combustible","Premium","10-pack","Combustible"
"OFF-LA-10000984","CIG-VAR-805667","Cigarettes","Combustible","Value","10-pack","Combustible"
"OFF-LA-10000989","CIG-VAR-719984","Cigarettes","Combustible","Value","20-pack","Combustible"
"OFF-LA-10000990","CIG-VAR-356980","Cigarettes","Combustible","Core","10-pack","Combustible"
"OFF-LA-10001019","CIG-VAR-478621","Cigarettes","Combustible","Core","30-pack","Combustible"
"OFF-LA-10001026","CIG-VAR-141142","Cigarettes","Combustible","Core","10-pack","Combustible"
"OFF-LA-10001028","CIG-VAR-265038","Cigarettes","Combustible","Premium","Multi-pack","Combustible"
"OFF-LA-10001038","CIG-VAR-122060","Cigarettes","Combustible","Value","30-pack","Combustible"
"OFF-LA-10001045","CIG-VAR-640791","Cigarettes","Combustible","Premium","10-pack","Combustible"
"OFF-LA-10001063","CIG-VAR-985489","Cigarettes","Combustible","Core","Multi-pack","Combustible"
"OFF-LA-10001065","CIG-VAR-190105","Cigarettes","Combustible","Core","30-pack","Combustible"
"OFF-LA-10001067","CIG-VAR-945127","Cigarettes","Combustible","Core","30-pack","Combustible"
"OFF-LA-10001074","CIG-VAR-304090","Cigarettes","Combustible","Core","20-pack","Combustible"
"OFF-LA-10001075","CIG-VAR-149565","Cigarettes","Combustible","Premium","Multi-pack","Combustible"
"OFF-LA-10001092","CIG-VAR-577489","Cigarettes","Combustible","Core","30-pack","Combustible"
"OFF-LA-10001154","CIG-VAR-221478","Cigarettes","Combustible","Premium","10-pack","Combustible"
"OFF-LA-10001158","CIG-VAR-513075","Cigarettes","Combustible","Premium","Multi-pack","Combustible"
"OFF-LA-10001169","CIG-VAR-184652","Cigarettes","Combustible","Value","30-pack","Combustible"
"OFF-LA-10001170","CIG-VAR-092292","Cigarettes","Combustible","Premium","Multi-pack","Combustible"
"OFF-LA-10001175","CIG-VAR-040249","Cigarettes","Combustible","Core","10-pack","Combustible"
"OFF-LA-10001184","CIG-VAR-055049","Cigarettes","Combustible","Value","20-pack","Combustible"
"OFF-LA-10001185","CIG-VAR-771598","Cigarettes","Combustible","Core","Multi-pack","Combustible"
"OFF-LA-10001187","CIG-VAR-043735","Cigarettes","Combustible","Core","Multi-pack","Combustible"
"OFF-LA-10001188","CIG-VAR-230641","Cigarettes","Combustible","Core","30-pack","Combustible"
"OFF-LA-10001191","CIG-VAR-130539","Cigarettes","Combustible","Premium","Multi-pack","Combustible"
"OFF-LA-10001194","CIG-VAR-341726","Cigarettes","Combustible","Value","10-pack","Combustible"
"OFF-LA-10001202","CIG-VAR-501228","Cigarettes","Combustible","Premium","20-pack","Combustible"
"OFF-LA-10001215","CIG-VAR-234949","Cigarettes","Combustible","Core","Multi-pack","Combustible"
"OFF-LA-10001228","CIG-VAR-201395","Cigarettes","Combustible","Value","20-pack","Combustible"
"OFF-LA-10001229","CIG-VAR-610156","Cigarettes","Combustible","Core","Multi-pack","Combustible"
"OFF-LA-10001230","CIG-VAR-995099","Cigarettes","Combustible","Value","30-pack","Combustible"
"OFF-LA-10001246","CIG-VAR-827010","Cigarettes","Combustible","Premium","10-pack","Combustible"
"OFF-LA-10001256","CIG-VAR-285275","Cigarettes","Combustible","Value","20-pack","Combustible"
"OFF-LA-10001265","CIG-VAR-773273","Cigarettes","Combustible","Value","10-pack","Combustible"
"OFF-LA-10001284","CIG-VAR-485914","Cigarettes","Combustible","Core","10-pack","Combustible"
"OFF-LA-10001287","CIG-VAR-466424","Cigarettes","Combustible","Value","30-pack","Combustible"
"OFF-LA-10001292","CIG-VAR-842377","Cigarettes","Combustible","Core","10-pack","Combustible"
"OFF-LA-10001294","CIG-VAR-010290","Cigarettes","Combustible","Premium","20-pack","Combustible"
"OFF-LA-10001297","CIG-VAR-090785","Cigarettes","Combustible","Value","Multi-pack","Combustible"
"OFF-LA-10001299","CIG-VAR-981122","Cigarettes","Combustible","Value","10-pack","Combustible"
"OFF-LA-10001312","CIG-VAR-775381","Cigarettes","Combustible","Core","Multi-pack","Combustible"
"OFF-LA-10001317","CIG-VAR-214099","Cigarettes","Combustible","Core","10-pack","Combustible"
"OFF-LA-10001375","CIG-VAR-441798","Cigarettes","Combustible","Premium","30-pack","Combustible"
"OFF-LA-10001383","CIG-VAR-009652","Cigarettes","Combustible","Core","10-pack","Combustible"
"OFF-LA-10001402","CIG-VAR-170185","Cigarettes","Combustible","Core","Multi-pack","Combustible"
"OFF-LA-10001404","CIG-VAR-487378","Cigarettes","Combustible","Core","30-pack","Combustible"
"OFF-LA-10001413","CIG-VAR-847166","Cigarettes","Combustible","Value","10-pack","Combustible"
"OFF-LA-10001417","CIG-VAR-144782","Cigarettes","Combustible","Value","20-pack","Combustible"
"OFF-LA-10001444","CIG-VAR-276731","Cigarettes","Combustible","Value","30-pack","Combustible"
"OFF-LA-10001469","CIG-VAR-762696","Cigarettes","Combustible","Premium","20-pack","Combustible"
"OFF-LA-10001471","CIG-VAR-977345","Cigarettes","Combustible","Value","30-pack","Combustible"
"OFF-LA-10001474","CIG-VAR-963852","Cigarettes","Combustible","Premium","20-pack","Combustible"
"OFF-LA-10001484","CIG-VAR-403783","Cigarettes","Combustible","Core","30-pack","Combustible"
"OFF-LA-10001497","CIG-VAR-992425","Cigarettes","Combustible","Core","20-pack","Combustible"
"OFF-LA-10001538","CIG-VAR-258012","Cigarettes","Combustible","Premium","20-pack","Combustible"
"OFF-LA-10001541","CIG-VAR-257140","Cigarettes","Combustible","Core","30-pack","Combustible"
"OFF-LA-10001546","CIG-VAR-052823","Cigarettes","Combustible","Value","20-pack","Combustible"
"OFF-LA-10001548","CIG-VAR-580164","Cigarettes","Combustible","Premium","30-pack","Combustible"
"OFF-LA-10001549","CIG-VAR-394587","Cigarettes","Combustible","Premium","10-pack","Combustible"
"OFF-LA-10001569","CIG-VAR-017939","Cigarettes","Combustible","Value","30-pack","Combustible"
"OFF-LA-10001582","CIG-VAR-882234","Cigarettes","Combustible","Premium","10-pack","Combustible"
"OFF-LA-10001607","CIG-VAR-547726","Cigarettes","Combustible","Core","30-pack","Combustible"
"OFF-LA-10001613","CIG-VAR-818601","Cigarettes","Combustible","Premium","30-pack","Combustible"
"OFF-LA-10001618","CIG-VAR-655563","Cigarettes","Combustible","Premium","30-pack","Combustible"
"OFF-LA-10001633","CIG-VAR-125566","Cigarettes","Combustible","Core","10-pack","Combustible"
"OFF-LA-10001634","CIG-VAR-841434","Cigarettes","Combustible","Premium","Multi-pack","Combustible"
"OFF-LA-10001641","CIG-VAR-914338","Cigarettes","Combustible","Core","Multi-pack","Combustible"
"OFF-LA-10001658","CIG-VAR-524607","Cigarettes","Combustible","Premium","30-pack","Combustible"
"OFF-LA-10001669","CIG-VAR-725785","Cigarettes","Combustible","Core","Multi-pack","Combustible"
"OFF-LA-10001672","CIG-VAR-703956","Cigarettes","Combustible","Premium","30-pack","Combustible"
"OFF-LA-10001676","CIG-VAR-672175","Cigarettes","Combustible","Core","Multi-pack","Combustible"
"OFF-LA-10001677","CIG-VAR-542657","Cigarettes","Combustible","Value","20-pack","Combustible"
"OFF-LA-10001701","CIG-VAR-534750","Cigarettes","Combustible","Premium","10-pack","Combustible"
"OFF-LA-10001719","CIG-VAR-677220","Cigarettes","Combustible","Premium","Multi-pack","Combustible"
"OFF-LA-10001731","CIG-VAR-112049","Cigarettes","Combustible","Value","Multi-pack","Combustible"
"OFF-LA-10001738","CIG-VAR-843775","Cigarettes","Combustible","Core","Multi-pack","Combustible"
"OFF-LA-10001764","CIG-VAR-908766","Cigarettes","Combustible","Premium","20-pack","Combustible"
"OFF-LA-10001771","CIG-VAR-386693","Cigarettes","Combustible","Value","Multi-pack","Combustible"
"OFF-LA-10001778","CIG-VAR-125729","Cigarettes","Combustible","Value","Multi-pack","Combustible"
"OFF-LA-10001793","CIG-VAR-987508","Cigarettes","Combustible","Core","20-pack","Combustible"
"OFF-LA-10001800","CIG-VAR-247111","Cigarettes","Combustible","Core","Multi-pack","Combustible"
"OFF-LA-10001803","CIG-VAR-297256","Cigarettes","Combustible","Core","20-pack","Combustible"
"OFF-LA-10001830","CIG-VAR-785238","Cigarettes","Combustible","Premium","10-pack","Combustible"
"OFF-LA-10001831","CIG-VAR-297012","Cigarettes","Combustible","Premium","30-pack","Combustible"
"OFF-LA-10001833","CIG-VAR-578213","Cigarettes","Combustible","Value","30-pack","Combustible"
"OFF-LA-10001839","CIG-VAR-315742","Cigarettes","Combustible","Core","10-pack","Combustible"
"OFF-LA-10001865","CIG-VAR-958471","Cigarettes","Combustible","Core","30-pack","Combustible"
"OFF-LA-10001867","CIG-VAR-940054","Cigarettes","Combustible","Core","30-pack","Combustible"
"OFF-LA-10001873","CIG-VAR-714390","Cigarettes","Combustible","Premium","30-pack","Combustible"
"OFF-LA-10001915","CIG-VAR-035286","Cigarettes","Combustible","Premium","30-pack","Combustible"
"OFF-LA-10001924","CIG-VAR-090513","Cigarettes","Combustible","Premium","Multi-pack","Combustible"
"OFF-LA-10001930","CIG-VAR-692408","Cigarettes","Combustible","Value","Multi-pack","Combustible"
"OFF-LA-10001934","CIG-VAR-529230","Cigarettes","Combustible","Premium","30-pack","Combustible"
"OFF-LA-10001942","CIG-VAR-464278","Cigarettes","Combustible","Core","10-pack","Combustible"
"OFF-LA-10001982","CIG-VAR-494700","Cigarettes","Combustible","Premium","10-pack","Combustible"
"OFF-LA-10002015","CIG-VAR-374239","Cigarettes","Combustible","Core","Multi-pack","Combustible"
"OFF-LA-10002020","CIG-VAR-304852","Cigarettes","Combustible","Core","Multi-pack","Combustible"
"OFF-LA-10002029","CIG-VAR-718856","Cigarettes","Combustible","Value","Multi-pack","Combustible"
"OFF-LA-10002034","CIG-VAR-298356","Cigarettes","Combustible","Premium","Multi-pack","Combustible"
"OFF-LA-10002037","CIG-VAR-510092","Cigarettes","Combustible","Value","20-pack","Combustible"
"OFF-LA-10002043","CIG-VAR-614020","Cigarettes","Combustible","Core","Multi-pack","Combustible"
"OFF-LA-10002063","CIG-VAR-308167","Cigarettes","Combustible","Core","20-pack","Combustible"
"OFF-LA-10002068","CIG-VAR-394744","Cigarettes","Combustible","Core","20-pack","Combustible"
"OFF-LA-10002086","CIG-VAR-705244","Cigarettes","Combustible","Core","10-pack","Combustible"
"OFF-LA-10002088","CIG-VAR-104883","Cigarettes","Combustible","Premium","Multi-pack","Combustible"
"OFF-LA-10002107","CIG-VAR-955479","Cigarettes","Combustible","Premium","20-pack","Combustible"
"OFF-LA-10002123","CIG-VAR-479882","Cigarettes","Combustible","Value","30-pack","Combustible"
"OFF-LA-10002139","CIG-VAR-956857","Cigarettes","Combustible","Core","20-pack","Combustible"
"OFF-LA-10002159","CIG-VAR-258970","Cigarettes","Combustible","Core","Multi-pack","Combustible"
"OFF-LA-10002180","CIG-VAR-296937","Cigarettes","Combustible","Premium","30-pack","Combustible"
"OFF-LA-10002183","CIG-VAR-778071","Cigarettes","Combustible","Premium","10-pack","Combustible"
"OFF-LA-10002195","CIG-VAR-270840","Cigarettes","Combustible","Premium","10-pack","Combustible"
"OFF-LA-10002199","CIG-VAR-847475","Cigarettes","Combustible","Value","Multi-pack","Combustible"
"OFF-LA-10002225","CIG-VAR-003752","Cigarettes","Combustible","Value","30-pack","Combustible"
"OFF-LA-10002258","CIG-VAR-245226","Cigarettes","Combustible","Premium","10-pack","Combustible"
"OFF-LA-10002271","CIG-VAR-770429","Cigarettes","Combustible","Value","30-pack","Combustible"
"OFF-LA-10002272","CIG-VAR-266061","Cigarettes","Combustible","Premium","10-pack","Combustible"
"OFF-LA-10002289","CIG-VAR-965634","Cigarettes","Combustible","Premium","Multi-pack","Combustible"
"OFF-LA-10002295","CIG-VAR-612635","Cigarettes","Combustible","Value","20-pack","Combustible"
"OFF-LA-10002312","CIG-VAR-331461","Cigarettes","Combustible","Premium","20-pack","Combustible"
"OFF-LA-10002319","CIG-VAR-192828","Cigarettes","Combustible","Premium","20-pack","Combustible"
"OFF-LA-10002323","CIG-VAR-108702","Cigarettes","Combustible","Premium","10-pack","Combustible"
"OFF-LA-10002324","CIG-VAR-507108","Cigarettes","Combustible","Premium","Multi-pack","Combustible"
"OFF-LA-10002325","CIG-VAR-764885","Cigarettes","Combustible","Value","20-pack","Combustible"
"OFF-LA-10002334","CIG-VAR-977061","Cigarettes","Combustible","Premium","30-pack","Combustible"
"OFF-LA-10002337","CIG-VAR-196942","Cigarettes","Combustible","Core","10-pack","Combustible"
"OFF-LA-10002353","CIG-VAR-482859","Cigarettes","Combustible","Premium","Multi-pack","Combustible"
"OFF-LA-10002354","CIG-VAR-960457","Cigarettes","Combustible","Core","10-pack","Combustible"
"OFF-LA-10002364","CIG-VAR-039692","Cigarettes","Combustible","Value","Multi-pack","Combustible"
"OFF-LA-10002368","CIG-VAR-392546","Cigarettes","Combustible","Value","10-pack","Combustible"
"OFF-LA-10002381","CIG-VAR-825138","Cigarettes","Combustible","Premium","30-pack","Combustible"
"OFF-LA-10002389","CIG-VAR-653528","Cigarettes","Combustible","Value","10-pack","Combustible"
"OFF-LA-10002401","CIG-VAR-731583","Cigarettes","Combustible","Premium","Multi-pack","Combustible"
"OFF-LA-10002465","CIG-VAR-237948","Cigarettes","Combustible","Premium","10-pack","Combustible"
"OFF-LA-10002469","CIG-VAR-592856","Cigarettes","Combustible","Value","Multi-pack","Combustible"
"OFF-LA-10002473","CIG-VAR-262005","Cigarettes","Combustible","Premium","10-pack","Combustible"
"OFF-LA-10002475","CIG-VAR-820582","Cigarettes","Combustible","Core","20-pack","Combustible"
"OFF-LA-10002486","CIG-VAR-767170","Cigarettes","Combustible","Core","10-pack","Combustible"
"OFF-LA-10002490","CIG-VAR-845844","Cigarettes","Combustible","Premium","10-pack","Combustible"
"OFF-LA-10002493","CIG-VAR-213502","Cigarettes","Combustible","Core","30-pack","Combustible"
"OFF-LA-10002523","CIG-VAR-090485","Cigarettes","Combustible","Value","30-pack","Combustible"
"OFF-LA-10002544","CIG-VAR-170106","Cigarettes","Combustible","Premium","Multi-pack","Combustible"
"OFF-LA-10002559","CIG-VAR-403190","Cigarettes","Combustible","Value","Multi-pack","Combustible"
"OFF-LA-10002575","CIG-VAR-044089","Cigarettes","Combustible","Core","30-pack","Combustible"
"OFF-LA-10002596","CIG-VAR-881415","Cigarettes","Combustible","Premium","30-pack","Combustible"
"OFF-LA-10002598","CIG-VAR-858259","Cigarettes","Combustible","Core","20-pack","Combustible"
"OFF-LA-10002609","CIG-VAR-926793","Cigarettes","Combustible","Premium","Multi-pack","Combustible"
"OFF-LA-10002625","CIG-VAR-077782","Cigarettes","Combustible","Core","30-pack","Combustible"
"OFF-LA-10002630","CIG-VAR-653002","Cigarettes","Combustible","Core","10-pack","Combustible"
"OFF-LA-10002633","CIG-VAR-318645","Cigarettes","Combustible","Premium","30-pack","Combustible"
"OFF-LA-10002635","CIG-VAR-271267","Cigarettes","Combustible","Core","Multi-pack","Combustible"
"OFF-LA-10002650","CIG-VAR-897778","Cigarettes","Combustible","Core","30-pack","Combustible"
"OFF-LA-10002651","CIG-VAR-716006","Cigarettes","Combustible","Value","10-pack","Combustible"
"OFF-LA-10002673","CIG-VAR-535009","Cigarettes","Combustible","Core","30-pack","Combustible"
"OFF-LA-10002674","CIG-VAR-624583","Cigarettes","Combustible","Core","20-pack","Combustible"
"OFF-LA-10002681","CIG-VAR-840550","Cigarettes","Combustible","Core","20-pack","Combustible"
"OFF-LA-10002688","CIG-VAR-482157","Cigarettes","Combustible","Premium","20-pack","Combustible"
"OFF-LA-10002703","CIG-VAR-657983","Cigarettes","Combustible","Value","30-pack","Combustible"
"OFF-LA-10002731","CIG-VAR-165735","Cigarettes","Combustible","Premium","20-pack","Combustible"
"OFF-LA-10002733","CIG-VAR-010637","Cigarettes","Combustible","Value","20-pack","Combustible"
"OFF-LA-10002741","CIG-VAR-951701","Cigarettes","Combustible","Value","30-pack","Combustible"
"OFF-LA-10002744","CIG-VAR-733337","Cigarettes","Combustible","Value","20-pack","Combustible"
"OFF-LA-10002752","CIG-VAR-495647","Cigarettes","Combustible","Value","20-pack","Combustible"
"OFF-LA-10002762","CIG-VAR-619650","Cigarettes","Combustible","Premium","30-pack","Combustible"
"OFF-LA-10002765","CIG-VAR-295016","Cigarettes","Combustible","Value","20-pack","Combustible"
"OFF-LA-10002770","CIG-VAR-700113","Cigarettes","Combustible","Premium","Multi-pack","Combustible"
"OFF-LA-10002782","CIG-VAR-105241","Cigarettes","Combustible","Core","10-pack","Combustible"
"OFF-LA-10002787","CIG-VAR-504940","Cigarettes","Combustible","Core","Multi-pack","Combustible"
"OFF-LA-10002805","CIG-VAR-013813","Cigarettes","Combustible","Core","30-pack","Combustible"
"OFF-LA-10002806","CIG-VAR-925716","Cigarettes","Combustible","Premium","10-pack","Combustible"
"OFF-LA-10002821","CIG-VAR-625841","Cigarettes","Combustible","Value","20-pack","Combustible"
"OFF-LA-10002827","CIG-VAR-190576","Cigarettes","Combustible","Core","10-pack","Combustible"
"OFF-LA-10002848","CIG-VAR-728330","Cigarettes","Combustible","Value","Multi-pack","Combustible"
"OFF-LA-10002851","CIG-VAR-051828","Cigarettes","Combustible","Premium","30-pack","Combustible"
"OFF-LA-10002868","CIG-VAR-551028","Cigarettes","Combustible","Premium","20-pack","Combustible"
"OFF-LA-10002875","CIG-VAR-755156","Cigarettes","Combustible","Value","20-pack","Combustible"
"OFF-LA-10002876","CIG-VAR-670947","Cigarettes","Combustible","Premium","Multi-pack","Combustible"
"OFF-LA-10002883","CIG-VAR-792086","Cigarettes","Combustible","Value","Multi-pack","Combustible"
"OFF-LA-10002895","CIG-VAR-807268","Cigarettes","Combustible","Core","Multi-pack","Combustible"
"OFF-LA-10002900","CIG-VAR-835982","Cigarettes","Combustible","Value","30-pack","Combustible"
"OFF-LA-10002927","CIG-VAR-299892","Cigarettes","Combustible","Premium","Multi-pack","Combustible"
"OFF-LA-10002939","CIG-VAR-493127","Cigarettes","Combustible","Value","20-pack","Combustible"
"OFF-LA-10002943","CIG-VAR-254747","Cigarettes","Combustible","Value","10-pack","Combustible"
"OFF-LA-10002945","CIG-VAR-890252","Cigarettes","Combustible","Value","20-pack","Combustible"
"OFF-LA-10002964","CIG-VAR-168058","Cigarettes","Combustible","Core","20-pack","Combustible"
"OFF-LA-10002972","CIG-VAR-303852","Cigarettes","Combustible","Premium","20-pack","Combustible"
"OFF-LA-10002974","CIG-VAR-577231","Cigarettes","Combustible","Core","10-pack","Combustible"
"OFF-LA-10002980","CIG-VAR-255223","Cigarettes","Combustible","Core","30-pack","Combustible"
"OFF-LA-10002992","CIG-VAR-382800","Cigarettes","Combustible","Premium","Multi-pack","Combustible"
"OFF-LA-10002995","CIG-VAR-731776","Cigarettes","Combustible","Core","10-pack","Combustible"
"OFF-LA-10002996","CIG-VAR-759220","Cigarettes","Combustible","Core","30-pack","Combustible"
"OFF-LA-10003057","CIG-VAR-431963","Cigarettes","Combustible","Value","30-pack","Combustible"
"OFF-LA-10003058","CIG-VAR-031028","Cigarettes","Combustible","Value","Multi-pack","Combustible"
"OFF-LA-10003077","CIG-VAR-231023","Cigarettes","Combustible","Value","10-pack","Combustible"
"OFF-LA-10003084","CIG-VAR-488829","Cigarettes","Combustible","Premium","20-pack","Combustible"
"OFF-LA-10003090","CIG-VAR-228350","Cigarettes","Combustible","Value","20-pack","Combustible"
"OFF-LA-10003119","CIG-VAR-998186","Cigarettes","Combustible","Value","30-pack","Combustible"
"OFF-LA-10003121","CIG-VAR-635566","Cigarettes","Combustible","Core","Multi-pack","Combustible"
"OFF-LA-10003132","CIG-VAR-961998","Cigarettes","Combustible","Premium","10-pack","Combustible"
"OFF-LA-10003140","CIG-VAR-152258","Cigarettes","Combustible","Value","Multi-pack","Combustible"
"OFF-LA-10003141","CIG-VAR-445706","Cigarettes","Combustible","Value","20-pack","Combustible"
"OFF-LA-10003148","CIG-VAR-613977","Cigarettes","Combustible","Premium","20-pack","Combustible"
"OFF-LA-10003155","CIG-VAR-257089","Cigarettes","Combustible","Core","20-pack","Combustible"
"OFF-LA-10003190","CIG-VAR-507654","Cigarettes","Combustible","Premium","30-pack","Combustible"
"OFF-LA-10003210","CIG-VAR-020925","Cigarettes","Combustible","Premium","Multi-pack","Combustible"
"OFF-LA-10003215","CIG-VAR-461023","Cigarettes","Combustible","Core","10-pack","Combustible"
"OFF-LA-10003217","CIG-VAR-354197","Cigarettes","Combustible","Value","10-pack","Combustible"
"OFF-LA-10003223","CIG-VAR-885088","Cigarettes","Combustible","Core","30-pack","Combustible"
"OFF-LA-10003231","CIG-VAR-950341","Cigarettes","Combustible","Core","Multi-pack","Combustible"
"OFF-LA-10003233","CIG-VAR-607108","Cigarettes","Combustible","Core","Multi-pack","Combustible"
"OFF-LA-10003236","CIG-VAR-298976","Cigarettes","Combustible","Value","10-pack","Combustible"
"OFF-LA-10003271","CIG-VAR-574362","Cigarettes","Combustible","Premium","Multi-pack","Combustible"
"OFF-LA-10003273","CIG-VAR-244980","Cigarettes","Combustible","Premium","Multi-pack","Combustible"
"OFF-LA-10003278","CIG-VAR-390809","Cigarettes","Combustible","Value","Multi-pack","Combustible"
"OFF-LA-10003283","CIG-VAR-462379","Cigarettes","Combustible","Core","10-pack","Combustible"
"OFF-LA-10003285","CIG-VAR-209544","Cigarettes","Combustible","Premium","20-pack","Combustible"
"OFF-LA-10003290","CIG-VAR-034434","Cigarettes","Combustible","Premium","Multi-pack","Combustible"
"OFF-LA-10003295","CIG-VAR-457582","Cigarettes","Combustible","Core","10-pack","Combustible"
"OFF-LA-10003297","CIG-VAR-449420","Cigarettes","Combustible","Value","10-pack","Combustible"
"OFF-LA-10003327","CIG-VAR-618068","Cigarettes","Combustible","Value","10-pack","Combustible"
"OFF-LA-10003337","CIG-VAR-668343","Cigarettes","Combustible","Premium","20-pack","Combustible"
"OFF-LA-10003338","CIG-VAR-062681","Cigarettes","Combustible","Value","10-pack","Combustible"
"OFF-LA-10003372","CIG-VAR-477111","Cigarettes","Combustible","Premium","30-pack","Combustible"
"OFF-LA-10003376","CIG-VAR-616084","Cigarettes","Combustible","Core","Multi-pack","Combustible"
"OFF-LA-10003379","CIG-VAR-041642","Cigarettes","Combustible","Value","30-pack","Combustible"
"OFF-LA-10003381","CIG-VAR-752073","Cigarettes","Combustible","Premium","Multi-pack","Combustible"
"OFF-LA-10003388","CIG-VAR-900047","Cigarettes","Combustible","Value","Multi-pack","Combustible"
"OFF-LA-10003390","CIG-VAR-123791","Cigarettes","Combustible","Value","10-pack","Combustible"
"OFF-LA-10003396","CIG-VAR-676705","Cigarettes","Combustible","Core","20-pack","Combustible"
"OFF-LA-10003422","CIG-VAR-726390","Cigarettes","Combustible","Premium","30-pack","Combustible"
"OFF-LA-10003435","CIG-VAR-248326","Cigarettes","Combustible","Core","10-pack","Combustible"
"OFF-LA-10003437","CIG-VAR-779697","Cigarettes","Combustible","Premium","10-pack","Combustible"
"OFF-LA-10003444","CIG-VAR-798181","Cigarettes","Combustible","Core","20-pack","Combustible"
"OFF-LA-10003459","CIG-VAR-349495","Cigarettes","Combustible","Core","20-pack","Combustible"
"OFF-LA-10003487","CIG-VAR-273342","Cigarettes","Combustible","Premium","Multi-pack","Combustible"
"OFF-LA-10003498","CIG-VAR-353434","Cigarettes","Combustible","Core","Multi-pack","Combustible"
"OFF-LA-10003503","CIG-VAR-100221","Cigarettes","Combustible","Premium","20-pack","Combustible"
"OFF-LA-10003505","CIG-VAR-015790","Cigarettes","Combustible","Core","10-pack","Combustible"
"OFF-LA-10003510","CIG-VAR-479114","Cigarettes","Combustible","Value","30-pack","Combustible"
"OFF-LA-10003511","CIG-VAR-996522","Cigarettes","Combustible","Premium","10-pack","Combustible"
"OFF-LA-10003515","CIG-VAR-733677","Cigarettes","Combustible","Premium","20-pack","Combustible"
"OFF-LA-10003537","CIG-VAR-131237","Cigarettes","Combustible","Value","Multi-pack","Combustible"
"OFF-LA-10003551","CIG-VAR-447610","Cigarettes","Combustible","Core","10-pack","Combustible"
"OFF-LA-10003583","CIG-VAR-875313","Cigarettes","Combustible","Premium","20-pack","Combustible"
"OFF-LA-10003591","CIG-VAR-057610","Cigarettes","Combustible","Core","10-pack","Combustible"
"OFF-LA-10003594","CIG-VAR-542281","Cigarettes","Combustible","Core","Multi-pack","Combustible"
"OFF-LA-10003610","CIG-VAR-741408","Cigarettes","Combustible","Premium","Multi-pack","Combustible"
"OFF-LA-10003617","CIG-VAR-117820","Cigarettes","Combustible","Core","10-pack","Combustible"
"OFF-LA-10003627","CIG-VAR-743839","Cigarettes","Combustible","Core","Multi-pack","Combustible"
"OFF-LA-10003644","CIG-VAR-389674","Cigarettes","Combustible","Core","Multi-pack","Combustible"
"OFF-LA-10003663","CIG-VAR-286479","Cigarettes","Combustible","Premium","30-pack","Combustible"
"OFF-LA-10003674","CIG-VAR-039068","Cigarettes","Combustible","Value","10-pack","Combustible"
"OFF-LA-10003678","CIG-VAR-229861","Cigarettes","Combustible","Core","Multi-pack","Combustible"
"OFF-LA-10003699","CIG-VAR-238101","Cigarettes","Combustible","Premium","Multi-pack","Combustible"
"OFF-LA-10003714","CIG-VAR-416614","Cigarettes","Combustible","Core","20-pack","Combustible"
"OFF-LA-10003717","CIG-VAR-414566","Cigarettes","Combustible","Value","Multi-pack","Combustible"
"OFF-LA-10003720","CIG-VAR-626336","Cigarettes","Combustible","Value","Multi-pack","Combustible"
"OFF-LA-10003766","CIG-VAR-606584","Cigarettes","Combustible","Value","30-pack","Combustible"
"OFF-LA-10003778","CIG-VAR-149209","Cigarettes","Combustible","Core","10-pack","Combustible"
"OFF-LA-10003795","CIG-VAR-445428","Cigarettes","Combustible","Premium","Multi-pack","Combustible"
"OFF-LA-10003807","CIG-VAR-519772","Cigarettes","Combustible","Core","Multi-pack","Combustible"
"OFF-LA-10003809","CIG-VAR-180360","Cigarettes","Combustible","Premium","10-pack","Combustible"
"OFF-LA-10003820","CIG-VAR-223081","Cigarettes","Combustible","Core","30-pack","Combustible"
"OFF-LA-10003821","CIG-VAR-836630","Cigarettes","Combustible","Value","10-pack","Combustible"
"OFF-LA-10003827","CIG-VAR-395202","Cigarettes","Combustible","Premium","20-pack","Combustible"
"OFF-LA-10003848","CIG-VAR-812700","Cigarettes","Combustible","Premium","30-pack","Combustible"
"OFF-LA-10003851","CIG-VAR-695135","Cigarettes","Combustible","Value","Multi-pack","Combustible"
"OFF-LA-10003898","CIG-VAR-912587","Cigarettes","Combustible","Value","Multi-pack","Combustible"
"OFF-LA-10003923","CIG-VAR-867783","Cigarettes","Combustible","Premium","Multi-pack","Combustible"
"OFF-LA-10003929","CIG-VAR-254760","Cigarettes","Combustible","Premium","20-pack","Combustible"
"OFF-LA-10003930","CIG-VAR-246353","Cigarettes","Combustible","Value","10-pack","Combustible"
"OFF-LA-10003955","CIG-VAR-804895","Cigarettes","Combustible","Core","20-pack","Combustible"
"OFF-LA-10003967","CIG-VAR-541999","Cigarettes","Combustible","Core","30-pack","Combustible"
"OFF-LA-10003969","CIG-VAR-385212","Cigarettes","Combustible","Premium","20-pack","Combustible"
"OFF-LA-10003971","CIG-VAR-329529","Cigarettes","Combustible","Premium","30-pack","Combustible"
"OFF-LA-10003973","CIG-VAR-256845","Cigarettes","Combustible","Premium","30-pack","Combustible"
"OFF-LA-10003982","CIG-VAR-600319","Cigarettes","Combustible","Core","Multi-pack","Combustible"
"OFF-LA-10004007","CIG-VAR-478229","Cigarettes","Combustible","Value","30-pack","Combustible"
"OFF-LA-10004008","CIG-VAR-695059","Cigarettes","Combustible","Core","Multi-pack","Combustible"
"OFF-LA-10004020","CIG-VAR-581669","Cigarettes","Combustible","Value","Multi-pack","Combustible"
"OFF-LA-10004034","CIG-VAR-495215","Cigarettes","Combustible","Value","Multi-pack","Combustible"
"OFF-LA-10004050","CIG-VAR-644618","Cigarettes","Combustible","Value","10-pack","Combustible"
"OFF-LA-10004055","CIG-VAR-701688","Cigarettes","Combustible","Premium","Multi-pack","Combustible"
"OFF-LA-10004058","CIG-VAR-102047","Cigarettes","Combustible","Value","30-pack","Combustible"
"OFF-LA-10004062","CIG-VAR-637458","Cigarettes","Combustible","Premium","Multi-pack","Combustible"
"OFF-LA-10004093","CIG-VAR-438400","Cigarettes","Combustible","Core","30-pack","Combustible"
"OFF-LA-10004094","CIG-VAR-406680","Cigarettes","Combustible","Premium","20-pack","Combustible"
"OFF-LA-10004108","CIG-VAR-844815","Cigarettes","Combustible","Premium","10-pack","Combustible"
"OFF-LA-10004112","CIG-VAR-479540","Cigarettes","Combustible","Value","Multi-pack","Combustible"
"OFF-LA-10004114","CIG-VAR-752184","Cigarettes","Combustible","Premium","30-pack","Combustible"
"OFF-LA-10004122","CIG-VAR-966832","Cigarettes","Combustible","Core","10-pack","Combustible"
"OFF-LA-10004132","CIG-VAR-587722","Cigarettes","Combustible","Core","20-pack","Combustible"
"OFF-LA-10004137","CIG-VAR-203143","Cigarettes","Combustible","Core","30-pack","Combustible"
"OFF-LA-10004148","CIG-VAR-602094","Cigarettes","Combustible","Premium","10-pack","Combustible"
"OFF-LA-10004164","CIG-VAR-791654","Cigarettes","Combustible","Value","20-pack","Combustible"
"OFF-LA-10004166","CIG-VAR-738135","Cigarettes","Combustible","Premium","20-pack","Combustible"
"OFF-LA-10004178","CIG-VAR-004994","Cigarettes","Combustible","Value","Multi-pack","Combustible"
"OFF-LA-10004181","CIG-VAR-858356","Cigarettes","Combustible","Value","10-pack","Combustible"
"OFF-LA-10004182","CIG-VAR-292785","Cigarettes","Combustible","Premium","30-pack","Combustible"
"OFF-LA-10004234","CIG-VAR-835871","Cigarettes","Combustible","Value","20-pack","Combustible"
"OFF-LA-10004239","CIG-VAR-629484","Cigarettes","Combustible","Premium","10-pack","Combustible"
"OFF-LA-10004272","CIG-VAR-813592","Cigarettes","Combustible","Core","10-pack","Combustible"
"OFF-LA-10004280","CIG-VAR-568093","Cigarettes","Combustible","Core","Multi-pack","Combustible"
"OFF-LA-10004285","CIG-VAR-428195","Cigarettes","Combustible","Value","10-pack","Combustible"
"OFF-LA-10004312","CIG-VAR-560022","Cigarettes","Combustible","Premium","20-pack","Combustible"
"OFF-LA-10004318","CIG-VAR-944015","Cigarettes","Combustible","Value","Multi-pack","Combustible"
"OFF-LA-10004320","CIG-VAR-766169","Cigarettes","Combustible","Value","30-pack","Combustible"
"OFF-LA-10004332","CIG-VAR-116334","Cigarettes","Combustible","Premium","Multi-pack","Combustible"
"OFF-LA-10004345","CIG-VAR-421850","Cigarettes","Combustible","Value","Multi-pack","Combustible"
"OFF-LA-10004370","CIG-VAR-410908","Cigarettes","Combustible","Core","Multi-pack","Combustible"
"OFF-LA-10004398","CIG-VAR-652209","Cigarettes","Combustible","Premium","Multi-pack","Combustible"
"OFF-LA-10004400","CIG-VAR-693283","Cigarettes","Combustible","Core","20-pack","Combustible"
"OFF-LA-10004409","CIG-VAR-331957","Cigarettes","Combustible","Core","20-pack","Combustible"
"OFF-LA-10004411","CIG-VAR-223516","Cigarettes","Combustible","Core","30-pack","Combustible"
"OFF-LA-10004425","CIG-VAR-076546","Cigarettes","Combustible","Core","10-pack","Combustible"
"OFF-LA-10004430","CIG-VAR-043897","Cigarettes","Combustible","Core","30-pack","Combustible"
"OFF-LA-10004462","CIG-VAR-867950","Cigarettes","Combustible","Value","Multi-pack","Combustible"
"OFF-LA-10004484","CIG-VAR-557187","Cigarettes","Combustible","Premium","10-pack","Combustible"
"OFF-LA-10004487","CIG-VAR-243111","Cigarettes","Combustible","Premium","30-pack","Combustible"
"OFF-LA-10004488","CIG-VAR-751165","Cigarettes","Combustible","Core","Multi-pack","Combustible"
"OFF-LA-10004495","CIG-VAR-819321","Cigarettes","Combustible","Premium","Multi-pack","Combustible"
"OFF-LA-10004519","CIG-VAR-935885","Cigarettes","Combustible","Value","Multi-pack","Combustible"
"OFF-LA-10004538","CIG-VAR-787448","Cigarettes","Combustible","Value","Multi-pack","Combustible"
"OFF-LA-10004543","CIG-VAR-664870","Cigarettes","Combustible","Core","10-pack","Combustible"
"OFF-LA-10004544","CIG-VAR-479242","Cigarettes","Combustible","Core","Multi-pack","Combustible"
"OFF-LA-10004545","CIG-VAR-360685","Cigarettes","Combustible","Core","20-pack","Combustible"
"OFF-LA-10004559","CIG-VAR-845725","Cigarettes","Combustible","Core","Multi-pack","Combustible"
"OFF-LA-10004576","CIG-VAR-542672","Cigarettes","Combustible","Value","10-pack","Combustible"
"OFF-LA-10004594","CIG-VAR-973267","Cigarettes","Combustible","Core","30-pack","Combustible"
"OFF-LA-10004614","CIG-VAR-247614","Cigarettes","Combustible","Premium","Multi-pack","Combustible"
"OFF-LA-10004623","CIG-VAR-172318","Cigarettes","Combustible","Core","Multi-pack","Combustible"
"OFF-LA-10004648","CIG-VAR-826890","Cigarettes","Combustible","Premium","20-pack","Combustible"
"OFF-LA-10004677","CIG-VAR-118255","Cigarettes","Combustible","Core","Multi-pack","Combustible"
"OFF-LA-10004689","CIG-VAR-631295","Cigarettes","Combustible","Value","Multi-pack","Combustible"
"OFF-LA-10004700","CIG-VAR-202472","Cigarettes","Combustible","Value","10-pack","Combustible"
"OFF-LA-10004709","CIG-VAR-668609","Cigarettes","Combustible","Value","10-pack","Combustible"
"OFF-LA-10004714","CIG-VAR-397402","Cigarettes","Combustible","Core","10-pack","Combustible"
"OFF-LA-10004727","CIG-VAR-909387","Cigarettes","Combustible","Premium","20-pack","Combustible"
"OFF-LA-10004737","CIG-VAR-527754","Cigarettes","Combustible","Premium","10-pack","Combustible"
"OFF-LA-10004738","CIG-VAR-199501","Cigarettes","Combustible","Core","20-pack","Combustible"
"OFF-LA-10004744","CIG-VAR-619603","Cigarettes","Combustible","Core","20-pack","Combustible"
"OFF-LA-10004745","CIG-VAR-539427","Cigarettes","Combustible","Premium","Multi-pack","Combustible"
"OFF-LA-10004747","CIG-VAR-556650","Cigarettes","Combustible","Premium","Multi-pack","Combustible"
"OFF-LA-10004749","CIG-VAR-089497","Cigarettes","Combustible","Core","10-pack","Combustible"
"OFF-LA-10004753","CIG-VAR-320812","Cigarettes","Combustible","Core","Multi-pack","Combustible"
"OFF-LA-10004756","CIG-VAR-820842","Cigarettes","Combustible","Premium","10-pack","Combustible"
"OFF-LA-10004761","CIG-VAR-296677","Cigarettes","Combustible","Core","10-pack","Combustible"
"OFF-LA-10004774","CIG-VAR-024021","Cigarettes","Combustible","Premium","30-pack","Combustible"
"OFF-LA-10004777","CIG-VAR-187132","Cigarettes","Combustible","Core","10-pack","Combustible"
"OFF-LA-10004795","CIG-VAR-333502","Cigarettes","Combustible","Core","30-pack","Combustible"
"OFF-LA-10004799","CIG-VAR-122063","Cigarettes","Combustible","Value","20-pack","Combustible"
"OFF-LA-10004832","CIG-VAR-198739","Cigarettes","Combustible","Core","30-pack","Combustible"
"OFF-LA-10004848","CIG-VAR-510778","Cigarettes","Combustible","Core","Multi-pack","Combustible"
"OFF-LA-10004853","CIG-VAR-335337","Cigarettes","Combustible","Premium","30-pack","Combustible"
"OFF-LA-10004859","CIG-VAR-102012","Cigarettes","Combustible","Premium","10-pack","Combustible"
"OFF-LA-10004877","CIG-VAR-990352","Cigarettes","Combustible","Core","20-pack","Combustible"
"OFF-LA-10004894","CIG-VAR-238228","Cigarettes","Combustible","Core","20-pack","Combustible"
"OFF-LA-10004916","CIG-VAR-575311","Cigarettes","Combustible","Core","30-pack","Combustible"
"OFF-LA-10004918","CIG-VAR-164204","Cigarettes","Combustible","Value","20-pack","Combustible"
"OFF-LA-10004919","CIG-VAR-706526","Cigarettes","Combustible","Value","Multi-pack","Combustible"
"OFF-LA-10004929","CIG-VAR-181488","Cigarettes","Combustible","Premium","10-pack","Combustible"
"OFF-LA-10004933","CIG-VAR-445403","Cigarettes","Combustible","Value","Multi-pack","Combustible"
"OFF-LA-10004947","CIG-VAR-589458","Cigarettes","Combustible","Premium","20-pack","Combustible"
"OFF-LA-10004964","CIG-VAR-526391","Cigarettes","Combustible","Value","20-pack","Combustible"
"OFF-LA-10004969","CIG-VAR-229750","Cigarettes","Combustible","Core","10-pack","Combustible"
"OFF-LA-10004972","CIG-VAR-556806","Cigarettes","Combustible","Premium","20-pack","Combustible"
"OFF-NOV-10000092","CIG-VAR-138414","Cigarettes","Combustible","Premium","Multi-pack","Combustible"
"OFF-NOV-10000141","CIG-VAR-101871","Cigarettes","Combustible","Premium","Multi-pack","Combustible"
"OFF-NOV-10000512","CIG-VAR-641305","Cigarettes","Combustible","Core","10-pack","Combustible"
"OFF-NOV-10000721","CIG-VAR-000963","Cigarettes","Combustible","Premium","Multi-pack","Combustible"
"OFF-NOV-10000787","CIG-VAR-039196","Cigarettes","Combustible","Core","10-pack","Combustible"
"OFF-NOV-10000808","CIG-VAR-881967","Cigarettes","Combustible","Premium","10-pack","Combustible"
"OFF-NOV-10000986","CIG-VAR-660550","Cigarettes","Combustible","Core","10-pack","Combustible"
"OFF-NOV-10001238","CIG-VAR-710571","Cigarettes","Combustible","Premium","10-pack","Combustible"
"OFF-NOV-10001568","CIG-VAR-975333","Cigarettes","Combustible","Premium","10-pack","Combustible"
"OFF-NOV-10001753","CIG-VAR-101836","Cigarettes","Combustible","Core","20-pack","Combustible"
"OFF-NOV-10002258","CIG-VAR-557740","Cigarettes","Combustible","Core","10-pack","Combustible"
"OFF-NOV-10002610","CIG-VAR-065087","Cigarettes","Combustible","Value","30-pack","Combustible"
"OFF-NOV-10002952","CIG-VAR-596546","Cigarettes","Combustible","Value","Multi-pack","Combustible"
"OFF-NOV-10003180","CIG-VAR-381911","Cigarettes","Combustible","Value","Multi-pack","Combustible"
"OFF-NOV-10003401","CIG-VAR-775264","Cigarettes","Combustible","Core","30-pack","Combustible"
"OFF-NOV-10003499","CIG-VAR-859127","Cigarettes","Combustible","Value","20-pack","Combustible"
"OFF-NOV-10003578","CIG-VAR-896255","Cigarettes","Combustible","Value","30-pack","Combustible"
"OFF-NOV-10003964","CIG-VAR-905869","Cigarettes","Combustible","Core","10-pack","Combustible"
"OFF-NOV-10004048","CIG-VAR-479375","Cigarettes","Combustible","Value","Multi-pack","Combustible"
"OFF-NOV-10004223","CIG-VAR-442787","Cigarettes","Combustible","Value","Multi-pack","Combustible"
"OFF-NOV-10004585","CIG-VAR-209352","Cigarettes","Combustible","Premium","20-pack","Combustible"
"OFF-NOV-10004671","CIG-VAR-755842","Cigarettes","Combustible","Core","30-pack","Combustible"
"OFF-NOV-10004680","CIG-VAR-330424","Cigarettes","Combustible","Core","Multi-pack","Combustible"
"OFF-NOV-10004968","CIG-VAR-218995","Cigarettes","Combustible","Core","30-pack","Combustible"
"OFF-OIC-10000121","CIG-VAR-861755","Cigarettes","Combustible","Value","20-pack","Combustible"
"OFF-OIC-10000189","CIG-VAR-129542","Cigarettes","Combustible","Value","20-pack","Combustible"
"OFF-OIC-10000492","CIG-VAR-546238","Cigarettes","Combustible","Core","Multi-pack","Combustible"
"OFF-OIC-10000855","CIG-VAR-119587","Cigarettes","Combustible","Core","10-pack","Combustible"
"OFF-OIC-10000988","CIG-VAR-146481","Cigarettes","Combustible","Premium","Multi-pack","Combustible"
"OFF-OIC-10001056","CIG-VAR-247264","Cigarettes","Combustible","Core","Multi-pack","Combustible"
"OFF-OIC-10001155","CIG-VAR-220676","Cigarettes","Combustible","Value","30-pack","Combustible"
"OFF-OIC-10001477","CIG-VAR-508934","Cigarettes","Combustible","Value","Multi-pack","Combustible"
"OFF-OIC-10001921","CIG-VAR-201738","Cigarettes","Combustible","Premium","10-pack","Combustible"
"OFF-OIC-10002160","CIG-VAR-146213","Cigarettes","Combustible","Value","10-pack","Combustible"
"OFF-OIC-10002161","CIG-VAR-084640","Cigarettes","Combustible","Core","30-pack","Combustible"
"OFF-OIC-10002266","CIG-VAR-599210","Cigarettes","Combustible","Value","10-pack","Combustible"
"OFF-OIC-10002625","CIG-VAR-744235","Cigarettes","Combustible","Core","30-pack","Combustible"
"OFF-OIC-10003028","CIG-VAR-158761","Cigarettes","Combustible","Core","10-pack","Combustible"
"OFF-OIC-10003366","CIG-VAR-097245","Cigarettes","Combustible","Premium","30-pack","Combustible"
"OFF-OIC-10003518","CIG-VAR-685418","Cigarettes","Combustible","Value","10-pack","Combustible"
"OFF-OIC-10003879","CIG-VAR-313367","Cigarettes","Combustible","Value","Multi-pack","Combustible"
"OFF-OIC-10003978","CIG-VAR-312399","Cigarettes","Combustible","Premium","30-pack","Combustible"
"OFF-OIC-10004253","CIG-VAR-359095","Cigarettes","Combustible","Core","10-pack","Combustible"
"OFF-OIC-10004255","CIG-VAR-713901","Cigarettes","Combustible","Premium","20-pack","Combustible"
"OFF-OIC-10004536","CIG-VAR-027865","Cigarettes","Combustible","Core","10-pack","Combustible"
"OFF-OIC-10004622","CIG-VAR-727726","Cigarettes","Combustible","Core","20-pack","Combustible"
"OFF-OIC-10004810","CIG-VAR-233854","Cigarettes","Combustible","Core","10-pack","Combustible"
"OFF-OIC-10004999","CIG-VAR-972732","Cigarettes","Combustible","Premium","Multi-pack","Combustible"
"OFF-PA-10000007","CIG-VAR-396247","Cigarettes","Combustible","Core","20-pack","Combustible"
"OFF-PA-10000019","CIG-VAR-873298","Cigarettes","Combustible","Core","Multi-pack","Combustible"
"OFF-PA-10000026","CIG-VAR-131364","Cigarettes","Combustible","Premium","20-pack","Combustible"
"OFF-PA-10000029","CIG-VAR-820823","Cigarettes","Combustible","Value","10-pack","Combustible"
"OFF-PA-10000030","CIG-VAR-781273","Cigarettes","Combustible","Core","20-pack","Combustible"
"OFF-PA-10000032","CIG-VAR-028968","Cigarettes","Combustible","Premium","20-pack","Combustible"
"OFF-PA-10000034","CIG-VAR-085771","Cigarettes","Combustible","Core","10-pack","Combustible"
"OFF-PA-10000036","CIG-VAR-781606","Cigarettes","Combustible","Core","10-pack","Combustible"
"OFF-PA-10000048","CIG-VAR-435424","Cigarettes","Combustible","Core","10-pack","Combustible"
"OFF-PA-10000061","CIG-VAR-120040","Cigarettes","Combustible","Core","30-pack","Combustible"
"OFF-PA-10000062","CIG-VAR-736909","Cigarettes","Combustible","Core","10-pack","Combustible"
"OFF-PA-10000069","CIG-VAR-061489","Cigarettes","Combustible","Core","10-pack","Combustible"
"OFF-PA-10000070","CIG-VAR-480769","Cigarettes","Combustible","Core","20-pack","Combustible"
"OFF-PA-10000081","CIG-VAR-435023","Cigarettes","Combustible","Value","10-pack","Combustible"
"OFF-PA-10000091","CIG-VAR-634770","Cigarettes","Combustible","Premium","20-pack","Combustible"
"OFF-PA-10000098","CIG-VAR-177184","Cigarettes","Combustible","Core","20-pack","Combustible"
"OFF-PA-10000100","CIG-VAR-585180","Cigarettes","Combustible","Premium","20-pack","Combustible"
"OFF-PA-10000108","CIG-VAR-923448","Cigarettes","Combustible","Premium","Multi-pack","Combustible"
"OFF-PA-10000116","CIG-VAR-815770","Cigarettes","Combustible","Core","20-pack","Combustible"
"OFF-PA-10000127","CIG-VAR-107526","Cigarettes","Combustible","Premium","10-pack","Combustible"
"OFF-PA-10000130","CIG-VAR-545553","Cigarettes","Combustible","Premium","30-pack","Combustible"
"OFF-PA-10000141","CIG-VAR-548537","Cigarettes","Combustible","Value","Multi-pack","Combustible"
"OFF-PA-10000143","CIG-VAR-126017","Cigarettes","Combustible","Value","Multi-pack","Combustible"
"OFF-PA-10000157","CIG-VAR-963746","Cigarettes","Combustible","Value","Multi-pack","Combustible"
"OFF-PA-10000167","CIG-VAR-277028","Cigarettes","Combustible","Value","10-pack","Combustible"
"OFF-PA-10000174","CIG-VAR-962668","Cigarettes","Combustible","Core","Multi-pack","Combustible"
"OFF-PA-10000176","CIG-VAR-815871","Cigarettes","Combustible","Premium","Multi-pack","Combustible"
"OFF-PA-10000194","CIG-VAR-074625","Cigarettes","Combustible","Premium","20-pack","Combustible"
"OFF-PA-10000206","CIG-VAR-778581","Cigarettes","Combustible","Premium","20-pack","Combustible"
"OFF-PA-10000210","CIG-VAR-080102","Cigarettes","Combustible","Value","20-pack","Combustible"
"OFF-PA-10000213","CIG-VAR-517574","Cigarettes","Combustible","Value","Multi-pack","Combustible"
"OFF-PA-10000215","CIG-VAR-088426","Cigarettes","Combustible","Core","30-pack","Combustible"
"OFF-PA-10000223","CIG-VAR-935540","Cigarettes","Combustible","Value","10-pack","Combustible"
"OFF-PA-10000232","CIG-VAR-207574","Cigarettes","Combustible","Core","Multi-pack","Combustible"
"OFF-PA-10000241","CIG-VAR-646714","Cigarettes","Combustible","Core","30-pack","Combustible"
"OFF-PA-10000246","CIG-VAR-401066","Cigarettes","Combustible","Value","20-pack","Combustible"
"OFF-PA-10000249","CIG-VAR-071570","Cigarettes","Combustible","Value","10-pack","Combustible"
"OFF-PA-10000273","CIG-VAR-101345","Cigarettes","Combustible","Value","20-pack","Combustible"
"OFF-PA-10000277","CIG-VAR-781563","Cigarettes","Combustible","Premium","10-pack","Combustible"
"OFF-PA-10000289","CIG-VAR-568346","Cigarettes","Combustible","Value","10-pack","Combustible"
"OFF-PA-10000295","CIG-VAR-791627","Cigarettes","Combustible","Value","30-pack","Combustible"
"OFF-PA-10000300","CIG-VAR-500171","Cigarettes","Combustible","Value","Multi-pack","Combustible"
"OFF-PA-10000301","CIG-VAR-843128","Cigarettes","Combustible","Value","20-pack","Combustible"
"OFF-PA-10000302","CIG-VAR-371564","Cigarettes","Combustible","Value","Multi-pack","Combustible"
"OFF-PA-10000304","CIG-VAR-828891","Cigarettes","Combustible","Premium","30-pack","Combustible"
"OFF-PA-10000308","CIG-VAR-886799","Cigarettes","Combustible","Value","20-pack","Combustible"
"OFF-PA-10000312","CIG-VAR-436084","Cigarettes","Combustible","Core","30-pack","Combustible"
"OFF-PA-10000317","CIG-VAR-110277","Cigarettes","Combustible","Premium","20-pack","Combustible"
"OFF-PA-10000318","CIG-VAR-162650","Cigarettes","Combustible","Value","10-pack","Combustible"
"OFF-PA-10000320","CIG-VAR-825731","Cigarettes","Combustible","Value","20-pack","Combustible"
"OFF-PA-10000327","CIG-VAR-000053","Cigarettes","Combustible","Value","30-pack","Combustible"
"OFF-PA-10000344","CIG-VAR-042827","Cigarettes","Combustible","Value","30-pack","Combustible"
"OFF-PA-10000349","CIG-VAR-403621","Cigarettes","Combustible","Core","Multi-pack","Combustible"
"OFF-PA-10000350","CIG-VAR-407306","Cigarettes","Combustible","Value","30-pack","Combustible"
"OFF-PA-10000354","CIG-VAR-018280","Cigarettes","Combustible","Core","Multi-pack","Combustible"
"OFF-PA-10000357","CIG-VAR-356980","Cigarettes","Combustible","Core","20-pack","Combustible"
"OFF-PA-10000362","CIG-VAR-852844","Cigarettes","Combustible","Core","20-pack","Combustible"
"OFF-PA-10000373","CIG-VAR-064274","Cigarettes","Combustible","Value","30-pack","Combustible"
"OFF-PA-10000380","CIG-VAR-205754","Cigarettes","Combustible","Value","Multi-pack","Combustible"
"OFF-PA-10000382","CIG-VAR-978482","Cigarettes","Combustible","Value","Multi-pack","Combustible"
"OFF-PA-10000383","CIG-VAR-840710","Cigarettes","Combustible","Value","20-pack","Combustible"
"OFF-PA-10000393","CIG-VAR-645500","Cigarettes","Combustible","Value","10-pack","Combustible"
"OFF-PA-10000418","CIG-VAR-668295","Cigarettes","Combustible","Premium","20-pack","Combustible"
"OFF-PA-10000420","CIG-VAR-239647","Cigarettes","Combustible","Core","10-pack","Combustible"
"OFF-PA-10000423","CIG-VAR-686513","Cigarettes","Combustible","Value","30-pack","Combustible"
"OFF-PA-10000450","CIG-VAR-779823","Cigarettes","Combustible","Premium","Multi-pack","Combustible"
"OFF-PA-10000453","CIG-VAR-094252","Cigarettes","Combustible","Core","20-pack","Combustible"
"OFF-PA-10000466","CIG-VAR-285593","Cigarettes","Combustible","Value","20-pack","Combustible"
"OFF-PA-10000474","CIG-VAR-537794","Cigarettes","Combustible","Value","10-pack","Combustible"
"OFF-PA-10000476","CIG-VAR-342205","Cigarettes","Combustible","Core","10-pack","Combustible"
"OFF-PA-10000477","CIG-VAR-605657","Cigarettes","Combustible","Value","30-pack","Combustible"
"OFF-PA-10000482","CIG-VAR-916727","Cigarettes","Combustible","Value","30-pack","Combustible"
"OFF-PA-10000483","CIG-VAR-565496","Cigarettes","Combustible","Value","10-pack","Combustible"
"OFF-PA-10000501","CIG-VAR-692863","Cigarettes","Combustible","Core","Multi-pack","Combustible"
"OFF-PA-10000520","CIG-VAR-737712","Cigarettes","Combustible","Premium","Multi-pack","Combustible"
"OFF-PA-10000522","CIG-VAR-456575","Cigarettes","Combustible","Value","Multi-pack","Combustible"
"OFF-PA-10000527","CIG-VAR-207896","Cigarettes","Combustible","Value","10-pack","Combustible"
"OFF-PA-10000528","CIG-VAR-238436","Cigarettes","Combustible","Value","20-pack","Combustible"
"OFF-PA-10000533","CIG-VAR-411114","Cigarettes","Combustible","Premium","10-pack","Combustible"
"OFF-PA-10000540","CIG-VAR-683888","Cigarettes","Combustible","Value","20-pack","Combustible"
"OFF-PA-10000551","CIG-VAR-372995","Cigarettes","Combustible","Value","30-pack","Combustible"
"OFF-PA-10000552","CIG-VAR-971302","Cigarettes","Combustible","Core","10-pack","Combustible"
"OFF-PA-10000556","CIG-VAR-562135","Cigarettes","Combustible","Core","20-pack","Combustible"
"OFF-PA-10000562","CIG-VAR-746329","Cigarettes","Combustible","Core","Multi-pack","Combustible"
"OFF-PA-10000565","CIG-VAR-445055","Cigarettes","Combustible","Value","10-pack","Combustible"
"OFF-PA-10000575","CIG-VAR-039935","Cigarettes","Combustible","Value","20-pack","Combustible"
"OFF-PA-10000579","CIG-VAR-609746","Cigarettes","Combustible","Value","30-pack","Combustible"
"OFF-PA-10000587","CIG-VAR-823107","Cigarettes","Combustible","Premium","30-pack","Combustible"
"OFF-PA-10000588","CIG-VAR-900443","Cigarettes","Combustible","Value","Multi-pack","Combustible"
"OFF-PA-10000591","CIG-VAR-258404","Cigarettes","Combustible","Value","30-pack","Combustible"
"OFF-PA-10000595","CIG-VAR-289568","Cigarettes","Combustible","Value","Multi-pack","Combustible"
"OFF-PA-10000601","CIG-VAR-798460","Cigarettes","Combustible","Core","30-pack","Combustible"
"OFF-PA-10000605","CIG-VAR-643955","Cigarettes","Combustible","Value","Multi-pack","Combustible"
"OFF-PA-10000644","CIG-VAR-953602","Cigarettes","Combustible","Core","20-pack","Combustible"
"OFF-PA-10000655","CIG-VAR-376398","Cigarettes","Combustible","Premium","30-pack","Combustible"
"OFF-PA-10000659","CIG-VAR-202870","Cigarettes","Combustible","Core","20-pack","Combustible"
"OFF-PA-10000673","CIG-VAR-222778","Cigarettes","Combustible","Core","20-pack","Combustible"
"OFF-PA-10000675","CIG-VAR-614155","Cigarettes","Combustible","Core","10-pack","Combustible"
"OFF-PA-10000677","CIG-VAR-680490","Cigarettes","Combustible","Premium","10-pack","Combustible"
"OFF-PA-10000682","CIG-VAR-355899","Cigarettes","Combustible","Premium","10-pack","Combustible"
"OFF-PA-10000694","CIG-VAR-322732","Cigarettes","Combustible","Core","10-pack","Combustible"
"OFF-PA-10000697","CIG-VAR-303402","Cigarettes","Combustible","Premium","30-pack","Combustible"
"OFF-PA-10000705","CIG-VAR-896057","Cigarettes","Combustible","Value","10-pack","Combustible"
"OFF-PA-10000721","CIG-VAR-752449","Cigarettes","Combustible","Core","Multi-pack","Combustible"
"OFF-PA-10000726","CIG-VAR-636950","Cigarettes","Combustible","Value","10-pack","Combustible"
"OFF-PA-10000731","CIG-VAR-207679","Cigarettes","Combustible","Core","30-pack","Combustible"
"OFF-PA-10000740","CIG-VAR-603406","Cigarettes","Combustible","Core","Multi-pack","Combustible"
"OFF-PA-10000743","CIG-VAR-236309","Cigarettes","Combustible","Value","20-pack","Combustible"
"OFF-PA-10000745","CIG-VAR-846015","Cigarettes","Combustible","Premium","10-pack","Combustible"
"OFF-PA-10000752","CIG-VAR-896605","Cigarettes","Combustible","Core","30-pack","Combustible"
"OFF-PA-10000756","CIG-VAR-422461","Cigarettes","Combustible","Core","Multi-pack","Combustible"
"OFF-PA-10000758","CIG-VAR-452822","Cigarettes","Combustible","Value","10-pack","Combustible"
"OFF-PA-10000776","CIG-VAR-285139","Cigarettes","Combustible","Core","20-pack","Combustible"
"OFF-PA-10000781","CIG-VAR-287100","Cigarettes","Combustible","Premium","20-pack","Combustible"
"OFF-PA-10000788","CIG-VAR-304304","Cigarettes","Combustible","Value","20-pack","Combustible"
"OFF-PA-10000791","CIG-VAR-474912","Cigarettes","Combustible","Premium","10-pack","Combustible"
"OFF-PA-10000806","CIG-VAR-451085","Cigarettes","Combustible","Value","Multi-pack","Combustible"
"OFF-PA-10000807","CIG-VAR-988479","Cigarettes","Combustible","Premium","20-pack","Combustible"
"OFF-PA-10000809","CIG-VAR-427075","Cigarettes","Combustible","Core","30-pack","Combustible"
"OFF-PA-10000816","CIG-VAR-654378","Cigarettes","Combustible","Premium","30-pack","Combustible"
"OFF-PA-10000824","CIG-VAR-421799","Cigarettes","Combustible","Value","20-pack","Combustible"
"OFF-PA-10000827","CIG-VAR-181910","Cigarettes","Combustible","Value","Multi-pack","Combustible"
"OFF-PA-10000850","CIG-VAR-194603","Cigarettes","Combustible","Value","Multi-pack","Combustible"
"OFF-PA-10000859","CIG-VAR-750210","Cigarettes","Combustible","Premium","Multi-pack","Combustible"
"OFF-PA-10000863","CIG-VAR-598535","Cigarettes","Combustible","Value","30-pack","Combustible"
"OFF-PA-10000867","CIG-VAR-957386","Cigarettes","Combustible","Value","Multi-pack","Combustible"
"OFF-PA-10000871","CIG-VAR-070744","Cigarettes","Combustible","Core","Multi-pack","Combustible"
"OFF-PA-10000872","CIG-VAR-129513","Cigarettes","Combustible","Premium","20-pack","Combustible"
"OFF-PA-10000876","CIG-VAR-637312","Cigarettes","Combustible","Core","10-pack","Combustible"
"OFF-PA-10000878","CIG-VAR-800375","Cigarettes","Combustible","Value","Multi-pack","Combustible"
"OFF-PA-10000908","CIG-VAR-702243","Cigarettes","Combustible","Premium","Multi-pack","Combustible"
"OFF-PA-10000915","CIG-VAR-045082","Cigarettes","Combustible","Core","Multi-pack","Combustible"
"OFF-PA-10000919","CIG-VAR-698878","Cigarettes","Combustible","Core","10-pack","Combustible"
"OFF-PA-10000924","CIG-VAR-558247","Cigarettes","Combustible","Core","30-pack","Combustible"
"OFF-PA-10000935","CIG-VAR-624319","Cigarettes","Combustible","Core","20-pack","Combustible"
"OFF-PA-10000944","CIG-VAR-884375","Cigarettes","Combustible","Value","10-pack","Combustible"
"OFF-PA-10000947","CIG-VAR-408688","Cigarettes","Combustible","Core","30-pack","Combustible"
"OFF-PA-10000951","CIG-VAR-816382","Cigarettes","Combustible","Core","30-pack","Combustible"
"OFF-PA-10000955","CIG-VAR-472799","Cigarettes","Combustible","Value","Multi-pack","Combustible"
"OFF-PA-10000960","CIG-VAR-844290","Cigarettes","Combustible","Premium","Multi-pack","Combustible"
"OFF-PA-10000961","CIG-VAR-722093","Cigarettes","Combustible","Value","20-pack","Combustible"
"OFF-PA-10000976","CIG-VAR-939675","Cigarettes","Combustible","Premium","Multi-pack","Combustible"
"OFF-PA-10000994","CIG-VAR-361949","Cigarettes","Combustible","Value","20-pack","Combustible"
"OFF-PA-10001001","CIG-VAR-459566","Cigarettes","Combustible","Value","20-pack","Combustible"
"OFF-PA-10001004","CIG-VAR-978288","Cigarettes","Combustible","Premium","30-pack","Combustible"
"OFF-PA-10001006","CIG-VAR-577146","Cigarettes","Combustible","Premium","30-pack","Combustible"
"OFF-PA-10001019","CIG-VAR-824801","Cigarettes","Combustible","Value","30-pack","Combustible"
"OFF-PA-10001033","CIG-VAR-679619","Cigarettes","Combustible","Value","30-pack","Combustible"
"OFF-PA-10001085","CIG-VAR-557987","Cigarettes","Combustible","Value","10-pack","Combustible"
"OFF-PA-10001086","CIG-VAR-729486","Cigarettes","Combustible","Premium","30-pack","Combustible"
"OFF-PA-10001091","CIG-VAR-613722","Cigarettes","Combustible","Premium","10-pack","Combustible"
"OFF-PA-10001115","CIG-VAR-918550","Cigarettes","Combustible","Core","30-pack","Combustible"
"OFF-PA-10001125","CIG-VAR-041451","Cigarettes","Combustible","Premium","20-pack","Combustible"
"OFF-PA-10001142","CIG-VAR-513559","Cigarettes","Combustible","Core","10-pack","Combustible"
"OFF-PA-10001144","CIG-VAR-059454","Cigarettes","Combustible","Premium","20-pack","Combustible"
"OFF-PA-10001164","CIG-VAR-176721","Cigarettes","Combustible","Premium","Multi-pack","Combustible"
"OFF-PA-10001166","CIG-VAR-506374","Cigarettes","Combustible","Core","Multi-pack","Combustible"
"OFF-PA-10001170","CIG-VAR-738860","Cigarettes","Combustible","Value","Multi-pack","Combustible"
"OFF-PA-10001178","CIG-VAR-698659","Cigarettes","Combustible","Core","20-pack","Combustible"
"OFF-PA-10001184","CIG-VAR-935109","Cigarettes","Combustible","Premium","20-pack","Combustible"
"OFF-PA-10001204","CIG-VAR-751464","Cigarettes","Combustible","Premium","10-pack","Combustible"
"OFF-PA-10001212","CIG-VAR-732276","Cigarettes","Combustible","Premium","10-pack","Combustible"
"OFF-PA-10001215","CIG-VAR-378637","Cigarettes","Combustible","Core","Multi-pack","Combustible"
"OFF-PA-10001223","CIG-VAR-633095","Cigarettes","Combustible","Value","20-pack","Combustible"
"OFF-PA-10001236","CIG-VAR-480194","Cigarettes","Combustible","Value","Multi-pack","Combustible"
"OFF-PA-10001243","CIG-VAR-114184","Cigarettes","Combustible","Core","Multi-pack","Combustible"
"OFF-PA-10001246","CIG-VAR-486155","Cigarettes","Combustible","Value","10-pack","Combustible"
"OFF-PA-10001258","CIG-VAR-108851","Cigarettes","Combustible","Value","30-pack","Combustible"
"OFF-PA-10001259","CIG-VAR-316863","Cigarettes","Combustible","Premium","10-pack","Combustible"
"OFF-PA-10001260","CIG-VAR-801062","Cigarettes","Combustible","Value","Multi-pack","Combustible"
"OFF-PA-10001274","CIG-VAR-746359","Cigarettes","Combustible","Core","Multi-pack","Combustible"
"OFF-PA-10001275","CIG-VAR-889193","Cigarettes","Combustible","Value","20-pack","Combustible"
"OFF-PA-10001281","CIG-VAR-726386","Cigarettes","Combustible","Value","Multi-pack","Combustible"
"OFF-PA-10001283","CIG-VAR-505720","Cigarettes","Combustible","Core","Multi-pack","Combustible"
"OFF-PA-10001289","CIG-VAR-846852","Cigarettes","Combustible","Premium","20-pack","Combustible"
"OFF-PA-10001293","CIG-VAR-545280","Cigarettes","Combustible","Premium","30-pack","Combustible"
"OFF-PA-10001294","CIG-VAR-703013","Cigarettes","Combustible","Value","20-pack","Combustible"
"OFF-PA-10001295","CIG-VAR-750535","Cigarettes","Combustible","Core","Multi-pack","Combustible"
"OFF-PA-10001301","CIG-VAR-365135","Cigarettes","Combustible","Value","10-pack","Combustible"
"OFF-PA-10001302","CIG-VAR-405358","Cigarettes","Combustible","Core","30-pack","Combustible"
"OFF-PA-10001307","CIG-VAR-443409","Cigarettes","Combustible","Premium","20-pack","Combustible"
"OFF-PA-10001323","CIG-VAR-723456","Cigarettes","Combustible","Premium","30-pack","Combustible"
"OFF-PA-10001327","CIG-VAR-702852","Cigarettes","Combustible","Premium","Multi-pack","Combustible"
"OFF-PA-10001348","CIG-VAR-569756","Cigarettes","Combustible","Value","10-pack","Combustible"
"OFF-PA-10001351","CIG-VAR-674646","Cigarettes","Combustible","Premium","20-pack","Combustible"
"OFF-PA-10001357","CIG-VAR-625197","Cigarettes","Combustible","Premium","10-pack","Combustible"
"OFF-PA-10001363","CIG-VAR-245500","Cigarettes","Combustible","Core","30-pack","Combustible"
"OFF-PA-10001370","CIG-VAR-821925","Cigarettes","Combustible","Premium","20-pack","Combustible"
"OFF-PA-10001371","CIG-VAR-216864","Cigarettes","Combustible","Premium","Multi-pack","Combustible"
"OFF-PA-10001385","CIG-VAR-091626","Cigarettes","Combustible","Premium","20-pack","Combustible"
"OFF-PA-10001409","CIG-VAR-020231","Cigarettes","Combustible","Value","Multi-pack","Combustible"
"OFF-PA-10001421","CIG-VAR-383553","Cigarettes","Combustible","Premium","Multi-pack","Combustible"
"OFF-PA-10001445","CIG-VAR-741122","Cigarettes","Combustible","Value","10-pack","Combustible"
"OFF-PA-10001448","CIG-VAR-590201","Cigarettes","Combustible","Value","20-pack","Combustible"
"OFF-PA-10001450","CIG-VAR-084504","Cigarettes","Combustible","Premium","30-pack","Combustible"
"OFF-PA-10001456","CIG-VAR-148171","Cigarettes","Combustible","Core","Multi-pack","Combustible"
"OFF-PA-10001457","CIG-VAR-565096","Cigarettes","Combustible","Core","20-pack","Combustible"
"OFF-PA-10001461","CIG-VAR-781001","Cigarettes","Combustible","Value","Multi-pack","Combustible"
"OFF-PA-10001466","CIG-VAR-156083","Cigarettes","Combustible","Value","10-pack","Combustible"
"OFF-PA-10001470","CIG-VAR-886031","Cigarettes","Combustible","Value","10-pack","Combustible"
"OFF-PA-10001471","CIG-VAR-716586","Cigarettes","Combustible","Premium","30-pack","Combustible"
"OFF-PA-10001492","CIG-VAR-026002","Cigarettes","Combustible","Core","30-pack","Combustible"
"OFF-PA-10001495","CIG-VAR-423329","Cigarettes","Combustible","Value","20-pack","Combustible"
"OFF-PA-10001497","CIG-VAR-742463","Cigarettes","Combustible","Value","20-pack","Combustible"
"OFF-PA-10001509","CIG-VAR-711228","Cigarettes","Combustible","Premium","10-pack","Combustible"
"OFF-PA-10001516","CIG-VAR-266744","Cigarettes","Combustible","Value","10-pack","Combustible"
"OFF-PA-10001523","CIG-VAR-041115","Cigarettes","Combustible","Premium","10-pack","Combustible"
"OFF-PA-10001526","CIG-VAR-757785","Cigarettes","Combustible","Premium","Multi-pack","Combustible"
"OFF-PA-10001531","CIG-VAR-660833","Cigarettes","Combustible","Value","20-pack","Combustible"
"OFF-PA-10001534","CIG-VAR-693810","Cigarettes","Combustible","Premium","30-pack","Combustible"
"OFF-PA-10001536","CIG-VAR-593588","Cigarettes","Combustible","Value","30-pack","Combustible"
"OFF-PA-10001537","CIG-VAR-813068","Cigarettes","Combustible","Value","10-pack","Combustible"
"OFF-PA-10001560","CIG-VAR-180498","Cigarettes","Combustible","Premium","30-pack","Combustible"
"OFF-PA-10001569","CIG-VAR-499389","Cigarettes","Combustible","Premium","30-pack","Combustible"
"OFF-PA-10001576","CIG-VAR-036729","Cigarettes","Combustible","Premium","30-pack","Combustible"
"OFF-PA-10001578","CIG-VAR-641213","Cigarettes","Combustible","Value","20-pack","Combustible"
"OFF-PA-10001583","CIG-VAR-860818","Cigarettes","Combustible","Core","30-pack","Combustible"
"OFF-PA-10001593","CIG-VAR-271612","Cigarettes","Combustible","Core","Multi-pack","Combustible"
"OFF-PA-10001595","CIG-VAR-775826","Cigarettes","Combustible","Value","30-pack","Combustible"
"OFF-PA-10001609","CIG-VAR-613839","Cigarettes","Combustible","Premium","20-pack","Combustible"
"OFF-PA-10001620","CIG-VAR-989691","Cigarettes","Combustible","Premium","Multi-pack","Combustible"
"OFF-PA-10001622","CIG-VAR-075076","Cigarettes","Combustible","Core","Multi-pack","Combustible"
"OFF-PA-10001639","CIG-VAR-019840","Cigarettes","Combustible","Core","30-pack","Combustible"
"OFF-PA-10001650","CIG-VAR-485873","Cigarettes","Combustible","Value","10-pack","Combustible"
"OFF-PA-10001653","CIG-VAR-007957","Cigarettes","Combustible","Core","30-pack","Combustible"
"OFF-PA-10001656","CIG-VAR-931658","Cigarettes","Combustible","Value","20-pack","Combustible"
"OFF-PA-10001661","CIG-VAR-149739","Cigarettes","Combustible","Premium","20-pack","Combustible"
"OFF-PA-10001662","CIG-VAR-962642","Cigarettes","Combustible","Value","Multi-pack","Combustible"
"OFF-PA-10001667","CIG-VAR-629119","Cigarettes","Combustible","Core","10-pack","Combustible"
"OFF-PA-10001685","CIG-VAR-107376","Cigarettes","Combustible","Premium","30-pack","Combustible"
"OFF-PA-10001686","CIG-VAR-155256","Cigarettes","Combustible","Premium","10-pack","Combustible"
"OFF-PA-10001691","CIG-VAR-365696","Cigarettes","Combustible","Value","30-pack","Combustible"
"OFF-PA-10001708","CIG-VAR-419366","Cigarettes","Combustible","Value","10-pack","Combustible"
"OFF-PA-10001712","CIG-VAR-217313","Cigarettes","Combustible","Value","Multi-pack","Combustible"
"OFF-PA-10001720","CIG-VAR-026857","Cigarettes","Combustible","Core","10-pack","Combustible"
"OFF-PA-10001722","CIG-VAR-423481","Cigarettes","Combustible","Core","10-pack","Combustible"
"OFF-PA-10001725","CIG-VAR-983895","Cigarettes","Combustible","Premium","Multi-pack","Combustible"
"OFF-PA-10001733","CIG-VAR-647887","Cigarettes","Combustible","Core","Multi-pack","Combustible"
"OFF-PA-10001735","CIG-VAR-209751","Cigarettes","Combustible","Premium","30-pack","Combustible"
"OFF-PA-10001736","CIG-VAR-293896","Cigarettes","Combustible","Core","10-pack","Combustible"
"OFF-PA-10001745","CIG-VAR-560805","Cigarettes","Combustible","Premium","20-pack","Combustible"
"OFF-PA-10001752","CIG-VAR-129660","Cigarettes","Combustible","Premium","Multi-pack","Combustible"
"OFF-PA-10001758","CIG-VAR-506499","Cigarettes","Combustible","Premium","20-pack","Combustible"
"OFF-PA-10001761","CIG-VAR-332323","Cigarettes","Combustible","Core","30-pack","Combustible"
"OFF-PA-10001763","CIG-VAR-477493","Cigarettes","Combustible","Core","30-pack","Combustible"
"OFF-PA-10001776","CIG-VAR-230597","Cigarettes","Combustible","Value","10-pack","Combustible"
"OFF-PA-10001790","CIG-VAR-544017","Cigarettes","Combustible","Premium","Multi-pack","Combustible"
"OFF-PA-10001795","CIG-VAR-040595","Cigarettes","Combustible","Value","10-pack","Combustible"
"OFF-PA-10001800","CIG-VAR-114383","Cigarettes","Combustible","Value","Multi-pack","Combustible"
"OFF-PA-10001801","CIG-VAR-985144","Cigarettes","Combustible","Core","20-pack","Combustible"
"OFF-PA-10001804","CIG-VAR-790347","Cigarettes","Combustible","Premium","30-pack","Combustible"
"OFF-PA-10001815","CIG-VAR-577787","Cigarettes","Combustible","Value","20-pack","Combustible"
"OFF-PA-10001818","CIG-VAR-888696","Cigarettes","Combustible","Premium","10-pack","Combustible"
"OFF-PA-10001826","CIG-VAR-460691","Cigarettes","Combustible","Value","10-pack","Combustible"
"OFF-PA-10001835","CIG-VAR-839186","Cigarettes","Combustible","Value","Multi-pack","Combustible"
"OFF-PA-10001837","CIG-VAR-000634","Cigarettes","Combustible","Core","Multi-pack","Combustible"
"OFF-PA-10001838","CIG-VAR-888421","Cigarettes","Combustible","Core","30-pack","Combustible"
"OFF-PA-10001844","CIG-VAR-531000","Cigarettes","Combustible","Premium","30-pack","Combustible"
"OFF-PA-10001846","CIG-VAR-759585","Cigarettes","Combustible","Premium","30-pack","Combustible"
"OFF-PA-10001849","CIG-VAR-258696","Cigarettes","Combustible","Premium","Multi-pack","Combustible"
"OFF-PA-10001850","CIG-VAR-031678","Cigarettes","Combustible","Core","30-pack","Combustible"
"OFF-PA-10001858","CIG-VAR-946080","Cigarettes","Combustible","Premium","10-pack","Combustible"
"OFF-PA-10001869","CIG-VAR-407924","Cigarettes","Combustible","Value","20-pack","Combustible"
"OFF-PA-10001870","CIG-VAR-176120","Cigarettes","Combustible","Value","10-pack","Combustible"
"OFF-PA-10001878","CIG-VAR-840159","Cigarettes","Combustible","Premium","30-pack","Combustible"
"OFF-PA-10001892","CIG-VAR-304441","Cigarettes","Combustible","Core","30-pack","Combustible"
"OFF-PA-10001905","CIG-VAR-262673","Cigarettes","Combustible","Value","Multi-pack","Combustible"
"OFF-PA-10001934","CIG-VAR-741786","Cigarettes","Combustible","Premium","30-pack","Combustible"
"OFF-PA-10001937","CIG-VAR-653214","Cigarettes","Combustible","Premium","10-pack","Combustible"
"OFF-PA-10001944","CIG-VAR-826750","Cigarettes","Combustible","Core","20-pack","Combustible"
"OFF-PA-10001947","CIG-VAR-734299","Cigarettes","Combustible","Core","Multi-pack","Combustible"
"OFF-PA-10001950","CIG-VAR-961836","Cigarettes","Combustible","Premium","20-pack","Combustible"
"OFF-PA-10001952","CIG-VAR-210221","Cigarettes","Combustible","Value","20-pack","Combustible"
"OFF-PA-10001954","CIG-VAR-326995","Cigarettes","Combustible","Core","10-pack","Combustible"
"OFF-PA-10001968","CIG-VAR-124013","Cigarettes","Combustible","Value","10-pack","Combustible"
"OFF-PA-10001970","CIG-VAR-861546","Cigarettes","Combustible","Premium","Multi-pack","Combustible"
"OFF-PA-10001971","CIG-VAR-683873","Cigarettes","Combustible","Value","20-pack","Combustible"
"OFF-PA-10001972","CIG-VAR-731808","Cigarettes","Combustible","Premium","Multi-pack","Combustible"
"OFF-PA-10001977","CIG-VAR-625109","Cigarettes","Combustible","Value","10-pack","Combustible"
"OFF-PA-10001979","CIG-VAR-982182","Cigarettes","Combustible","Premium","Multi-pack","Combustible"
"OFF-PA-10001994","CIG-VAR-952004","Cigarettes","Combustible","Value","10-pack","Combustible"
"OFF-PA-10002001","CIG-VAR-656613","Cigarettes","Combustible","Premium","Multi-pack","Combustible"
"OFF-PA-10002005","CIG-VAR-849927","Cigarettes","Combustible","Premium","30-pack","Combustible"
"OFF-PA-10002011","CIG-VAR-759204","Cigarettes","Combustible","Premium","30-pack","Combustible"
"OFF-PA-10002022","CIG-VAR-880504","Cigarettes","Combustible","Core","Multi-pack","Combustible"
"OFF-PA-10002033","CIG-VAR-924482","Cigarettes","Combustible","Value","10-pack","Combustible"
"OFF-PA-10002036","CIG-VAR-015229","Cigarettes","Combustible","Core","Multi-pack","Combustible"
"OFF-PA-10002040","CIG-VAR-996877","Cigarettes","Combustible","Core","20-pack","Combustible"
"OFF-PA-10002043","CIG-VAR-672975","Cigarettes","Combustible","Premium","Multi-pack","Combustible"
"OFF-PA-10002047","CIG-VAR-019235","Cigarettes","Combustible","Value","30-pack","Combustible"
"OFF-PA-10002073","CIG-VAR-815032","Cigarettes","Combustible","Core","10-pack","Combustible"
"OFF-PA-10002101","CIG-VAR-139313","Cigarettes","Combustible","Value","10-pack","Combustible"
"OFF-PA-10002105","CIG-VAR-308447","Cigarettes","Combustible","Value","20-pack","Combustible"
"OFF-PA-10002109","CIG-VAR-847538","Cigarettes","Combustible","Value","30-pack","Combustible"
"OFF-PA-10002120","CIG-VAR-553509","Cigarettes","Combustible","Premium","10-pack","Combustible"
"OFF-PA-10002137","CIG-VAR-008379","Cigarettes","Combustible","Premium","30-pack","Combustible"
"OFF-PA-10002160","CIG-VAR-832667","Cigarettes","Combustible","Value","10-pack","Combustible"
"OFF-PA-10002193","CIG-VAR-454283","Cigarettes","Combustible","Value","20-pack","Combustible"
"OFF-PA-10002195","CIG-VAR-595812","Cigarettes","Combustible","Premium","10-pack","Combustible"
"OFF-PA-10002196","CIG-VAR-210445","Cigarettes","Combustible","Core","30-pack","Combustible"
"OFF-PA-10002218","CIG-VAR-898639","Cigarettes","Combustible","Core","10-pack","Combustible"
"OFF-PA-10002219","CIG-VAR-023358","Cigarettes","Combustible","Premium","30-pack","Combustible"
"OFF-PA-10002222","CIG-VAR-398257","Cigarettes","Combustible","Core","20-pack","Combustible"
"OFF-PA-10002230","CIG-VAR-999141","Cigarettes","Combustible","Premium","10-pack","Combustible"
"OFF-PA-10002231","CIG-VAR-088111","Cigarettes","Combustible","Core","30-pack","Combustible"
"OFF-PA-10002237","CIG-VAR-890413","Cigarettes","Combustible","Core","Multi-pack","Combustible"
"OFF-PA-10002245","CIG-VAR-289827","Cigarettes","Combustible","Premium","10-pack","Combustible"
"OFF-PA-10002246","CIG-VAR-234011","Cigarettes","Combustible","Value","30-pack","Combustible"
"OFF-PA-10002248","CIG-VAR-023130","Cigarettes","Combustible","Premium","20-pack","Combustible"
"OFF-PA-10002250","CIG-VAR-829058","Cigarettes","Combustible","Value","30-pack","Combustible"
"OFF-PA-10002254","CIG-VAR-246812","Cigarettes","Combustible","Value","Multi-pack","Combustible"
"OFF-PA-10002258","CIG-VAR-932469","Cigarettes","Combustible","Premium","10-pack","Combustible"
"OFF-PA-10002259","CIG-VAR-493667","Cigarettes","Combustible","Value","30-pack","Combustible"
"OFF-PA-10002262","CIG-VAR-449079","Cigarettes","Combustible","Premium","20-pack","Combustible"
"OFF-PA-10002292","CIG-VAR-734780","Cigarettes","Combustible","Value","30-pack","Combustible"
"OFF-PA-10002295","CIG-VAR-796831","Cigarettes","Combustible","Core","20-pack","Combustible"
"OFF-PA-10002303","CIG-VAR-384836","Cigarettes","Combustible","Value","30-pack","Combustible"
"OFF-PA-10002319","CIG-VAR-947899","Cigarettes","Combustible","Core","20-pack","Combustible"
"OFF-PA-10002328","CIG-VAR-261047","Cigarettes","Combustible","Value","10-pack","Combustible"
"OFF-PA-10002333","CIG-VAR-645545","Cigarettes","Combustible","Value","20-pack","Combustible"
"OFF-PA-10002338","CIG-VAR-547214","Cigarettes","Combustible","Value","20-pack","Combustible"
"OFF-PA-10002352","CIG-VAR-014292","Cigarettes","Combustible","Premium","20-pack","Combustible"
"OFF-PA-10002356","CIG-VAR-170806","Cigarettes","Combustible","Core","10-pack","Combustible"
"OFF-PA-10002360","CIG-VAR-782498","Cigarettes","Combustible","Value","30-pack","Combustible"
"OFF-PA-10002363","CIG-VAR-305225","Cigarettes","Combustible","Value","10-pack","Combustible"
"OFF-PA-10002365","CIG-VAR-352747","Cigarettes","Combustible","Core","20-pack","Combustible"
"OFF-PA-10002369","CIG-VAR-061218","Cigarettes","Combustible","Premium","30-pack","Combustible"
"OFF-PA-10002370","CIG-VAR-995272","Cigarettes","Combustible","Core","Multi-pack","Combustible"
"OFF-PA-10002371","CIG-VAR-786395","Cigarettes","Combustible","Value","20-pack","Combustible"
"OFF-PA-10002372","CIG-VAR-824536","Cigarettes","Combustible","Core","Multi-pack","Combustible"
"OFF-PA-10002373","CIG-VAR-468007","Cigarettes","Combustible","Core","20-pack","Combustible"
"OFF-PA-10002377","CIG-VAR-319241","Cigarettes","Combustible","Value","10-pack","Combustible"
"OFF-PA-10002382","CIG-VAR-280464","Cigarettes","Combustible","Premium","10-pack","Combustible"
"OFF-PA-10002394","CIG-VAR-144000","Cigarettes","Combustible","Premium","10-pack","Combustible"
"OFF-PA-10002396","CIG-VAR-216684","Cigarettes","Combustible","Premium","10-pack","Combustible"
"OFF-PA-10002416","CIG-VAR-153137","Cigarettes","Combustible","Value","20-pack","Combustible"
"OFF-PA-10002418","CIG-VAR-211830","Cigarettes","Combustible","Premium","30-pack","Combustible"
"OFF-PA-10002421","CIG-VAR-873943","Cigarettes","Combustible","Core","20-pack","Combustible"
"OFF-PA-10002461","CIG-VAR-615779","Cigarettes","Combustible","Value","20-pack","Combustible"
"OFF-PA-10002464","CIG-VAR-411591","Cigarettes","Combustible","Premium","30-pack","Combustible"
"OFF-PA-10002473","CIG-VAR-666604","Cigarettes","Combustible","Core","10-pack","Combustible"
"OFF-PA-10002477","CIG-VAR-867963","Cigarettes","Combustible","Premium","20-pack","Combustible"
"OFF-PA-10002479","CIG-VAR-173907","Cigarettes","Combustible","Premium","30-pack","Combustible"
"OFF-PA-10002488","CIG-VAR-888387","Cigarettes","Combustible","Premium","Multi-pack","Combustible"
"OFF-PA-10002499","CIG-VAR-488158","Cigarettes","Combustible","Core","10-pack","Combustible"
"OFF-PA-10002514","CIG-VAR-418085","Cigarettes","Combustible","Value","30-pack","Combustible"
"OFF-PA-10002516","CIG-VAR-290609","Cigarettes","Combustible","Value","30-pack","Combustible"
"OFF-PA-10002520","CIG-VAR-958348","Cigarettes","Combustible","Core","10-pack","Combustible"
"OFF-PA-10002522","CIG-VAR-305309","Cigarettes","Combustible","Value","10-pack","Combustible"
"OFF-PA-10002524","CIG-VAR-905572","Cigarettes","Combustible","Core","20-pack","Combustible"
"OFF-PA-10002534","CIG-VAR-490214","Cigarettes","Combustible","Value","10-pack","Combustible"
"OFF-PA-10002539","CIG-VAR-285108","Cigarettes","Combustible","Premium","20-pack","Combustible"
"OFF-PA-10002552","CIG-VAR-427969","Cigarettes","Combustible","Core","Multi-pack","Combustible"
"OFF-PA-10002558","CIG-VAR-078603","Cigarettes","Combustible","Premium","20-pack","Combustible"
"OFF-PA-10002563","CIG-VAR-501583","Cigarettes","Combustible","Core","30-pack","Combustible"
"OFF-PA-10002581","CIG-VAR-378996","Cigarettes","Combustible","Premium","10-pack","Combustible"
"OFF-PA-10002585","CIG-VAR-714011","Cigarettes","Combustible","Value","20-pack","Combustible"
"OFF-PA-10002586","CIG-VAR-772256","Cigarettes","Combustible","Value","Multi-pack","Combustible"
"OFF-PA-10002606","CIG-VAR-243642","Cigarettes","Combustible","Premium","30-pack","Combustible"
"OFF-PA-10002611","CIG-VAR-098184","Cigarettes","Combustible","Premium","10-pack","Combustible"
"OFF-PA-10002615","CIG-VAR-574323","Cigarettes","Combustible","Premium","20-pack","Combustible"
"OFF-PA-10002616","CIG-VAR-235607","Cigarettes","Combustible","Value","Multi-pack","Combustible"
"OFF-PA-10002618","CIG-VAR-515007","Cigarettes","Combustible","Premium","10-pack","Combustible"
"OFF-PA-10002645","CIG-VAR-521700","Cigarettes","Combustible","Premium","10-pack","Combustible"
"OFF-PA-10002652","CIG-VAR-264018","Cigarettes","Combustible","Premium","30-pack","Combustible"
"OFF-PA-10002659","CIG-VAR-663637","Cigarettes","Combustible","Core","30-pack","Combustible"
"OFF-PA-10002666","CIG-VAR-466936","Cigarettes","Combustible","Core","10-pack","Combustible"
"OFF-PA-10002671","CIG-VAR-490764","Cigarettes","Combustible","Premium","30-pack","Combustible"
"OFF-PA-10002689","CIG-VAR-597652","Cigarettes","Combustible","Core","Multi-pack","Combustible"
"OFF-PA-10002709","CIG-VAR-445340","Cigarettes","Combustible","Value","10-pack","Combustible"
"OFF-PA-10002713","CIG-VAR-117291","Cigarettes","Combustible","Premium","Multi-pack","Combustible"
"OFF-PA-10002725","CIG-VAR-397610","Cigarettes","Combustible","Value","20-pack","Combustible"
"OFF-PA-10002741","CIG-VAR-606446","Cigarettes","Combustible","Value","30-pack","Combustible"
"OFF-PA-10002749","CIG-VAR-341427","Cigarettes","Combustible","Premium","10-pack","Combustible"
"OFF-PA-10002751","CIG-VAR-649041","Cigarettes","Combustible","Premium","Multi-pack","Combustible"
"OFF-PA-10002755","CIG-VAR-794928","Cigarettes","Combustible","Premium","30-pack","Combustible"
"OFF-PA-10002764","CIG-VAR-940125","Cigarettes","Combustible","Premium","Multi-pack","Combustible"
"OFF-PA-10002767","CIG-VAR-495876","Cigarettes","Combustible","Premium","20-pack","Combustible"
"OFF-PA-10002771","CIG-VAR-745916","Cigarettes","Combustible","Value","20-pack","Combustible"
"OFF-PA-10002787","CIG-VAR-332022","Cigarettes","Combustible","Premium","Multi-pack","Combustible"
"OFF-PA-10002811","CIG-VAR-211766","Cigarettes","Combustible","Value","30-pack","Combustible"
"OFF-PA-10002818","CIG-VAR-775080","Cigarettes","Combustible","Premium","30-pack","Combustible"
"OFF-PA-10002842","CIG-VAR-190127","Cigarettes","Combustible","Value","20-pack","Combustible"
"OFF-PA-10002862","CIG-VAR-900314","Cigarettes","Combustible","Value","Multi-pack","Combustible"
"OFF-PA-10002870","CIG-VAR-566105","Cigarettes","Combustible","Value","30-pack","Combustible"
"OFF-PA-10002893","CIG-VAR-318797","Cigarettes","Combustible","Value","30-pack","Combustible"
"OFF-PA-10002918","CIG-VAR-460471","Cigarettes","Combustible","Core","20-pack","Combustible"
"OFF-PA-10002921","CIG-VAR-117764","Cigarettes","Combustible","Value","30-pack","Combustible"
"OFF-PA-10002923","CIG-VAR-044965","Cigarettes","Combustible","Core","30-pack","Combustible"
"OFF-PA-10002925","CIG-VAR-917251","Cigarettes","Combustible","Core","Multi-pack","Combustible"
"OFF-PA-10002927","CIG-VAR-057773","Cigarettes","Combustible","Value","Multi-pack","Combustible"
"OFF-PA-10002930","CIG-VAR-342846","Cigarettes","Combustible","Premium","20-pack","Combustible"
"OFF-PA-10002941","CIG-VAR-799506","Cigarettes","Combustible","Premium","10-pack","Combustible"
"OFF-PA-10002944","CIG-VAR-519927","Cigarettes","Combustible","Premium","Multi-pack","Combustible"
"OFF-PA-10002947","CIG-VAR-686407","Cigarettes","Combustible","Core","20-pack","Combustible"
"OFF-PA-10002960","CIG-VAR-753657","Cigarettes","Combustible","Premium","10-pack","Combustible"
"OFF-PA-10002966","CIG-VAR-635100","Cigarettes","Combustible","Premium","20-pack","Combustible"
"OFF-PA-10002968","CIG-VAR-598506","Cigarettes","Combustible","Premium","30-pack","Combustible"
"OFF-PA-10002971","CIG-VAR-918101","Cigarettes","Combustible","Value","Multi-pack","Combustible"
"OFF-PA-10002974","CIG-VAR-016518","Cigarettes","Combustible","Premium","10-pack","Combustible"
"OFF-PA-10002976","CIG-VAR-734462","Cigarettes","Combustible","Value","10-pack","Combustible"
"OFF-PA-10002986","CIG-VAR-907378","Cigarettes","Combustible","Core","Multi-pack","Combustible"
"OFF-PA-10003001","CIG-VAR-325519","Cigarettes","Combustible","Core","30-pack","Combustible"
"OFF-PA-10003002","CIG-VAR-859845","Cigarettes","Combustible","Premium","10-pack","Combustible"
"OFF-PA-10003016","CIG-VAR-278489","Cigarettes","Combustible","Value","10-pack","Combustible"
"OFF-PA-10003020","CIG-VAR-088128","Cigarettes","Combustible","Premium","30-pack","Combustible"
"OFF-PA-10003022","CIG-VAR-271117","Cigarettes","Combustible","Core","30-pack","Combustible"
"OFF-PA-10003027","CIG-VAR-188690","Cigarettes","Combustible","Value","20-pack","Combustible"
"OFF-PA-10003033","CIG-VAR-385849","Cigarettes","Combustible","Core","20-pack","Combustible"
"OFF-PA-10003034","CIG-VAR-515142","Cigarettes","Combustible","Premium","30-pack","Combustible"
"OFF-PA-10003036","CIG-VAR-609351","Cigarettes","Combustible","Premium","30-pack","Combustible"
"OFF-PA-10003037","CIG-VAR-041652","Cigarettes","Combustible","Premium","10-pack","Combustible"
"OFF-PA-10003039","CIG-VAR-048520","Cigarettes","Combustible","Core","Multi-pack","Combustible"
"OFF-PA-10003052","CIG-VAR-181424","Cigarettes","Combustible","Value","20-pack","Combustible"
"OFF-PA-10003063","CIG-VAR-605275","Cigarettes","Combustible","Core","10-pack","Combustible"
"OFF-PA-10003072","CIG-VAR-878319","Cigarettes","Combustible","Premium","Multi-pack","Combustible"
"OFF-PA-10003105","CIG-VAR-101918","Cigarettes","Combustible","Value","10-pack","Combustible"
"OFF-PA-10003115","CIG-VAR-388092","Cigarettes","Combustible","Premium","20-pack","Combustible"
"OFF-PA-10003127","CIG-VAR-408060","Cigarettes","Combustible","Premium","30-pack","Combustible"
"OFF-PA-10003129","CIG-VAR-592706","Cigarettes","Combustible","Value","20-pack","Combustible"
"OFF-PA-10003133","CIG-VAR-495163","Cigarettes","Combustible","Core","30-pack","Combustible"
"OFF-PA-10003134","CIG-VAR-013007","Cigarettes","Combustible","Value","20-pack","Combustible"
"OFF-PA-10003139","CIG-VAR-756901","Cigarettes","Combustible","Core","10-pack","Combustible"
"OFF-PA-10003156","CIG-VAR-154997","Cigarettes","Combustible","Value","Multi-pack","Combustible"
"OFF-PA-10003172","CIG-VAR-543220","Cigarettes","Combustible","Core","10-pack","Combustible"
"OFF-PA-10003177","CIG-VAR-466720","Cigarettes","Combustible","Core","Multi-pack","Combustible"
"OFF-PA-10003205","CIG-VAR-776513","Cigarettes","Combustible","Value","20-pack","Combustible"
"OFF-PA-10003224","CIG-VAR-074133","Cigarettes","Combustible","Premium","20-pack","Combustible"
"OFF-PA-10003228","CIG-VAR-688572","Cigarettes","Combustible","Premium","30-pack","Combustible"
"OFF-PA-10003232","CIG-VAR-749511","Cigarettes","Combustible","Premium","20-pack","Combustible"
"OFF-PA-10003252","CIG-VAR-661727","Cigarettes","Combustible","Value","Multi-pack","Combustible"
"OFF-PA-10003256","CIG-VAR-384782","Cigarettes","Combustible","Value","30-pack","Combustible"
"OFF-PA-10003270","CIG-VAR-412005","Cigarettes","Combustible","Premium","20-pack","Combustible"
"OFF-PA-10003273","CIG-VAR-767030","Cigarettes","Combustible","Value","Multi-pack","Combustible"
"OFF-PA-10003296","CIG-VAR-506617","Cigarettes","Combustible","Core","30-pack","Combustible"
"OFF-PA-10003301","CIG-VAR-270405","Cigarettes","Combustible","Premium","Multi-pack","Combustible"
"OFF-PA-10003302","CIG-VAR-796491","Cigarettes","Combustible","Premium","20-pack","Combustible"
"OFF-PA-10003303","CIG-VAR-415205","Cigarettes","Combustible","Value","Multi-pack","Combustible"
"OFF-PA-10003309","CIG-VAR-645238","Cigarettes","Combustible","Core","20-pack","Combustible"
"OFF-PA-10003320","CIG-VAR-025814","Cigarettes","Combustible","Value","Multi-pack","Combustible"
"OFF-PA-10003332","CIG-VAR-802968","Cigarettes","Combustible","Premium","30-pack","Combustible"
"OFF-PA-10003333","CIG-VAR-569437","Cigarettes","Combustible","Core","10-pack","Combustible"
"OFF-PA-10003338","CIG-VAR-535733","Cigarettes","Combustible","Value","10-pack","Combustible"
"OFF-PA-10003349","CIG-VAR-797761","Cigarettes","Combustible","Core","20-pack","Combustible"
"OFF-PA-10003350","CIG-VAR-691853","Cigarettes","Combustible","Value","10-pack","Combustible"
"OFF-PA-10003359","CIG-VAR-200361","Cigarettes","Combustible","Premium","10-pack","Combustible"
"OFF-PA-10003363","CIG-VAR-527562","Cigarettes","Combustible","Premium","20-pack","Combustible"
"OFF-PA-10003365","CIG-VAR-088258","Cigarettes","Combustible","Core","10-pack","Combustible"
"OFF-PA-10003380","CIG-VAR-105330","Cigarettes","Combustible","Premium","20-pack","Combustible"
"OFF-PA-10003381","CIG-VAR-406810","Cigarettes","Combustible","Core","Multi-pack","Combustible"
"OFF-PA-10003389","CIG-VAR-967227","Cigarettes","Combustible","Premium","20-pack","Combustible"
"OFF-PA-10003390","CIG-VAR-779282","Cigarettes","Combustible","Value","10-pack","Combustible"
"OFF-PA-10003395","CIG-VAR-549344","Cigarettes","Combustible","Value","Multi-pack","Combustible"
"OFF-PA-10003405","CIG-VAR-795277","Cigarettes","Combustible","Core","Multi-pack","Combustible"
"OFF-PA-10003407","CIG-VAR-754104","Cigarettes","Combustible","Premium","Multi-pack","Combustible"
"OFF-PA-10003416","CIG-VAR-174183","Cigarettes","Combustible","Premium","10-pack","Combustible"
"OFF-PA-10003418","CIG-VAR-941988","Cigarettes","Combustible","Premium","Multi-pack","Combustible"
"OFF-PA-10003424","CIG-VAR-719418","Cigarettes","Combustible","Premium","Multi-pack","Combustible"
"OFF-PA-10003441","CIG-VAR-121596","Cigarettes","Combustible","Premium","30-pack","Combustible"
"OFF-PA-10003449","CIG-VAR-299821","Cigarettes","Combustible","Core","10-pack","Combustible"
"OFF-PA-10003455","CIG-VAR-221236","Cigarettes","Combustible","Core","30-pack","Combustible"
"OFF-PA-10003465","CIG-VAR-141969","Cigarettes","Combustible","Premium","20-pack","Combustible"
"OFF-PA-10003475","CIG-VAR-087364","Cigarettes","Combustible","Core","10-pack","Combustible"
"OFF-PA-10003492","CIG-VAR-597943","Cigarettes","Combustible","Core","20-pack","Combustible"
"OFF-PA-10003499","CIG-VAR-918069","Cigarettes","Combustible","Premium","20-pack","Combustible"
"OFF-PA-10003510","CIG-VAR-489492","Cigarettes","Combustible","Premium","30-pack","Combustible"
"OFF-PA-10003511","CIG-VAR-578613","Cigarettes","Combustible","Premium","10-pack","Combustible"
"OFF-PA-10003513","CIG-VAR-557351","Cigarettes","Combustible","Value","10-pack","Combustible"
"OFF-PA-10003517","CIG-VAR-599793","Cigarettes","Combustible","Premium","20-pack","Combustible"
"OFF-PA-10003518","CIG-VAR-661634","Cigarettes","Combustible","Value","10-pack","Combustible"
"OFF-PA-10003527","CIG-VAR-583971","Cigarettes","Combustible","Premium","30-pack","Combustible"
"OFF-PA-10003543","CIG-VAR-259631","Cigarettes","Combustible","Value","20-pack","Combustible"
"OFF-PA-10003550","CIG-VAR-666949","Cigarettes","Combustible","Core","30-pack","Combustible"
"OFF-PA-10003556","CIG-VAR-281852","Cigarettes","Combustible","Value","Multi-pack","Combustible"
"OFF-PA-10003571","CIG-VAR-876638","Cigarettes","Combustible","Value","30-pack","Combustible"
"OFF-PA-10003573","CIG-VAR-491105","Cigarettes","Combustible","Value","30-pack","Combustible"
"OFF-PA-10003586","CIG-VAR-983470","Cigarettes","Combustible","Core","30-pack","Combustible"
"OFF-PA-10003591","CIG-VAR-272260","Cigarettes","Combustible","Core","10-pack","Combustible"
"OFF-PA-10003625","CIG-VAR-818808","Cigarettes","Combustible","Premium","Multi-pack","Combustible"
"OFF-PA-10003640","CIG-VAR-227442","Cigarettes","Combustible","Premium","30-pack","Combustible"
"OFF-PA-10003641","CIG-VAR-949069","Cigarettes","Combustible","Core","10-pack","Combustible"
"OFF-PA-10003651","CIG-VAR-012973","Cigarettes","Combustible","Core","20-pack","Combustible"
"OFF-PA-10003654","CIG-VAR-795193","Cigarettes","Combustible","Core","30-pack","Combustible"
"OFF-PA-10003656","CIG-VAR-665512","Cigarettes","Combustible","Core","30-pack","Combustible"
"OFF-PA-10003657","CIG-VAR-278766","Cigarettes","Combustible","Premium","10-pack","Combustible"
"OFF-PA-10003664","CIG-VAR-294856","Cigarettes","Combustible","Core","20-pack","Combustible"
"OFF-PA-10003673","CIG-VAR-824724","Cigarettes","Combustible","Premium","Multi-pack","Combustible"
"OFF-PA-10003681","CIG-VAR-815821","Cigarettes","Combustible","Core","10-pack","Combustible"
"OFF-PA-10003686","CIG-VAR-162926","Cigarettes","Combustible","Value","Multi-pack","Combustible"
"OFF-PA-10003699","CIG-VAR-867828","Cigarettes","Combustible","Premium","Multi-pack","Combustible"
"OFF-PA-10003708","CIG-VAR-391790","Cigarettes","Combustible","Value","Multi-pack","Combustible"
"OFF-PA-10003715","CIG-VAR-850729","Cigarettes","Combustible","Core","Multi-pack","Combustible"
"OFF-PA-10003718","CIG-VAR-936558","Cigarettes","Combustible","Premium","30-pack","Combustible"
"OFF-PA-10003724","CIG-VAR-555799","Cigarettes","Combustible","Core","30-pack","Combustible"
"OFF-PA-10003729","CIG-VAR-921407","Cigarettes","Combustible","Value","Multi-pack","Combustible"
"OFF-PA-10003731","CIG-VAR-019708","Cigarettes","Combustible","Core","10-pack","Combustible"
"OFF-PA-10003739","CIG-VAR-978531","Cigarettes","Combustible","Premium","30-pack","Combustible"
"OFF-PA-10003744","CIG-VAR-385976","Cigarettes","Combustible","Value","10-pack","Combustible"
"OFF-PA-10003774","CIG-VAR-573757","Cigarettes","Combustible","Core","Multi-pack","Combustible"
"OFF-PA-10003784","CIG-VAR-573414","Cigarettes","Combustible","Premium","10-pack","Combustible"
"OFF-PA-10003790","CIG-VAR-212347","Cigarettes","Combustible","Core","10-pack","Combustible"
"OFF-PA-10003796","CIG-VAR-971081","Cigarettes","Combustible","Value","20-pack","Combustible"
"OFF-PA-10003797","CIG-VAR-883196","Cigarettes","Combustible","Value","Multi-pack","Combustible"
"OFF-PA-10003805","CIG-VAR-191060","Cigarettes","Combustible","Value","Multi-pack","Combustible"
"OFF-PA-10003808","CIG-VAR-422331","Cigarettes","Combustible","Premium","30-pack","Combustible"
"OFF-PA-10003823","CIG-VAR-923465","Cigarettes","Combustible","Value","10-pack","Combustible"
"OFF-PA-10003832","CIG-VAR-432949","Cigarettes","Combustible","Core","Multi-pack","Combustible"
"OFF-PA-10003835","CIG-VAR-393124","Cigarettes","Combustible","Core","10-pack","Combustible"
"OFF-PA-10003838","CIG-VAR-248776","Cigarettes","Combustible","Core","20-pack","Combustible"
"OFF-PA-10003845","CIG-VAR-773669","Cigarettes","Combustible","Value","Multi-pack","Combustible"
"OFF-PA-10003848","CIG-VAR-769073","Cigarettes","Combustible","Value","30-pack","Combustible"
"OFF-PA-10003868","CIG-VAR-543990","Cigarettes","Combustible","Premium","10-pack","Combustible"
"OFF-PA-10003875","CIG-VAR-530560","Cigarettes","Combustible","Core","10-pack","Combustible"
"OFF-PA-10003878","CIG-VAR-090293","Cigarettes","Combustible","Value","20-pack","Combustible"
"OFF-PA-10003883","CIG-VAR-888129","Cigarettes","Combustible","Premium","30-pack","Combustible"
"OFF-PA-10003884","CIG-VAR-990942","Cigarettes","Combustible","Premium","20-pack","Combustible"
"OFF-PA-10003892","CIG-VAR-258284","Cigarettes","Combustible","Value","20-pack","Combustible"
"OFF-PA-10003893","CIG-VAR-257197","Cigarettes","Combustible","Core","Multi-pack","Combustible"
"OFF-PA-10003899","CIG-VAR-758342","Cigarettes","Combustible","Value","20-pack","Combustible"
"OFF-PA-10003906","CIG-VAR-584584","Cigarettes","Combustible","Core","30-pack","Combustible"
"OFF-PA-10003907","CIG-VAR-049817","Cigarettes","Combustible","Value","10-pack","Combustible"
"OFF-PA-10003911","CIG-VAR-920111","Cigarettes","Combustible","Value","10-pack","Combustible"
"OFF-PA-10003919","CIG-VAR-621497","Cigarettes","Combustible","Value","30-pack","Combustible"
"OFF-PA-10003920","CIG-VAR-524853","Cigarettes","Combustible","Premium","20-pack","Combustible"
"OFF-PA-10003936","CIG-VAR-540047","Cigarettes","Combustible","Value","20-pack","Combustible"
"OFF-PA-10003937","CIG-VAR-935692","Cigarettes","Combustible","Core","Multi-pack","Combustible"
"OFF-PA-10003938","CIG-VAR-419008","Cigarettes","Combustible","Core","30-pack","Combustible"
"OFF-PA-10003939","CIG-VAR-969402","Cigarettes","Combustible","Premium","10-pack","Combustible"
"OFF-PA-10003943","CIG-VAR-038473","Cigarettes","Combustible","Core","20-pack","Combustible"
"OFF-PA-10003953","CIG-VAR-838213","Cigarettes","Combustible","Core","10-pack","Combustible"
"OFF-PA-10003956","CIG-VAR-179937","Cigarettes","Combustible","Premium","Multi-pack","Combustible"
"OFF-PA-10003969","CIG-VAR-160374","Cigarettes","Combustible","Premium","20-pack","Combustible"
"OFF-PA-10003971","CIG-VAR-480210","Cigarettes","Combustible","Premium","30-pack","Combustible"
"OFF-PA-10003981","CIG-VAR-726453","Cigarettes","Combustible","Premium","20-pack","Combustible"
"OFF-PA-10003982","CIG-VAR-786633","Cigarettes","Combustible","Premium","Multi-pack","Combustible"
"OFF-PA-10003994","CIG-VAR-155944","Cigarettes","Combustible","Core","Multi-pack","Combustible"
"OFF-PA-10004000","CIG-VAR-003081","Cigarettes","Combustible","Premium","20-pack","Combustible"
"OFF-PA-10004016","CIG-VAR-012412","Cigarettes","Combustible","Core","20-pack","Combustible"
"OFF-PA-10004020","CIG-VAR-626432","Cigarettes","Combustible","Value","Multi-pack","Combustible"
"OFF-PA-10004022","CIG-VAR-825789","Cigarettes","Combustible","Premium","Multi-pack","Combustible"
"OFF-PA-10004024","CIG-VAR-258972","Cigarettes","Combustible","Premium","30-pack","Combustible"
"OFF-PA-10004027","CIG-VAR-766129","Cigarettes","Combustible","Core","10-pack","Combustible"
"OFF-PA-10004034","CIG-VAR-406785","Cigarettes","Combustible","Premium","Multi-pack","Combustible"
"OFF-PA-10004039","CIG-VAR-857982","Cigarettes","Combustible","Premium","30-pack","Combustible"
"OFF-PA-10004040","CIG-VAR-623993","Cigarettes","Combustible","Value","20-pack","Combustible"
"OFF-PA-10004041","CIG-VAR-657566","Cigarettes","Combustible","Value","Multi-pack","Combustible"
"OFF-PA-10004054","CIG-VAR-973273","Cigarettes","Combustible","Core","20-pack","Combustible"
"OFF-PA-10004069","CIG-VAR-133978","Cigarettes","Combustible","Core","Multi-pack","Combustible"
"OFF-PA-10004071","CIG-VAR-690748","Cigarettes","Combustible","Core","10-pack","Combustible"
"OFF-PA-10004082","CIG-VAR-760225","Cigarettes","Combustible","Core","20-pack","Combustible"
"OFF-PA-10004092","CIG-VAR-530187","Cigarettes","Combustible","Premium","10-pack","Combustible"
"OFF-PA-10004100","CIG-VAR-926624","Cigarettes","Combustible","Value","30-pack","Combustible"
"OFF-PA-10004101","CIG-VAR-789543","Cigarettes","Combustible","Premium","10-pack","Combustible"
"OFF-PA-10004111","CIG-VAR-080362","Cigarettes","Combustible","Core","20-pack","Combustible"
"OFF-PA-10004115","CIG-VAR-853727","Cigarettes","Combustible","Value","10-pack","Combustible"
"OFF-PA-10004124","CIG-VAR-595115","Cigarettes","Combustible","Value","20-pack","Combustible"
"OFF-PA-10004145","CIG-VAR-246920","Cigarettes","Combustible","Value","20-pack","Combustible"
"OFF-PA-10004151","CIG-VAR-201645","Cigarettes","Combustible","Premium","20-pack","Combustible"
"OFF-PA-10004155","CIG-VAR-960617","Cigarettes","Combustible","Value","10-pack","Combustible"
"OFF-PA-10004156","CIG-VAR-573308","Cigarettes","Combustible","Value","30-pack","Combustible"
"OFF-PA-10004160","CIG-VAR-457787","Cigarettes","Combustible","Value","10-pack","Combustible"
"OFF-PA-10004174","CIG-VAR-554589","Cigarettes","Combustible","Premium","10-pack","Combustible"
"OFF-PA-10004185","CIG-VAR-638822","Cigarettes","Combustible","Value","20-pack","Combustible"
"OFF-PA-10004187","CIG-VAR-527770","Cigarettes","Combustible","Core","20-pack","Combustible"
"OFF-PA-10004190","CIG-VAR-326605","Cigarettes","Combustible","Core","Multi-pack","Combustible"
"OFF-PA-10004200","CIG-VAR-009316","Cigarettes","Combustible","Core","Multi-pack","Combustible"
"OFF-PA-10004239","CIG-VAR-783217","Cigarettes","Combustible","Core","10-pack","Combustible"
"OFF-PA-10004241","CIG-VAR-349722","Cigarettes","Combustible","Premium","20-pack","Combustible"
"OFF-PA-10004243","CIG-VAR-680889","Cigarettes","Combustible","Premium","20-pack","Combustible"
"OFF-PA-10004248","CIG-VAR-460600","Cigarettes","Combustible","Core","20-pack","Combustible"
"OFF-PA-10004255","CIG-VAR-567741","Cigarettes","Combustible","Premium","20-pack","Combustible"
"OFF-PA-10004260","CIG-VAR-854729","Cigarettes","Combustible","Value","20-pack","Combustible"
"OFF-PA-10004261","CIG-VAR-809135","Cigarettes","Combustible","Value","Multi-pack","Combustible"
"OFF-PA-10004267","CIG-VAR-511669","Cigarettes","Combustible","Core","30-pack","Combustible"
"OFF-PA-10004268","CIG-VAR-380456","Cigarettes","Combustible","Value","Multi-pack","Combustible"
"OFF-PA-10004285","CIG-VAR-468583","Cigarettes","Combustible","Core","10-pack","Combustible"
"OFF-PA-10004286","CIG-VAR-560156","Cigarettes","Combustible","Value","30-pack","Combustible"
"OFF-PA-10004287","CIG-VAR-236527","Cigarettes","Combustible","Core","10-pack","Combustible"
"OFF-PA-10004294","CIG-VAR-660279","Cigarettes","Combustible","Premium","Multi-pack","Combustible"
"OFF-PA-10004296","CIG-VAR-142407","Cigarettes","Combustible","Premium","Multi-pack","Combustible"
"OFF-PA-10004313","CIG-VAR-836584","Cigarettes","Combustible","Core","Multi-pack","Combustible"
"OFF-PA-10004326","CIG-VAR-564913","Cigarettes","Combustible","Core","Multi-pack","Combustible"
"OFF-PA-10004327","CIG-VAR-908244","Cigarettes","Combustible","Premium","20-pack","Combustible"
"OFF-PA-10004335","CIG-VAR-205963","Cigarettes","Combustible","Core","10-pack","Combustible"
"OFF-PA-10004337","CIG-VAR-865777","Cigarettes","Combustible","Core","10-pack","Combustible"
"OFF-PA-10004343","CIG-VAR-960249","Cigarettes","Combustible","Premium","30-pack","Combustible"
"OFF-PA-10004353","CIG-VAR-623889","Cigarettes","Combustible","Premium","Multi-pack","Combustible"
"OFF-PA-10004355","CIG-VAR-235694","Cigarettes","Combustible","Value","30-pack","Combustible"
"OFF-PA-10004359","CIG-VAR-240134","Cigarettes","Combustible","Value","20-pack","Combustible"
"OFF-PA-10004379","CIG-VAR-643141","Cigarettes","Combustible","Core","Multi-pack","Combustible"
"OFF-PA-10004380","CIG-VAR-079390","Cigarettes","Combustible","Core","10-pack","Combustible"
"OFF-PA-10004381","CIG-VAR-629734","Cigarettes","Combustible","Core","30-pack","Combustible"
"OFF-PA-10004385","CIG-VAR-189219","Cigarettes","Combustible","Premium","Multi-pack","Combustible"
"OFF-PA-10004386","CIG-VAR-693586","Cigarettes","Combustible","Core","20-pack","Combustible"
"OFF-PA-10004405","CIG-VAR-436431","Cigarettes","Combustible","Premium","30-pack","Combustible"
"OFF-PA-10004411","CIG-VAR-430827","Cigarettes","Combustible","Premium","30-pack","Combustible"
"OFF-PA-10004421","CIG-VAR-081515","Cigarettes","Combustible","Value","20-pack","Combustible"
"OFF-PA-10004429","CIG-VAR-909053","Cigarettes","Combustible","Value","Multi-pack","Combustible"
"OFF-PA-10004433","CIG-VAR-400261","Cigarettes","Combustible","Core","10-pack","Combustible"
"OFF-PA-10004438","CIG-VAR-331098","Cigarettes","Combustible","Premium","10-pack","Combustible"
"OFF-PA-10004444","CIG-VAR-781626","Cigarettes","Combustible","Premium","10-pack","Combustible"
"OFF-PA-10004450","CIG-VAR-819486","Cigarettes","Combustible","Premium","10-pack","Combustible"
"OFF-PA-10004451","CIG-VAR-869745","Cigarettes","Combustible","Premium","30-pack","Combustible"
"OFF-PA-10004468","CIG-VAR-705323","Cigarettes","Combustible","Value","20-pack","Combustible"
"OFF-PA-10004470","CIG-VAR-211499","Cigarettes","Combustible","Value","30-pack","Combustible"
"OFF-PA-10004475","CIG-VAR-670579","Cigarettes","Combustible","Core","20-pack","Combustible"
"OFF-PA-10004480","CIG-VAR-316235","Cigarettes","Combustible","Value","20-pack","Combustible"
"OFF-PA-10004495","CIG-VAR-423719","Cigarettes","Combustible","Value","Multi-pack","Combustible"
"OFF-PA-10004498","CIG-VAR-480969","Cigarettes","Combustible","Premium","30-pack","Combustible"
"OFF-PA-10004501","CIG-VAR-238976","Cigarettes","Combustible","Value","10-pack","Combustible"
"OFF-PA-10004519","CIG-VAR-005648","Cigarettes","Combustible","Value","Multi-pack","Combustible"
"OFF-PA-10004530","CIG-VAR-750259","Cigarettes","Combustible","Core","20-pack","Combustible"
"OFF-PA-10004531","CIG-VAR-106447","Cigarettes","Combustible","Core","Multi-pack","Combustible"
"OFF-PA-10004569","CIG-VAR-954016","Cigarettes","Combustible","Core","10-pack","Combustible"
"OFF-PA-10004573","CIG-VAR-754604","Cigarettes","Combustible","Value","Multi-pack","Combustible"
"OFF-PA-10004589","CIG-VAR-702083","Cigarettes","Combustible","Value","30-pack","Combustible"
"OFF-PA-10004600","CIG-VAR-733807","Cigarettes","Combustible","Core","Multi-pack","Combustible"
"OFF-PA-10004609","CIG-VAR-349557","Cigarettes","Combustible","Premium","Multi-pack","Combustible"
"OFF-PA-10004610","CIG-VAR-088214","Cigarettes","Combustible","Value","30-pack","Combustible"
"OFF-PA-10004613","CIG-VAR-043792","Cigarettes","Combustible","Core","10-pack","Combustible"
"OFF-PA-10004621","CIG-VAR-221401","Cigarettes","Combustible","Core","Multi-pack","Combustible"
"OFF-PA-10004627","CIG-VAR-655262","Cigarettes","Combustible","Value","30-pack","Combustible"
"OFF-PA-10004640","CIG-VAR-013478","Cigarettes","Combustible","Value","Multi-pack","Combustible"
"OFF-PA-10004641","CIG-VAR-411616","Cigarettes","Combustible","Core","20-pack","Combustible"
"OFF-PA-10004648","CIG-VAR-203097","Cigarettes","Combustible","Premium","20-pack","Combustible"
"OFF-PA-10004665","CIG-VAR-250348","Cigarettes","Combustible","Core","30-pack","Combustible"
"OFF-PA-10004673","CIG-VAR-243318","Cigarettes","Combustible","Premium","30-pack","Combustible"
"OFF-PA-10004675","CIG-VAR-709590","Cigarettes","Combustible","Premium","Multi-pack","Combustible"
"OFF-PA-10004694","CIG-VAR-555557","Cigarettes","Combustible","Value","Multi-pack","Combustible"
"OFF-PA-10004727","CIG-VAR-226461","Cigarettes","Combustible","Premium","20-pack","Combustible"
"OFF-PA-10004733","CIG-VAR-199281","Cigarettes","Combustible","Premium","20-pack","Combustible"
"OFF-PA-10004734","CIG-VAR-605226","Cigarettes","Combustible","Premium","30-pack","Combustible"
"OFF-PA-10004735","CIG-VAR-882787","Cigarettes","Combustible","Core","10-pack","Combustible"
"OFF-PA-10004741","CIG-VAR-536226","Cigarettes","Combustible","Premium","30-pack","Combustible"
"OFF-PA-10004746","CIG-VAR-958555","Cigarettes","Combustible","Core","20-pack","Combustible"
"OFF-PA-10004756","CIG-VAR-794742","Cigarettes","Combustible","Premium","10-pack","Combustible"
"OFF-PA-10004761","CIG-VAR-810422","Cigarettes","Combustible","Value","10-pack","Combustible"
"OFF-PA-10004766","CIG-VAR-534035","Cigarettes","Combustible","Value","Multi-pack","Combustible"
"OFF-PA-10004782","CIG-VAR-886163","Cigarettes","Combustible","Value","10-pack","Combustible"
"OFF-PA-10004815","CIG-VAR-886520","Cigarettes","Combustible","Value","Multi-pack","Combustible"
"OFF-PA-10004835","CIG-VAR-818149","Cigarettes","Combustible","Core","20-pack","Combustible"
"OFF-PA-10004842","CIG-VAR-388467","Cigarettes","Combustible","Premium","20-pack","Combustible"
"OFF-PA-10004849","CIG-VAR-564551","Cigarettes","Combustible","Value","20-pack","Combustible"
"OFF-PA-10004854","CIG-VAR-327499","Cigarettes","Combustible","Core","20-pack","Combustible"
"OFF-PA-10004856","CIG-VAR-286005","Cigarettes","Combustible","Premium","20-pack","Combustible"
"OFF-PA-10004881","CIG-VAR-428809","Cigarettes","Combustible","Core","Multi-pack","Combustible"
"OFF-PA-10004888","CIG-VAR-898234","Cigarettes","Combustible","Core","Multi-pack","Combustible"
"OFF-PA-10004910","CIG-VAR-104202","Cigarettes","Combustible","Premium","Multi-pack","Combustible"
"OFF-PA-10004911","CIG-VAR-627569","Cigarettes","Combustible","Value","20-pack","Combustible"
"OFF-PA-10004918","CIG-VAR-637669","Cigarettes","Combustible","Core","20-pack","Combustible"
"OFF-PA-10004923","CIG-VAR-378480","Cigarettes","Combustible","Premium","30-pack","Combustible"
"OFF-PA-10004930","CIG-VAR-971353","Cigarettes","Combustible","Core","20-pack","Combustible"
"OFF-PA-10004943","CIG-VAR-094544","Cigarettes","Combustible","Value","10-pack","Combustible"
"OFF-PA-10004946","CIG-VAR-873188","Cigarettes","Combustible","Value","Multi-pack","Combustible"
"OFF-PA-10004947","CIG-VAR-823309","Cigarettes","Combustible","Core","20-pack","Combustible"
"OFF-PA-10004948","CIG-VAR-235603","Cigarettes","Combustible","Core","10-pack","Combustible"
"OFF-PA-10004965","CIG-VAR-241757","Cigarettes","Combustible","Value","Multi-pack","Combustible"
"OFF-PA-10004968","CIG-VAR-534721","Cigarettes","Combustible","Core","30-pack","Combustible"
"OFF-PA-10004971","CIG-VAR-333802","Cigarettes","Combustible","Core","Multi-pack","Combustible"
"OFF-PA-10004983","CIG-VAR-305231","Cigarettes","Combustible","Value","10-pack","Combustible"
"OFF-PA-10004990","CIG-VAR-614981","Cigarettes","Combustible","Value","Multi-pack","Combustible"
"OFF-PA-10004994","CIG-VAR-976162","Cigarettes","Combustible","Core","30-pack","Combustible"
"OFF-PA-10004996","CIG-VAR-313184","Cigarettes","Combustible","Value","30-pack","Combustible"
"OFF-PA-10004998","CIG-VAR-670543","Cigarettes","Combustible","Core","20-pack","Combustible"
"OFF-ROG-10000191","CIG-VAR-907402","Cigarettes","Combustible","Core","20-pack","Combustible"
"OFF-ROG-10000332","CIG-VAR-034380","Cigarettes","Combustible","Premium","Multi-pack","Combustible"
"OFF-ROG-10000566","CIG-VAR-792225","Cigarettes","Combustible","Premium","20-pack","Combustible"
"OFF-ROG-10001101","CIG-VAR-854755","Cigarettes","Combustible","Core","20-pack","Combustible"
"OFF-ROG-10001340","CIG-VAR-137833","Cigarettes","Combustible","Core","20-pack","Combustible"
"OFF-ROG-10001372","CIG-VAR-534004","Cigarettes","Combustible","Core","30-pack","Combustible"
"OFF-ROG-10001399","CIG-VAR-148015","Cigarettes","Combustible","Core","10-pack","Combustible"
"OFF-ROG-10001418","CIG-VAR-672823","Cigarettes","Combustible","Core","Multi-pack","Combustible"
"OFF-ROG-10001549","CIG-VAR-618305","Cigarettes","Combustible","Value","Multi-pack","Combustible"
"OFF-ROG-10001735","CIG-VAR-645982","Cigarettes","Combustible","Core","20-pack","Combustible"
"OFF-ROG-10001818","CIG-VAR-953896","Cigarettes","Combustible","Core","Multi-pack","Combustible"
"OFF-ROG-10002132","CIG-VAR-840964","Cigarettes","Combustible","Core","30-pack","Combustible"
"OFF-ROG-10002279","CIG-VAR-943158","Cigarettes","Combustible","Premium","Multi-pack","Combustible"
"OFF-ROG-10002294","CIG-VAR-774631","Cigarettes","Combustible","Core","10-pack","Combustible"
"OFF-ROG-10002682","CIG-VAR-040138","Cigarettes","Combustible","Core","10-pack","Combustible"
"OFF-ROG-10002818","CIG-VAR-069456","Cigarettes","Combustible","Premium","20-pack","Combustible"
"OFF-ROG-10002866","CIG-VAR-983822","Cigarettes","Combustible","Value","20-pack","Combustible"
"OFF-ROG-10003300","CIG-VAR-863343","Cigarettes","Combustible","Premium","30-pack","Combustible"
"OFF-ROG-10003733","CIG-VAR-880498","Cigarettes","Combustible","Core","Multi-pack","Combustible"
"OFF-ROG-10003898","CIG-VAR-719761","Cigarettes","Combustible","Core","10-pack","Combustible"
"OFF-ROG-10003993","CIG-VAR-441876","Cigarettes","Combustible","Premium","Multi-pack","Combustible"
"OFF-ROG-10004393","CIG-VAR-526249","Cigarettes","Combustible","Core","10-pack","Combustible"
"OFF-ROG-10004646","CIG-VAR-967355","Cigarettes","Combustible","Value","20-pack","Combustible"
"OFF-ROG-10004949","CIG-VAR-211377","Cigarettes","Combustible","Premium","20-pack","Combustible"
"OFF-SAN-10000335","CIG-VAR-575557","Cigarettes","Combustible","Core","Multi-pack","Combustible"
"OFF-SAN-10000722","CIG-VAR-212766","Cigarettes","Combustible","Premium","20-pack","Combustible"
"OFF-SAN-10000844","CIG-VAR-422990","Cigarettes","Combustible","Value","Multi-pack","Combustible"
"OFF-SAN-10000874","CIG-VAR-290455","Cigarettes","Combustible","Core","10-pack","Combustible"
"OFF-SAN-10000931","CIG-VAR-007798","Cigarettes","Combustible","Core","10-pack","Combustible"
"OFF-SAN-10001074","CIG-VAR-680730","Cigarettes","Combustible","Premium","20-pack","Combustible"
"OFF-SAN-10001094","CIG-VAR-561645","Cigarettes","Combustible","Premium","Multi-pack","Combustible"
"OFF-SAN-10001114","CIG-VAR-082188","Cigarettes","Combustible","Premium","10-pack","Combustible"
"OFF-SAN-10001128","CIG-VAR-533032","Cigarettes","Combustible","Core","10-pack","Combustible"
"OFF-SAN-10001237","CIG-VAR-277224","Cigarettes","Combustible","Premium","20-pack","Combustible"
"OFF-SAN-10001295","CIG-VAR-532516","Cigarettes","Combustible","Core","Multi-pack","Combustible"
"OFF-SAN-10001326","CIG-VAR-646022","Cigarettes","Combustible","Value","20-pack","Combustible"
"OFF-SAN-10001345","CIG-VAR-045471","Cigarettes","Combustible","Premium","20-pack","Combustible"
"OFF-SAN-10001542","CIG-VAR-156221","Cigarettes","Combustible","Value","10-pack","Combustible"
"OFF-SAN-10001546","CIG-VAR-903679","Cigarettes","Combustible","Core","20-pack","Combustible"
"OFF-SAN-10001634","CIG-VAR-032545","Cigarettes","Combustible","Core","Multi-pack","Combustible"
"OFF-SAN-10001681","CIG-VAR-983497","Cigarettes","Combustible","Core","Multi-pack","Combustible"
"OFF-SAN-10001862","CIG-VAR-240596","Cigarettes","Combustible","Value","20-pack","Combustible"
"OFF-SAN-10002015","CIG-VAR-582347","Cigarettes","Combustible","Value","Multi-pack","Combustible"
"OFF-SAN-10002020","CIG-VAR-871266","Cigarettes","Combustible","Premium","Multi-pack","Combustible"
"OFF-SAN-10002323","CIG-VAR-896543","Cigarettes","Combustible","Value","10-pack","Combustible"
"OFF-SAN-10002441","CIG-VAR-844627","Cigarettes","Combustible","Core","Multi-pack","Combustible"
"OFF-SAN-10002484","CIG-VAR-363754","Cigarettes","Combustible","Core","10-pack","Combustible"
"OFF-SAN-10002639","CIG-VAR-893405","Cigarettes","Combustible","Value","10-pack","Combustible"
"OFF-SAN-10002839","CIG-VAR-236099","Cigarettes","Combustible","Value","30-pack","Combustible"
"OFF-SAN-10002873","CIG-VAR-211316","Cigarettes","Combustible","Value","10-pack","Combustible"
"OFF-SAN-10003041","CIG-VAR-808889","Cigarettes","Combustible","Value","30-pack","Combustible"
"OFF-SAN-10003152","CIG-VAR-830628","Cigarettes","Combustible","Premium","30-pack","Combustible"
"OFF-SAN-10003226","CIG-VAR-842403","Cigarettes","Combustible","Premium","20-pack","Combustible"
"OFF-SAN-10003285","CIG-VAR-593448","Cigarettes","Combustible","Premium","20-pack","Combustible"
"OFF-SAN-10003318","CIG-VAR-988790","Cigarettes","Combustible","Value","30-pack","Combustible"
"OFF-SAN-10003368","CIG-VAR-861846","Cigarettes","Combustible","Premium","20-pack","Combustible"
"OFF-SAN-10003393","CIG-VAR-821475","Cigarettes","Combustible","Premium","30-pack","Combustible"
"OFF-SAN-10003644","CIG-VAR-226178","Cigarettes","Combustible","Value","Multi-pack","Combustible"
"OFF-SAN-10003660","CIG-VAR-049235","Cigarettes","Combustible","Value","10-pack","Combustible"
"OFF-SAN-10003687","CIG-VAR-764150","Cigarettes","Combustible","Value","20-pack","Combustible"
"OFF-SAN-10004232","CIG-VAR-606714","Cigarettes","Combustible","Premium","10-pack","Combustible"
"OFF-SAN-10004288","CIG-VAR-801788","Cigarettes","Combustible","Value","20-pack","Combustible"
"OFF-SAN-10004339","CIG-VAR-884933","Cigarettes","Combustible","Value","Multi-pack","Combustible"
"OFF-SAN-10004420","CIG-VAR-277286","Cigarettes","Combustible","Value","Multi-pack","Combustible"
"OFF-SAN-10004426","CIG-VAR-100048","Cigarettes","Combustible","Core","30-pack","Combustible"
"OFF-SAN-10004602","CIG-VAR-438081","Cigarettes","Combustible","Premium","Multi-pack","Combustible"
"OFF-SAN-10004618","CIG-VAR-777343","Cigarettes","Combustible","Core","10-pack","Combustible"
"OFF-SAN-10004633","CIG-VAR-733765","Cigarettes","Combustible","Core","30-pack","Combustible"
"OFF-SAN-10004706","CIG-VAR-660654","Cigarettes","Combustible","Premium","20-pack","Combustible"
"OFF-SAN-10004746","CIG-VAR-024473","Cigarettes","Combustible","Value","20-pack","Combustible"
"OFF-SAN-10004824","CIG-VAR-914318","Cigarettes","Combustible","Value","30-pack","Combustible"
"OFF-SAN-10004881","CIG-VAR-242449","Cigarettes","Combustible","Core","Multi-pack","Combustible"
"OFF-SME-10000018","CIG-VAR-472343","Cigarettes","Combustible","Value","20-pack","Combustible"
"OFF-SME-10000258","CIG-VAR-744481","Cigarettes","Combustible","Core","Multi-pack","Combustible"
"OFF-SME-10000335","CIG-VAR-219363","Cigarettes","Combustible","Premium","Multi-pack","Combustible"
"OFF-SME-10000520","CIG-VAR-330139","Cigarettes","Combustible","Core","Multi-pack","Combustible"
"OFF-SME-10000538","CIG-VAR-876780","Cigarettes","Combustible","Premium","10-pack","Combustible"
"OFF-SME-10000675","CIG-VAR-293234","Cigarettes","Combustible","Value","10-pack","Combustible"
"OFF-SME-10000746","CIG-VAR-938865","Cigarettes","Combustible","Premium","30-pack","Combustible"
"OFF-SME-10000880","CIG-VAR-825824","Cigarettes","Combustible","Value","30-pack","Combustible"
"OFF-SME-10000950","CIG-VAR-491943","Cigarettes","Combustible","Premium","10-pack","Combustible"
"OFF-SME-10000973","CIG-VAR-779095","Cigarettes","Combustible","Core","10-pack","Combustible"
"OFF-SME-10001149","CIG-VAR-186568","Cigarettes","Combustible","Core","10-pack","Combustible"
"OFF-SME-10001278","CIG-VAR-550185","Cigarettes","Combustible","Premium","10-pack","Combustible"
"OFF-SME-10001652","CIG-VAR-462082","Cigarettes","Combustible","Core","10-pack","Combustible"
"OFF-SME-10001667","CIG-VAR-636593","Cigarettes","Combustible","Value","10-pack","Combustible"
"OFF-SME-10001718","CIG-VAR-979979","Cigarettes","Combustible","Value","20-pack","Combustible"
"OFF-SME-10001745","CIG-VAR-877805","Cigarettes","Combustible","Value","20-pack","Combustible"
"OFF-SME-10001754","CIG-VAR-237398","Cigarettes","Combustible","Value","30-pack","Combustible"
"OFF-SME-10001761","CIG-VAR-527004","Cigarettes","Combustible","Premium","30-pack","Combustible"
"OFF-SME-10001800","CIG-VAR-158530","Cigarettes","Combustible","Core","Multi-pack","Combustible"
"OFF-SME-10001852","CIG-VAR-301975","Cigarettes","Combustible","Core","30-pack","Combustible"
"OFF-SME-10001853","CIG-VAR-491687","Cigarettes","Combustible","Value","10-pack","Combustible"
"OFF-SME-10002250","CIG-VAR-888035","Cigarettes","Combustible","Value","30-pack","Combustible"
"OFF-SME-10002417","CIG-VAR-443410","Cigarettes","Combustible","Core","Multi-pack","Combustible"
"OFF-SME-10002467","CIG-VAR-387310","Cigarettes","Combustible","Core","10-pack","Combustible"
"OFF-SME-10002740","CIG-VAR-280169","Cigarettes","Combustible","Value","10-pack","Combustible"
"OFF-SME-10002823","CIG-VAR-174908","Cigarettes","Combustible","Value","20-pack","Combustible"
"OFF-SME-10002870","CIG-VAR-129705","Cigarettes","Combustible","Premium","30-pack","Combustible"
"OFF-SME-10003033","CIG-VAR-311970","Cigarettes","Combustible","Premium","20-pack","Combustible"
"OFF-SME-10003047","CIG-VAR-222955","Cigarettes","Combustible","Core","Multi-pack","Combustible"
"OFF-SME-10003134","CIG-VAR-441215","Cigarettes","Combustible","Value","20-pack","Combustible"
"OFF-SME-10003305","CIG-VAR-560577","Cigarettes","Combustible","Premium","30-pack","Combustible"
"OFF-SME-10003530","CIG-VAR-302012","Cigarettes","Combustible","Value","10-pack","Combustible"
"OFF-SME-10003746","CIG-VAR-875497","Cigarettes","Combustible","Core","10-pack","Combustible"
"OFF-SME-10003752","CIG-VAR-281978","Cigarettes","Combustible","Value","10-pack","Combustible"
"OFF-SME-10003805","CIG-VAR-849374","Cigarettes","Combustible","Value","Multi-pack","Combustible"
"OFF-SME-10004110","CIG-VAR-138979","Cigarettes","Combustible","Core","Multi-pack","Combustible"
"OFF-SME-10004160","CIG-VAR-808346","Cigarettes","Combustible","Value","10-pack","Combustible"
"OFF-SME-10004247","CIG-VAR-153781","Cigarettes","Combustible","Core","10-pack","Combustible"
"OFF-SME-10004256","CIG-VAR-527006","Cigarettes","Combustible","Value","Multi-pack","Combustible"
"OFF-SME-10004323","CIG-VAR-055436","Cigarettes","Combustible","Value","10-pack","Combustible"
"OFF-SME-10004370","CIG-VAR-247559","Cigarettes","Combustible","Value","Multi-pack","Combustible"
"OFF-SME-10004518","CIG-VAR-469341","Cigarettes","Combustible","Premium","20-pack","Combustible"
"OFF-SME-10004519","CIG-VAR-003256","Cigarettes","Combustible","Core","Multi-pack","Combustible"
"OFF-SME-10004553","CIG-VAR-263090","Cigarettes","Combustible","Value","20-pack","Combustible"
"OFF-SME-10004702","CIG-VAR-332099","Cigarettes","Combustible","Value","10-pack","Combustible"
"OFF-SME-10004740","CIG-VAR-434709","Cigarettes","Combustible","Premium","10-pack","Combustible"
"OFF-SME-10004754","CIG-VAR-753253","Cigarettes","Combustible","Core","10-pack","Combustible"
"OFF-SME-10004926","CIG-VAR-861528","Cigarettes","Combustible","Premium","20-pack","Combustible"
"OFF-ST-10000003","CIG-VAR-939000","Cigarettes","Combustible","Premium","20-pack","Combustible"
"OFF-ST-10000007","CIG-VAR-612053","Cigarettes","Combustible","Value","10-pack","Combustible"
"OFF-ST-10000016","CIG-VAR-815985","Cigarettes","Combustible","Premium","Multi-pack","Combustible"
"OFF-ST-10000020","CIG-VAR-795499","Cigarettes","Combustible","Core","20-pack","Combustible"
"OFF-ST-10000022","CIG-VAR-790565","Cigarettes","Combustible","Value","20-pack","Combustible"
"OFF-ST-10000025","CIG-VAR-680181","Cigarettes","Combustible","Premium","30-pack","Combustible"
"OFF-ST-10000028","CIG-VAR-911522","Cigarettes","Combustible","Value","Multi-pack","Combustible"
"OFF-ST-10000035","CIG-VAR-827610","Cigarettes","Combustible","Premium","Multi-pack","Combustible"
"OFF-ST-10000036","CIG-VAR-353953","Cigarettes","Combustible","Core","20-pack","Combustible"
"OFF-ST-10000046","CIG-VAR-001449","Cigarettes","Combustible","Premium","30-pack","Combustible"
"OFF-ST-10000060","CIG-VAR-089532","Cigarettes","Combustible","Premium","20-pack","Combustible"
"OFF-ST-10000078","CIG-VAR-154272","Cigarettes","Combustible","Premium","30-pack","Combustible"
"OFF-ST-10000085","CIG-VAR-354342","Cigarettes","Combustible","Premium","10-pack","Combustible"
"OFF-ST-10000095","CIG-VAR-866342","Cigarettes","Combustible","Value","20-pack","Combustible"
"OFF-ST-10000103","CIG-VAR-072465","Cigarettes","Combustible","Premium","30-pack","Combustible"
"OFF-ST-10000107","CIG-VAR-944104","Cigarettes","Combustible","Core","Multi-pack","Combustible"
"OFF-ST-10000123","CIG-VAR-329032","Cigarettes","Combustible","Core","10-pack","Combustible"
"OFF-ST-10000127","CIG-VAR-728992","Cigarettes","Combustible","Core","20-pack","Combustible"
"OFF-ST-10000129","CIG-VAR-383266","Cigarettes","Combustible","Core","30-pack","Combustible"
"OFF-ST-10000130","CIG-VAR-998448","Cigarettes","Combustible","Premium","Multi-pack","Combustible"
"OFF-ST-10000136","CIG-VAR-406490","Cigarettes","Combustible","Value","30-pack","Combustible"
"OFF-ST-10000142","CIG-VAR-018654","Cigarettes","Combustible","Premium","10-pack","Combustible"
"OFF-ST-10000154","CIG-VAR-569369","Cigarettes","Combustible","Value","10-pack","Combustible"
"OFF-ST-10000210","CIG-VAR-216040","Cigarettes","Combustible","Core","10-pack","Combustible"
"OFF-ST-10000220","CIG-VAR-380856","Cigarettes","Combustible","Premium","Multi-pack","Combustible"
"OFF-ST-10000242","CIG-VAR-007242","Cigarettes","Combustible","Premium","20-pack","Combustible"
"OFF-ST-10000268","CIG-VAR-511560","Cigarettes","Combustible","Premium","20-pack","Combustible"
"OFF-ST-10000287","CIG-VAR-976869","Cigarettes","Combustible","Premium","30-pack","Combustible"
"OFF-ST-10000288","CIG-VAR-586536","Cigarettes","Combustible","Premium","Multi-pack","Combustible"
"OFF-ST-10000290","CIG-VAR-234236","Cigarettes","Combustible","Value","10-pack","Combustible"
"OFF-ST-10000299","CIG-VAR-848978","Cigarettes","Combustible","Value","10-pack","Combustible"
"OFF-ST-10000300","CIG-VAR-582456","Cigarettes","Combustible","Premium","30-pack","Combustible"
"OFF-ST-10000306","CIG-VAR-551922","Cigarettes","Combustible","Premium","Multi-pack","Combustible"
"OFF-ST-10000321","CIG-VAR-151303","Cigarettes","Combustible","Core","30-pack","Combustible"
"OFF-ST-10000327","CIG-VAR-143720","Cigarettes","Combustible","Value","Multi-pack","Combustible"
"OFF-ST-10000344","CIG-VAR-741957","Cigarettes","Combustible","Premium","Multi-pack","Combustible"
"OFF-ST-10000351","CIG-VAR-888484","Cigarettes","Combustible","Core","20-pack","Combustible"
"OFF-ST-10000352","CIG-VAR-946473","Cigarettes","Combustible","Premium","Multi-pack","Combustible"
"OFF-ST-10000355","CIG-VAR-965639","Cigarettes","Combustible","Value","10-pack","Combustible"
"OFF-ST-10000362","CIG-VAR-327526","Cigarettes","Combustible","Core","10-pack","Combustible"
"OFF-ST-10000378","CIG-VAR-063263","Cigarettes","Combustible","Value","Multi-pack","Combustible"
"OFF-ST-10000419","CIG-VAR-447229","Cigarettes","Combustible","Core","30-pack","Combustible"
"OFF-ST-10000423","CIG-VAR-636104","Cigarettes","Combustible","Value","Multi-pack","Combustible"
"OFF-ST-10000430","CIG-VAR-075835","Cigarettes","Combustible","Core","10-pack","Combustible"
"OFF-ST-10000439","CIG-VAR-686203","Cigarettes","Combustible","Core","10-pack","Combustible"
"OFF-ST-10000442","CIG-VAR-827431","Cigarettes","Combustible","Core","Multi-pack","Combustible"
"OFF-ST-10000464","CIG-VAR-081657","Cigarettes","Combustible","Premium","10-pack","Combustible"
"OFF-ST-10000485","CIG-VAR-296664","Cigarettes","Combustible","Premium","10-pack","Combustible"
"OFF-ST-10000486","CIG-VAR-908858","Cigarettes","Combustible","Value","30-pack","Combustible"
"OFF-ST-10000496","CIG-VAR-703840","Cigarettes","Combustible","Core","Multi-pack","Combustible"
"OFF-ST-10000505","CIG-VAR-960054","Cigarettes","Combustible","Premium","Multi-pack","Combustible"
"OFF-ST-10000520","CIG-VAR-630194","Cigarettes","Combustible","Value","30-pack","Combustible"
"OFF-ST-10000532","CIG-VAR-250521","Cigarettes","Combustible","Premium","Multi-pack","Combustible"
"OFF-ST-10000542","CIG-VAR-347003","Cigarettes","Combustible","Value","10-pack","Combustible"
"OFF-ST-10000546","CIG-VAR-548905","Cigarettes","Combustible","Core","20-pack","Combustible"
"OFF-ST-10000557","CIG-VAR-970089","Cigarettes","Combustible","Premium","30-pack","Combustible"
"OFF-ST-10000560","CIG-VAR-236403","Cigarettes","Combustible","Premium","30-pack","Combustible"
"OFF-ST-10000563","CIG-VAR-720231","Cigarettes","Combustible","Premium","10-pack","Combustible"
"OFF-ST-10000580","CIG-VAR-627383","Cigarettes","Combustible","Value","10-pack","Combustible"
"OFF-ST-10000585","CIG-VAR-944130","Cigarettes","Combustible","Premium","Multi-pack","Combustible"
"OFF-ST-10000604","CIG-VAR-479212","Cigarettes","Combustible","Core","10-pack","Combustible"
"OFF-ST-10000615","CIG-VAR-860507","Cigarettes","Combustible","Value","Multi-pack","Combustible"
"OFF-ST-10000617","CIG-VAR-072026","Cigarettes","Combustible","Value","Multi-pack","Combustible"
"OFF-ST-10000619","CIG-VAR-288165","Cigarettes","Combustible","Premium","10-pack","Combustible"
"OFF-ST-10000622","CIG-VAR-099372","Cigarettes","Combustible","Premium","Multi-pack","Combustible"
"OFF-ST-10000624","CIG-VAR-955777","Cigarettes","Combustible","Core","30-pack","Combustible"
"OFF-ST-10000632","CIG-VAR-874026","Cigarettes","Combustible","Premium","30-pack","Combustible"
"OFF-ST-10000636","CIG-VAR-346125","Cigarettes","Combustible","Premium","Multi-pack","Combustible"
"OFF-ST-10000642","CIG-VAR-522202","Cigarettes","Combustible","Core","20-pack","Combustible"
"OFF-ST-10000643","CIG-VAR-480249","Cigarettes","Combustible","Premium","Multi-pack","Combustible"
"OFF-ST-10000645","CIG-VAR-203511","Cigarettes","Combustible","Premium","30-pack","Combustible"
"OFF-ST-10000648","CIG-VAR-670360","Cigarettes","Combustible","Core","Multi-pack","Combustible"
"OFF-ST-10000649","CIG-VAR-557226","Cigarettes","Combustible","Premium","20-pack","Combustible"
"OFF-ST-10000650","CIG-VAR-068890","Cigarettes","Combustible","Core","10-pack","Combustible"
"OFF-ST-10000661","CIG-VAR-231535","Cigarettes","Combustible","Core","20-pack","Combustible"
"OFF-ST-10000675","CIG-VAR-437267","Cigarettes","Combustible","Value","20-pack","Combustible"
"OFF-ST-10000676","CIG-VAR-102206","Cigarettes","Combustible","Value","Multi-pack","Combustible"
"OFF-ST-10000689","CIG-VAR-508208","Cigarettes","Combustible","Value","20-pack","Combustible"
"OFF-ST-10000695","CIG-VAR-139460","Cigarettes","Combustible","Value","Multi-pack","Combustible"
"OFF-ST-10000701","CIG-VAR-994003","Cigarettes","Combustible","Core","10-pack","Combustible"
"OFF-ST-10000704","CIG-VAR-054511","Cigarettes","Combustible","Core","Multi-pack","Combustible"
"OFF-ST-10000710","CIG-VAR-584112","Cigarettes","Combustible","Premium","Multi-pack","Combustible"
"OFF-ST-10000711","CIG-VAR-181022","Cigarettes","Combustible","Value","20-pack","Combustible"
"OFF-ST-10000718","CIG-VAR-029004","Cigarettes","Combustible","Premium","20-pack","Combustible"
"OFF-ST-10000736","CIG-VAR-196275","Cigarettes","Combustible","Premium","10-pack","Combustible"
"OFF-ST-10000752","CIG-VAR-286033","Cigarettes","Combustible","Core","Multi-pack","Combustible"
"OFF-ST-10000760","CIG-VAR-230088","Cigarettes","Combustible","Premium","10-pack","Combustible"
"OFF-ST-10000777","CIG-VAR-943137","Cigarettes","Combustible","Premium","30-pack","Combustible"
"OFF-ST-10000794","CIG-VAR-131156","Cigarettes","Combustible","Value","30-pack","Combustible"
"OFF-ST-10000798","CIG-VAR-388858","Cigarettes","Combustible","Core","20-pack","Combustible"
"OFF-ST-10000806","CIG-VAR-304913","Cigarettes","Combustible","Value","30-pack","Combustible"
"OFF-ST-10000836","CIG-VAR-999551","Cigarettes","Combustible","Value","20-pack","Combustible"
"OFF-ST-10000872","CIG-VAR-651602","Cigarettes","Combustible","Value","10-pack","Combustible"
"OFF-ST-10000875","CIG-VAR-128621","Cigarettes","Combustible","Value","Multi-pack","Combustible"
"OFF-ST-10000876","CIG-VAR-181231","Cigarettes","Combustible","Core","20-pack","Combustible"
"OFF-ST-10000877","CIG-VAR-003818","Cigarettes","Combustible","Value","Multi-pack","Combustible"
"OFF-ST-10000880","CIG-VAR-816929","Cigarettes","Combustible","Value","Multi-pack","Combustible"
"OFF-ST-10000884","CIG-VAR-394590","Cigarettes","Combustible","Premium","30-pack","Combustible"
"OFF-ST-10000885","CIG-VAR-639133","Cigarettes","Combustible","Core","10-pack","Combustible"
"OFF-ST-10000886","CIG-VAR-315247","Cigarettes","Combustible","Core","30-pack","Combustible"
"OFF-ST-10000892","CIG-VAR-533262","Cigarettes","Combustible","Premium","30-pack","Combustible"
"OFF-ST-10000917","CIG-VAR-583774","Cigarettes","Combustible","Core","30-pack","Combustible"
"OFF-ST-10000918","CIG-VAR-124417","Cigarettes","Combustible","Core","Multi-pack","Combustible"
"OFF-ST-10000922","CIG-VAR-700552","Cigarettes","Combustible","Core","30-pack","Combustible"
"OFF-ST-10000934","CIG-VAR-532630","Cigarettes","Combustible","Core","30-pack","Combustible"
"OFF-ST-10000943","CIG-VAR-519433","Cigarettes","Combustible","Core","30-pack","Combustible"
"OFF-ST-10000948","CIG-VAR-674145","Cigarettes","Combustible","Premium","30-pack","Combustible"
"OFF-ST-10000952","CIG-VAR-731492","Cigarettes","Combustible","Value","20-pack","Combustible"
"OFF-ST-10000988","CIG-VAR-583437","Cigarettes","Combustible","Premium","30-pack","Combustible"
"OFF-ST-10000990","CIG-VAR-147105","Cigarettes","Combustible","Premium","20-pack","Combustible"
"OFF-ST-10000991","CIG-VAR-263980","Cigarettes","Combustible","Core","Multi-pack","Combustible"
"OFF-ST-10001010","CIG-VAR-798792","Cigarettes","Combustible","Premium","Multi-pack","Combustible"
"OFF-ST-10001025","CIG-VAR-730925","Cigarettes","Combustible","Value","Multi-pack","Combustible"
"OFF-ST-10001026","CIG-VAR-946702","Cigarettes","Combustible","Core","20-pack","Combustible"
"OFF-ST-10001031","CIG-VAR-843617","Cigarettes","Combustible","Value","Multi-pack","Combustible"
"OFF-ST-10001034","CIG-VAR-934232","Cigarettes","Combustible","Value","10-pack","Combustible"
"OFF-ST-10001050","CIG-VAR-090785","Cigarettes","Combustible","Value","Multi-pack","Combustible"
"OFF-ST-10001051","CIG-VAR-642010","Cigarettes","Combustible","Core","20-pack","Combustible"
"OFF-ST-10001057","CIG-VAR-647557","Cigarettes","Combustible","Core","10-pack","Combustible"
"OFF-ST-10001066","CIG-VAR-809266","Cigarettes","Combustible","Core","20-pack","Combustible"
"OFF-ST-10001073","CIG-VAR-119824","Cigarettes","Combustible","Core","Multi-pack","Combustible"
"OFF-ST-10001091","CIG-VAR-415850","Cigarettes","Combustible","Value","20-pack","Combustible"
"OFF-ST-10001097","CIG-VAR-275034","Cigarettes","Combustible","Premium","10-pack","Combustible"
"OFF-ST-10001124","CIG-VAR-486541","Cigarettes","Combustible","Core","30-pack","Combustible"
"OFF-ST-10001128","CIG-VAR-594215","Cigarettes","Combustible","Value","20-pack","Combustible"
"OFF-ST-10001142","CIG-VAR-076567","Cigarettes","Combustible","Core","20-pack","Combustible"
"OFF-ST-10001172","CIG-VAR-029250","Cigarettes","Combustible","Premium","30-pack","Combustible"
"OFF-ST-10001173","CIG-VAR-245454","Cigarettes","Combustible","Premium","10-pack","Combustible"
"OFF-ST-10001186","CIG-VAR-620014","Cigarettes","Combustible","Core","10-pack","Combustible"
"OFF-ST-10001195","CIG-VAR-241365","Cigarettes","Combustible","Premium","Multi-pack","Combustible"
"OFF-ST-10001213","CIG-VAR-137942","Cigarettes","Combustible","Value","Multi-pack","Combustible"
"OFF-ST-10001214","CIG-VAR-050732","Cigarettes","Combustible","Value","10-pack","Combustible"
"OFF-ST-10001222","CIG-VAR-753092","Cigarettes","Combustible","Value","30-pack","Combustible"
"OFF-ST-10001227","CIG-VAR-066694","Cigarettes","Combustible","Core","20-pack","Combustible"
"OFF-ST-10001228","CIG-VAR-441732","Cigarettes","Combustible","Premium","10-pack","Combustible"
"OFF-ST-10001229","CIG-VAR-107458","Cigarettes","Combustible","Core","30-pack","Combustible"
"OFF-ST-10001255","CIG-VAR-385364","Cigarettes","Combustible","Value","30-pack","Combustible"
"OFF-ST-10001272","CIG-VAR-153393","Cigarettes","Combustible","Premium","Multi-pack","Combustible"
"OFF-ST-10001290","CIG-VAR-377555","Cigarettes","Combustible","Value","20-pack","Combustible"
"OFF-ST-10001291","CIG-VAR-457959","Cigarettes","Combustible","Premium","Multi-pack","Combustible"
"OFF-ST-10001321","CIG-VAR-429444","Cigarettes","Combustible","Premium","Multi-pack","Combustible"
"OFF-ST-10001325","CIG-VAR-354287","Cigarettes","Combustible","Value","30-pack","Combustible"
"OFF-ST-10001326","CIG-VAR-561920","Cigarettes","Combustible","Value","10-pack","Combustible"
"OFF-ST-10001328","CIG-VAR-967910","Cigarettes","Combustible","Value","Multi-pack","Combustible"
"OFF-ST-10001335","CIG-VAR-876141","Cigarettes","Combustible","Premium","Multi-pack","Combustible"
"OFF-ST-10001342","CIG-VAR-074610","Cigarettes","Combustible","Premium","Multi-pack","Combustible"
"OFF-ST-10001346","CIG-VAR-431168","Cigarettes","Combustible","Value","30-pack","Combustible"
"OFF-ST-10001357","CIG-VAR-911136","Cigarettes","Combustible","Premium","20-pack","Combustible"
"OFF-ST-10001358","CIG-VAR-208592","Cigarettes","Combustible","Value","10-pack","Combustible"
"OFF-ST-10001366","CIG-VAR-352300","Cigarettes","Combustible","Core","10-pack","Combustible"
"OFF-ST-10001370","CIG-VAR-301890","Cigarettes","Combustible","Premium","10-pack","Combustible"
"OFF-ST-10001372","CIG-VAR-190526","Cigarettes","Combustible","Value","10-pack","Combustible"
"OFF-ST-10001374","CIG-VAR-949342","Cigarettes","Combustible","Core","20-pack","Combustible"
"OFF-ST-10001393","CIG-VAR-675843","Cigarettes","Combustible","Premium","10-pack","Combustible"
"OFF-ST-10001413","CIG-VAR-640062","Cigarettes","Combustible","Premium","20-pack","Combustible"
"OFF-ST-10001414","CIG-VAR-800657","Cigarettes","Combustible","Value","30-pack","Combustible"
"OFF-ST-10001418","CIG-VAR-634739","Cigarettes","Combustible","Value","20-pack","Combustible"
"OFF-ST-10001426","CIG-VAR-107315","Cigarettes","Combustible","Value","20-pack","Combustible"
"OFF-ST-10001440","CIG-VAR-979907","Cigarettes","Combustible","Value","30-pack","Combustible"
"OFF-ST-10001458","CIG-VAR-538107","Cigarettes","Combustible","Premium","20-pack","Combustible"
"OFF-ST-10001460","CIG-VAR-470458","Cigarettes","Combustible","Core","10-pack","Combustible"
"OFF-ST-10001469","CIG-VAR-438013","Cigarettes","Combustible","Core","10-pack","Combustible"
"OFF-ST-10001476","CIG-VAR-908730","Cigarettes","Combustible","Premium","10-pack","Combustible"
"OFF-ST-10001478","CIG-VAR-025426","Cigarettes","Combustible","Core","Multi-pack","Combustible"
"OFF-ST-10001490","CIG-VAR-685744","Cigarettes","Combustible","Core","Multi-pack","Combustible"
"OFF-ST-10001496","CIG-VAR-605422","Cigarettes","Combustible","Core","30-pack","Combustible"
"OFF-ST-10001505","CIG-VAR-345818","Cigarettes","Combustible","Value","30-pack","Combustible"
"OFF-ST-10001511","CIG-VAR-928566","Cigarettes","Combustible","Premium","30-pack","Combustible"
"OFF-ST-10001513","CIG-VAR-340743","Cigarettes","Combustible","Premium","30-pack","Combustible"
"OFF-ST-10001522","CIG-VAR-049787","Cigarettes","Combustible","Value","Multi-pack","Combustible"
"OFF-ST-10001526","CIG-VAR-220637","Cigarettes","Combustible","Value","30-pack","Combustible"
"OFF-ST-10001534","CIG-VAR-197718","Cigarettes","Combustible","Premium","Multi-pack","Combustible"
"OFF-ST-10001547","CIG-VAR-341497","Cigarettes","Combustible","Core","30-pack","Combustible"
"OFF-ST-10001554","CIG-VAR-736804","Cigarettes","Combustible","Core","20-pack","Combustible"
"OFF-ST-10001558","CIG-VAR-274077","Cigarettes","Combustible","Premium","30-pack","Combustible"
"OFF-ST-10001562","CIG-VAR-191706","Cigarettes","Combustible","Premium","Multi-pack","Combustible"
"OFF-ST-10001567","CIG-VAR-205199","Cigarettes","Combustible","Value","10-pack","Combustible"
"OFF-ST-10001576","CIG-VAR-577669","Cigarettes","Combustible","Core","Multi-pack","Combustible"
"OFF-ST-10001580","CIG-VAR-813909","Cigarettes","Combustible","Premium","20-pack","Combustible"
"OFF-ST-10001590","CIG-VAR-739293","Cigarettes","Combustible","Premium","10-pack","Combustible"
"OFF-ST-10001597","CIG-VAR-844299","Cigarettes","Combustible","Premium","Multi-pack","Combustible"
"OFF-ST-10001598","CIG-VAR-114131","Cigarettes","Combustible","Value","30-pack","Combustible"
"OFF-ST-10001627","CIG-VAR-190004","Cigarettes","Combustible","Value","20-pack","Combustible"
"OFF-ST-10001631","CIG-VAR-452181","Cigarettes","Combustible","Premium","20-pack","Combustible"
"OFF-ST-10001638","CIG-VAR-650616","Cigarettes","Combustible","Premium","20-pack","Combustible"
"OFF-ST-10001646","CIG-VAR-536183","Cigarettes","Combustible","Value","20-pack","Combustible"
"OFF-ST-10001648","CIG-VAR-766840","Cigarettes","Combustible","Core","30-pack","Combustible"
"OFF-ST-10001694","CIG-VAR-553868","Cigarettes","Combustible","Value","10-pack","Combustible"
"OFF-ST-10001707","CIG-VAR-944296","Cigarettes","Combustible","Core","10-pack","Combustible"
"OFF-ST-10001713","CIG-VAR-858455","Cigarettes","Combustible","Value","10-pack","Combustible"
"OFF-ST-10001719","CIG-VAR-340111","Cigarettes","Combustible","Core","30-pack","Combustible"
"OFF-ST-10001729","CIG-VAR-441026","Cigarettes","Combustible","Value","20-pack","Combustible"
"OFF-ST-10001743","CIG-VAR-161142","Cigarettes","Combustible","Premium","20-pack","Combustible"
"OFF-ST-10001752","CIG-VAR-739116","Cigarettes","Combustible","Premium","30-pack","Combustible"
"OFF-ST-10001753","CIG-VAR-103578","Cigarettes","Combustible","Premium","10-pack","Combustible"
"OFF-ST-10001755","CIG-VAR-100371","Cigarettes","Combustible","Premium","20-pack","Combustible"
"OFF-ST-10001758","CIG-VAR-657992","Cigarettes","Combustible","Value","10-pack","Combustible"
"OFF-ST-10001776","CIG-VAR-245257","Cigarettes","Combustible","Core","20-pack","Combustible"
"OFF-ST-10001780","CIG-VAR-207227","Cigarettes","Combustible","Value","Multi-pack","Combustible"
"OFF-ST-10001799","CIG-VAR-307449","Cigarettes","Combustible","Premium","30-pack","Combustible"
"OFF-ST-10001809","CIG-VAR-585092","Cigarettes","Combustible","Value","30-pack","Combustible"
"OFF-ST-10001818","CIG-VAR-924315","Cigarettes","Combustible","Premium","20-pack","Combustible"
"OFF-ST-10001824","CIG-VAR-188772","Cigarettes","Combustible","Premium","20-pack","Combustible"
"OFF-ST-10001832","CIG-VAR-458105","Cigarettes","Combustible","Value","20-pack","Combustible"
"OFF-ST-10001837","CIG-VAR-890842","Cigarettes","Combustible","Core","30-pack","Combustible"
"OFF-ST-10001858","CIG-VAR-746858","Cigarettes","Combustible","Value","20-pack","Combustible"
"OFF-ST-10001869","CIG-VAR-819377","Cigarettes","Combustible","Value","10-pack","Combustible"
"OFF-ST-10001890","CIG-VAR-713240","Cigarettes","Combustible","Value","Multi-pack","Combustible"
"OFF-ST-10001932","CIG-VAR-401570","Cigarettes","Combustible","Value","30-pack","Combustible"
"OFF-ST-10001941","CIG-VAR-559233","Cigarettes","Combustible","Premium","Multi-pack","Combustible"
"OFF-ST-10001954","CIG-VAR-267734","Cigarettes","Combustible","Value","20-pack","Combustible"
"OFF-ST-10001963","CIG-VAR-740462","Cigarettes","Combustible","Value","20-pack","Combustible"
"OFF-ST-10001974","CIG-VAR-131184","Cigarettes","Combustible","Premium","Multi-pack","Combustible"
"OFF-ST-10001991","CIG-VAR-718201","Cigarettes","Combustible","Core","30-pack","Combustible"
"OFF-ST-10001999","CIG-VAR-771357","Cigarettes","Combustible","Premium","10-pack","Combustible"
"OFF-ST-10002011","CIG-VAR-084071","Cigarettes","Combustible","Value","Multi-pack","Combustible"
"OFF-ST-10002028","CIG-VAR-968318","Cigarettes","Combustible","Value","10-pack","Combustible"
"OFF-ST-10002042","CIG-VAR-374306","Cigarettes","Combustible","Value","10-pack","Combustible"
"OFF-ST-10002066","CIG-VAR-644176","Cigarettes","Combustible","Core","Multi-pack","Combustible"
"OFF-ST-10002070","CIG-VAR-394292","Cigarettes","Combustible","Value","Multi-pack","Combustible"
"OFF-ST-10002074","CIG-VAR-589858","Cigarettes","Combustible","Core","30-pack","Combustible"
"OFF-ST-10002085","CIG-VAR-553666","Cigarettes","Combustible","Core","Multi-pack","Combustible"
"OFF-ST-10002105","CIG-VAR-227960","Cigarettes","Combustible","Value","10-pack","Combustible"
"OFF-ST-10002119","CIG-VAR-975200","Cigarettes","Combustible","Value","30-pack","Combustible"
"OFF-ST-10002122","CIG-VAR-049117","Cigarettes","Combustible","Core","20-pack","Combustible"
"OFF-ST-10002151","CIG-VAR-008333","Cigarettes","Combustible","Value","10-pack","Combustible"
"OFF-ST-10002159","CIG-VAR-830934","Cigarettes","Combustible","Premium","30-pack","Combustible"
"OFF-ST-10002161","CIG-VAR-623169","Cigarettes","Combustible","Premium","Multi-pack","Combustible"
"OFF-ST-10002164","CIG-VAR-480994","Cigarettes","Combustible","Core","10-pack","Combustible"
"OFF-ST-10002172","CIG-VAR-079396","Cigarettes","Combustible","Core","10-pack","Combustible"
"OFF-ST-10002175","CIG-VAR-208724","Cigarettes","Combustible","Value","Multi-pack","Combustible"
"OFF-ST-10002176","CIG-VAR-851313","Cigarettes","Combustible","Premium","20-pack","Combustible"
"OFF-ST-10002182","CIG-VAR-762320","Cigarettes","Combustible","Value","Multi-pack","Combustible"
"OFF-ST-10002205","CIG-VAR-286196","Cigarettes","Combustible","Value","20-pack","Combustible"
"OFF-ST-10002214","CIG-VAR-330740","Cigarettes","Combustible","Value","30-pack","Combustible"
"OFF-ST-10002220","CIG-VAR-081682","Cigarettes","Combustible","Core","10-pack","Combustible"
"OFF-ST-10002221","CIG-VAR-372581","Cigarettes","Combustible","Value","30-pack","Combustible"
"OFF-ST-10002233","CIG-VAR-505290","Cigarettes","Combustible","Premium","Multi-pack","Combustible"
"OFF-ST-10002240","CIG-VAR-570147","Cigarettes","Combustible","Premium","30-pack","Combustible"
"OFF-ST-10002250","CIG-VAR-548121","Cigarettes","Combustible","Premium","Multi-pack","Combustible"
"OFF-ST-10002251","CIG-VAR-921371","Cigarettes","Combustible","Value","20-pack","Combustible"
"OFF-ST-10002263","CIG-VAR-669515","Cigarettes","Combustible","Value","30-pack","Combustible"
"OFF-ST-10002271","CIG-VAR-664804","Cigarettes","Combustible","Core","Multi-pack","Combustible"
"OFF-ST-10002276","CIG-VAR-567222","Cigarettes","Combustible","Premium","10-pack","Combustible"
"OFF-ST-10002289","CIG-VAR-201069","Cigarettes","Combustible","Premium","30-pack","Combustible"
"OFF-ST-10002292","CIG-VAR-316020","Cigarettes","Combustible","Premium","Multi-pack","Combustible"
"OFF-ST-10002301","CIG-VAR-479929","Cigarettes","Combustible","Core","Multi-pack","Combustible"
"OFF-ST-10002318","CIG-VAR-771909","Cigarettes","Combustible","Premium","30-pack","Combustible"
"OFF-ST-10002340","CIG-VAR-096290","Cigarettes","Combustible","Value","20-pack","Combustible"
"OFF-ST-10002343","CIG-VAR-084944","Cigarettes","Combustible","Value","Multi-pack","Combustible"
"OFF-ST-10002344","CIG-VAR-316079","Cigarettes","Combustible","Value","10-pack","Combustible"
"OFF-ST-10002352","CIG-VAR-823065","Cigarettes","Combustible","Premium","10-pack","Combustible"
"OFF-ST-10002354","CIG-VAR-130788","Cigarettes","Combustible","Premium","20-pack","Combustible"
"OFF-ST-10002362","CIG-VAR-548991","Cigarettes","Combustible","Premium","Multi-pack","Combustible"
"OFF-ST-10002370","CIG-VAR-176761","Cigarettes","Combustible","Core","30-pack","Combustible"
"OFF-ST-10002371","CIG-VAR-976968","Cigarettes","Combustible","Premium","10-pack","Combustible"
"OFF-ST-10002386","CIG-VAR-899119","Cigarettes","Combustible","Core","10-pack","Combustible"
"OFF-ST-10002395","CIG-VAR-568216","Cigarettes","Combustible","Core","Multi-pack","Combustible"
"OFF-ST-10002399","CIG-VAR-636527","Cigarettes","Combustible","Value","10-pack","Combustible"
"OFF-ST-10002406","CIG-VAR-615984","Cigarettes","Combustible","Premium","20-pack","Combustible"
"OFF-ST-10002423","CIG-VAR-933726","Cigarettes","Combustible","Premium","10-pack","Combustible"
"OFF-ST-10002424","CIG-VAR-477337","Cigarettes","Combustible","Core","Multi-pack","Combustible"
"OFF-ST-10002437","CIG-VAR-884219","Cigarettes","Combustible","Value","10-pack","Combustible"
"OFF-ST-10002444","CIG-VAR-603937","Cigarettes","Combustible","Core","20-pack","Combustible"
"OFF-ST-10002459","CIG-VAR-255869","Cigarettes","Combustible","Value","20-pack","Combustible"
"OFF-ST-10002460","CIG-VAR-614671","Cigarettes","Combustible","Core","30-pack","Combustible"
"OFF-ST-10002463","CIG-VAR-218942","Cigarettes","Combustible","Value","10-pack","Combustible"
"OFF-ST-10002466","CIG-VAR-863586","Cigarettes","Combustible","Premium","Multi-pack","Combustible"
"OFF-ST-10002471","CIG-VAR-866333","Cigarettes","Combustible","Value","20-pack","Combustible"
"OFF-ST-10002485","CIG-VAR-400160","Cigarettes","Combustible","Value","Multi-pack","Combustible"
"OFF-ST-10002486","CIG-VAR-369699","Cigarettes","Combustible","Premium","20-pack","Combustible"
"OFF-ST-10002499","CIG-VAR-184069","Cigarettes","Combustible","Core","20-pack","Combustible"
"OFF-ST-10002505","CIG-VAR-486685","Cigarettes","Combustible","Core","10-pack","Combustible"
"OFF-ST-10002506","CIG-VAR-653121","Cigarettes","Combustible","Premium","30-pack","Combustible"
"OFF-ST-10002510","CIG-VAR-689504","Cigarettes","Combustible","Value","30-pack","Combustible"
"OFF-ST-10002515","CIG-VAR-246043","Cigarettes","Combustible","Core","20-pack","Combustible"
"OFF-ST-10002522","CIG-VAR-040828","Cigarettes","Combustible","Core","20-pack","Combustible"
"OFF-ST-10002530","CIG-VAR-048524","Cigarettes","Combustible","Value","10-pack","Combustible"
"OFF-ST-10002538","CIG-VAR-062658","Cigarettes","Combustible","Premium","30-pack","Combustible"
"OFF-ST-10002539","CIG-VAR-186245","Cigarettes","Combustible","Value","10-pack","Combustible"
"OFF-ST-10002546","CIG-VAR-990590","Cigarettes","Combustible","Value","30-pack","Combustible"
"OFF-ST-10002554","CIG-VAR-015793","Cigarettes","Combustible","Core","Multi-pack","Combustible"
"OFF-ST-10002555","CIG-VAR-550744","Cigarettes","Combustible","Core","20-pack","Combustible"
"OFF-ST-10002561","CIG-VAR-583520","Cigarettes","Combustible","Value","Multi-pack","Combustible"
"OFF-ST-10002562","CIG-VAR-969447","Cigarettes","Combustible","Premium","20-pack","Combustible"
"OFF-ST-10002566","CIG-VAR-566848","Cigarettes","Combustible","Core","10-pack","Combustible"
"OFF-ST-10002574","CIG-VAR-522983","Cigarettes","Combustible","Value","20-pack","Combustible"
"OFF-ST-10002583","CIG-VAR-444907","Cigarettes","Combustible","Core","20-pack","Combustible"
"OFF-ST-10002598","CIG-VAR-522723","Cigarettes","Combustible","Premium","10-pack","Combustible"
"OFF-ST-10002605","CIG-VAR-608620","Cigarettes","Combustible","Core","20-pack","Combustible"
"OFF-ST-10002608","CIG-VAR-150255","Cigarettes","Combustible","Premium","10-pack","Combustible"
"OFF-ST-10002615","CIG-VAR-081384","Cigarettes","Combustible","Premium","10-pack","Combustible"
"OFF-ST-10002618","CIG-VAR-920851","Cigarettes","Combustible","Core","20-pack","Combustible"
"OFF-ST-10002619","CIG-VAR-907923","Cigarettes","Combustible","Premium","Multi-pack","Combustible"
"OFF-ST-10002622","CIG-VAR-556032","Cigarettes","Combustible","Premium","10-pack","Combustible"
"OFF-ST-10002632","CIG-VAR-848908","Cigarettes","Combustible","Core","20-pack","Combustible"
"OFF-ST-10002642","CIG-VAR-755566","Cigarettes","Combustible","Core","30-pack","Combustible"
"OFF-ST-10002650","CIG-VAR-289532","Cigarettes","Combustible","Value","Multi-pack","Combustible"
"OFF-ST-10002659","CIG-VAR-728004","Cigarettes","Combustible","Premium","Multi-pack","Combustible"
"OFF-ST-10002670","CIG-VAR-680758","Cigarettes","Combustible","Core","20-pack","Combustible"
"OFF-ST-10002685","CIG-VAR-880283","Cigarettes","Combustible","Value","20-pack","Combustible"
"OFF-ST-10002706","CIG-VAR-059525","Cigarettes","Combustible","Value","10-pack","Combustible"
"OFF-ST-10002714","CIG-VAR-092074","Cigarettes","Combustible","Core","20-pack","Combustible"
"OFF-ST-10002720","CIG-VAR-514154","Cigarettes","Combustible","Value","Multi-pack","Combustible"
"OFF-ST-10002743","CIG-VAR-267913","Cigarettes","Combustible","Core","Multi-pack","Combustible"
"OFF-ST-10002756","CIG-VAR-843100","Cigarettes","Combustible","Core","20-pack","Combustible"
"OFF-ST-10002759","CIG-VAR-174202","Cigarettes","Combustible","Core","10-pack","Combustible"
"OFF-ST-10002763","CIG-VAR-560705","Cigarettes","Combustible","Value","20-pack","Combustible"
"OFF-ST-10002774","CIG-VAR-002752","Cigarettes","Combustible","Core","Multi-pack","Combustible"
"OFF-ST-10002781","CIG-VAR-952590","Cigarettes","Combustible","Premium","Multi-pack","Combustible"
"OFF-ST-10002790","CIG-VAR-491420","Cigarettes","Combustible","Value","10-pack","Combustible"
"OFF-ST-10002791","CIG-VAR-236761","Cigarettes","Combustible","Core","30-pack","Combustible"
"OFF-ST-10002800","CIG-VAR-776821","Cigarettes","Combustible","Core","10-pack","Combustible"
"OFF-ST-10002822","CIG-VAR-006648","Cigarettes","Combustible","Premium","30-pack","Combustible"
"OFF-ST-10002834","CIG-VAR-924847","Cigarettes","Combustible","Core","30-pack","Combustible"
"OFF-ST-10002873","CIG-VAR-570727","Cigarettes","Combustible","Core","20-pack","Combustible"
"OFF-ST-10002900","CIG-VAR-239473","Cigarettes","Combustible","Core","Multi-pack","Combustible"
"OFF-ST-10002902","CIG-VAR-892392","Cigarettes","Combustible","Premium","Multi-pack","Combustible"
"OFF-ST-10002905","CIG-VAR-569162","Cigarettes","Combustible","Value","10-pack","Combustible"
"OFF-ST-10002930","CIG-VAR-799899","Cigarettes","Combustible","Premium","10-pack","Combustible"
"OFF-ST-10002957","CIG-VAR-382668","Cigarettes","Combustible","Premium","20-pack","Combustible"
"OFF-ST-10002967","CIG-VAR-546535","Cigarettes","Combustible","Core","30-pack","Combustible"
"OFF-ST-10002974","CIG-VAR-828320","Cigarettes","Combustible","Value","20-pack","Combustible"
"OFF-ST-10003012","CIG-VAR-214302","Cigarettes","Combustible","Premium","10-pack","Combustible"
"OFF-ST-10003017","CIG-VAR-687391","Cigarettes","Combustible","Core","Multi-pack","Combustible"
"OFF-ST-10003018","CIG-VAR-680419","Cigarettes","Combustible","Core","30-pack","Combustible"
"OFF-ST-10003020","CIG-VAR-404894","Cigarettes","Combustible","Value","Multi-pack","Combustible"
"OFF-ST-10003056","CIG-VAR-185867","Cigarettes","Combustible","Value","20-pack","Combustible"
"OFF-ST-10003058","CIG-VAR-655803","Cigarettes","Combustible","Premium","30-pack","Combustible"
"OFF-ST-10003088","CIG-VAR-141665","Cigarettes","Combustible","Value","Multi-pack","Combustible"
"OFF-ST-10003089","CIG-VAR-859594","Cigarettes","Combustible","Core","20-pack","Combustible"
"OFF-ST-10003102","CIG-VAR-981578","Cigarettes","Combustible","Value","30-pack","Combustible"
"OFF-ST-10003111","CIG-VAR-699871","Cigarettes","Combustible","Core","20-pack","Combustible"
"OFF-ST-10003121","CIG-VAR-880133","Cigarettes","Combustible","Value","30-pack","Combustible"
"OFF-ST-10003123","CIG-VAR-445532","Cigarettes","Combustible","Value","30-pack","Combustible"
"OFF-ST-10003132","CIG-VAR-194223","Cigarettes","Combustible","Premium","20-pack","Combustible"
"OFF-ST-10003141","CIG-VAR-146080","Cigarettes","Combustible","Core","10-pack","Combustible"
"OFF-ST-10003147","CIG-VAR-833858","Cigarettes","Combustible","Value","20-pack","Combustible"
"OFF-ST-10003150","CIG-VAR-160723","Cigarettes","Combustible","Core","Multi-pack","Combustible"
"OFF-ST-10003153","CIG-VAR-252020","Cigarettes","Combustible","Value","20-pack","Combustible"
"OFF-ST-10003154","CIG-VAR-273865","Cigarettes","Combustible","Core","30-pack","Combustible"
"OFF-ST-10003159","CIG-VAR-870768","Cigarettes","Combustible","Premium","Multi-pack","Combustible"
"OFF-ST-10003164","CIG-VAR-938284","Cigarettes","Combustible","Core","20-pack","Combustible"
"OFF-ST-10003172","CIG-VAR-391711","Cigarettes","Combustible","Core","20-pack","Combustible"
"OFF-ST-10003184","CIG-VAR-445130","Cigarettes","Combustible","Value","Multi-pack","Combustible"
"OFF-ST-10003203","CIG-VAR-492888","Cigarettes","Combustible","Premium","20-pack","Combustible"
"OFF-ST-10003204","CIG-VAR-471559","Cigarettes","Combustible","Core","30-pack","Combustible"
"OFF-ST-10003206","CIG-VAR-752696","Cigarettes","Combustible","Value","30-pack","Combustible"
"OFF-ST-10003208","CIG-VAR-915755","Cigarettes","Combustible","Value","20-pack","Combustible"
"OFF-ST-10003221","CIG-VAR-697608","Cigarettes","Combustible","Premium","Multi-pack","Combustible"
"OFF-ST-10003231","CIG-VAR-933713","Cigarettes","Combustible","Value","30-pack","Combustible"
"OFF-ST-10003243","CIG-VAR-552502","Cigarettes","Combustible","Core","20-pack","Combustible"
"OFF-ST-10003256","CIG-VAR-013345","Cigarettes","Combustible","Core","Multi-pack","Combustible"
"OFF-ST-10003266","CIG-VAR-442078","Cigarettes","Combustible","Core","10-pack","Combustible"
"OFF-ST-10003274","CIG-VAR-387106","Cigarettes","Combustible","Core","20-pack","Combustible"
"OFF-ST-10003282","CIG-VAR-555866","Cigarettes","Combustible","Value","Multi-pack","Combustible"
"OFF-ST-10003286","CIG-VAR-330394","Cigarettes","Combustible","Core","30-pack","Combustible"
"OFF-ST-10003293","CIG-VAR-937910","Cigarettes","Combustible","Value","10-pack","Combustible"
"OFF-ST-10003295","CIG-VAR-611939","Cigarettes","Combustible","Value","20-pack","Combustible"
"OFF-ST-10003305","CIG-VAR-486211","Cigarettes","Combustible","Core","Multi-pack","Combustible"
"OFF-ST-10003306","CIG-VAR-792943","Cigarettes","Combustible","Core","20-pack","Combustible"
"OFF-ST-10003319","CIG-VAR-870699","Cigarettes","Combustible","Premium","20-pack","Combustible"
"OFF-ST-10003322","CIG-VAR-498925","Cigarettes","Combustible","Core","30-pack","Combustible"
"OFF-ST-10003324","CIG-VAR-495408","Cigarettes","Combustible","Premium","Multi-pack","Combustible"
"OFF-ST-10003327","CIG-VAR-419675","Cigarettes","Combustible","Value","20-pack","Combustible"
"OFF-ST-10003331","CIG-VAR-841839","Cigarettes","Combustible","Premium","20-pack","Combustible"
"OFF-ST-10003334","CIG-VAR-008112","Cigarettes","Combustible","Premium","30-pack","Combustible"
"OFF-ST-10003335","CIG-VAR-462863","Cigarettes","Combustible","Value","10-pack","Combustible"
"OFF-ST-10003344","CIG-VAR-846353","Cigarettes","Combustible","Value","20-pack","Combustible"
"OFF-ST-10003393","CIG-VAR-230617","Cigarettes","Combustible","Core","Multi-pack","Combustible"
"OFF-ST-10003409","CIG-VAR-735657","Cigarettes","Combustible","Premium","20-pack","Combustible"
"OFF-ST-10003411","CIG-VAR-793097","Cigarettes","Combustible","Value","30-pack","Combustible"
"OFF-ST-10003414","CIG-VAR-468470","Cigarettes","Combustible","Value","20-pack","Combustible"
"OFF-ST-10003426","CIG-VAR-878032","Cigarettes","Combustible","Core","30-pack","Combustible"
"OFF-ST-10003442","CIG-VAR-699896","Cigarettes","Combustible","Value","20-pack","Combustible"
"OFF-ST-10003445","CIG-VAR-308024","Cigarettes","Combustible","Value","30-pack","Combustible"
"OFF-ST-10003446","CIG-VAR-231555","Cigarettes","Combustible","Premium","10-pack","Combustible"
"OFF-ST-10003455","CIG-VAR-655227","Cigarettes","Combustible","Premium","Multi-pack","Combustible"
"OFF-ST-10003459","CIG-VAR-058341","Cigarettes","Combustible","Premium","10-pack","Combustible"
"OFF-ST-10003470","CIG-VAR-911877","Cigarettes","Combustible","Premium","30-pack","Combustible"
"OFF-ST-10003479","CIG-VAR-838625","Cigarettes","Combustible","Value","30-pack","Combustible"
"OFF-ST-10003489","CIG-VAR-187792","Cigarettes","Combustible","Core","20-pack","Combustible"
"OFF-ST-10003528","CIG-VAR-560394","Cigarettes","Combustible","Premium","30-pack","Combustible"
"OFF-ST-10003547","CIG-VAR-087266","Cigarettes","Combustible","Value","20-pack","Combustible"
"OFF-ST-10003572","CIG-VAR-303781","Cigarettes","Combustible","Core","20-pack","Combustible"
"OFF-ST-10003578","CIG-VAR-460407","Cigarettes","Combustible","Premium","Multi-pack","Combustible"
"OFF-ST-10003606","CIG-VAR-744202","Cigarettes","Combustible","Core","30-pack","Combustible"
"OFF-ST-10003638","CIG-VAR-037665","Cigarettes","Combustible","Premium","30-pack","Combustible"
"OFF-ST-10003641","CIG-VAR-642484","Cigarettes","Combustible","Core","20-pack","Combustible"
"OFF-ST-10003648","CIG-VAR-677032","Cigarettes","Combustible","Core","20-pack","Combustible"
"OFF-ST-10003656","CIG-VAR-183235","Cigarettes","Combustible","Core","Multi-pack","Combustible"
"OFF-ST-10003692","CIG-VAR-463849","Cigarettes","Combustible","Core","30-pack","Combustible"
"OFF-ST-10003716","CIG-VAR-951285","Cigarettes","Combustible","Premium","10-pack","Combustible"
"OFF-ST-10003718","CIG-VAR-930064","Cigarettes","Combustible","Core","Multi-pack","Combustible"
"OFF-ST-10003722","CIG-VAR-154592","Cigarettes","Combustible","Value","30-pack","Combustible"
"OFF-ST-10003729","CIG-VAR-885796","Cigarettes","Combustible","Core","30-pack","Combustible"
"OFF-ST-10003741","CIG-VAR-173228","Cigarettes","Combustible","Value","30-pack","Combustible"
"OFF-ST-10003750","CIG-VAR-542646","Cigarettes","Combustible","Premium","20-pack","Combustible"
"OFF-ST-10003760","CIG-VAR-450358","Cigarettes","Combustible","Core","30-pack","Combustible"
"OFF-ST-10003764","CIG-VAR-528058","Cigarettes","Combustible","Core","Multi-pack","Combustible"
"OFF-ST-10003785","CIG-VAR-528010","Cigarettes","Combustible","Core","Multi-pack","Combustible"
"OFF-ST-10003800","CIG-VAR-126801","Cigarettes","Combustible","Premium","20-pack","Combustible"
"OFF-ST-10003805","CIG-VAR-209457","Cigarettes","Combustible","Premium","30-pack","Combustible"
"OFF-ST-10003807","CIG-VAR-404007","Cigarettes","Combustible","Premium","30-pack","Combustible"
"OFF-ST-10003808","CIG-VAR-316839","Cigarettes","Combustible","Premium","Multi-pack","Combustible"
"OFF-ST-10003810","CIG-VAR-672589","Cigarettes","Combustible","Core","10-pack","Combustible"
"OFF-ST-10003811","CIG-VAR-439318","Cigarettes","Combustible","Core","30-pack","Combustible"
"OFF-ST-10003816","CIG-VAR-785722","Cigarettes","Combustible","Core","20-pack","Combustible"
"OFF-ST-10003835","CIG-VAR-388018","Cigarettes","Combustible","Core","20-pack","Combustible"
"OFF-ST-10003837","CIG-VAR-707073","Cigarettes","Combustible","Premium","20-pack","Combustible"
"OFF-ST-10003858","CIG-VAR-638991","Cigarettes","Combustible","Premium","30-pack","Combustible"
"OFF-ST-10003907","CIG-VAR-237871","Cigarettes","Combustible","Core","20-pack","Combustible"
"OFF-ST-10003929","CIG-VAR-807279","Cigarettes","Combustible","Premium","10-pack","Combustible"
"OFF-ST-10003931","CIG-VAR-090479","Cigarettes","Combustible","Value","Multi-pack","Combustible"
"OFF-ST-10003952","CIG-VAR-590641","Cigarettes","Combustible","Core","Multi-pack","Combustible"
"OFF-ST-10003953","CIG-VAR-802860","Cigarettes","Combustible","Premium","20-pack","Combustible"
"OFF-ST-10003956","CIG-VAR-999813","Cigarettes","Combustible","Premium","30-pack","Combustible"
"OFF-ST-10003964","CIG-VAR-870763","Cigarettes","Combustible","Core","20-pack","Combustible"
"OFF-ST-10003990","CIG-VAR-874391","Cigarettes","Combustible","Value","Multi-pack","Combustible"
"OFF-ST-10003994","CIG-VAR-764404","Cigarettes","Combustible","Core","30-pack","Combustible"
"OFF-ST-10003995","CIG-VAR-432785","Cigarettes","Combustible","Value","10-pack","Combustible"
"OFF-ST-10003996","CIG-VAR-599749","Cigarettes","Combustible","Core","30-pack","Combustible"
"OFF-ST-10003997","CIG-VAR-109372","Cigarettes","Combustible","Core","10-pack","Combustible"
"OFF-ST-10004015","CIG-VAR-602034","Cigarettes","Combustible","Premium","30-pack","Combustible"
"OFF-ST-10004017","CIG-VAR-429740","Cigarettes","Combustible","Value","30-pack","Combustible"
"OFF-ST-10004019","CIG-VAR-273559","Cigarettes","Combustible","Core","20-pack","Combustible"
"OFF-ST-10004020","CIG-VAR-020219","Cigarettes","Combustible","Value","30-pack","Combustible"
"OFF-ST-10004035","CIG-VAR-412019","Cigarettes","Combustible","Value","10-pack","Combustible"
"OFF-ST-10004046","CIG-VAR-962201","Cigarettes","Combustible","Value","20-pack","Combustible"
"OFF-ST-10004050","CIG-VAR-055411","Cigarettes","Combustible","Core","20-pack","Combustible"
"OFF-ST-10004060","CIG-VAR-446400","Cigarettes","Combustible","Premium","30-pack","Combustible"
"OFF-ST-10004097","CIG-VAR-735231","Cigarettes","Combustible","Premium","30-pack","Combustible"
"OFF-ST-10004116","CIG-VAR-896146","Cigarettes","Combustible","Core","Multi-pack","Combustible"
"OFF-ST-10004123","CIG-VAR-029702","Cigarettes","Combustible","Value","Multi-pack","Combustible"
"OFF-ST-10004141","CIG-VAR-970671","Cigarettes","Combustible","Premium","20-pack","Combustible"
"OFF-ST-10004159","CIG-VAR-419814","Cigarettes","Combustible","Premium","30-pack","Combustible"
"OFF-ST-10004160","CIG-VAR-628950","Cigarettes","Combustible","Premium","20-pack","Combustible"
"OFF-ST-10004180","CIG-VAR-470555","Cigarettes","Combustible","Value","Multi-pack","Combustible"
"OFF-ST-10004183","CIG-VAR-785447","Cigarettes","Combustible","Value","20-pack","Combustible"
"OFF-ST-10004185","CIG-VAR-829323","Cigarettes","Combustible","Premium","10-pack","Combustible"
"OFF-ST-10004186","CIG-VAR-345684","Cigarettes","Combustible","Premium","30-pack","Combustible"
"OFF-ST-10004190","CIG-VAR-503678","Cigarettes","Combustible","Value","30-pack","Combustible"
"OFF-ST-10004191","CIG-VAR-197404","Cigarettes","Combustible","Core","10-pack","Combustible"
"OFF-ST-10004226","CIG-VAR-735877","Cigarettes","Combustible","Core","20-pack","Combustible"
"OFF-ST-10004228","CIG-VAR-213818","Cigarettes","Combustible","Value","30-pack","Combustible"
"OFF-ST-10004236","CIG-VAR-104559","Cigarettes","Combustible","Premium","10-pack","Combustible"
"OFF-ST-10004258","CIG-VAR-708582","Cigarettes","Combustible","Premium","20-pack","Combustible"
"OFF-ST-10004267","CIG-VAR-557503","Cigarettes","Combustible","Core","Multi-pack","Combustible"
"OFF-ST-10004280","CIG-VAR-156381","Cigarettes","Combustible","Premium","30-pack","Combustible"
"OFF-ST-10004293","CIG-VAR-535352","Cigarettes","Combustible","Value","20-pack","Combustible"
"OFF-ST-10004296","CIG-VAR-243573","Cigarettes","Combustible","Premium","30-pack","Combustible"
"OFF-ST-10004315","CIG-VAR-400158","Cigarettes","Combustible","Premium","Multi-pack","Combustible"
"OFF-ST-10004317","CIG-VAR-091051","Cigarettes","Combustible","Core","Multi-pack","Combustible"
"OFF-ST-10004325","CIG-VAR-900202","Cigarettes","Combustible","Core","10-pack","Combustible"
"OFF-ST-10004326","CIG-VAR-417110","Cigarettes","Combustible","Value","30-pack","Combustible"
"OFF-ST-10004330","CIG-VAR-290766","Cigarettes","Combustible","Premium","30-pack","Combustible"
"OFF-ST-10004331","CIG-VAR-794499","Cigarettes","Combustible","Premium","10-pack","Combustible"
"OFF-ST-10004337","CIG-VAR-191930","Cigarettes","Combustible","Value","20-pack","Combustible"
"OFF-ST-10004340","CIG-VAR-531321","Cigarettes","Combustible","Premium","20-pack","Combustible"
"OFF-ST-10004341","CIG-VAR-444719","Cigarettes","Combustible","Value","Multi-pack","Combustible"
"OFF-ST-10004342","CIG-VAR-480047","Cigarettes","Combustible","Value","20-pack","Combustible"
"OFF-ST-10004346","CIG-VAR-058219","Cigarettes","Combustible","Core","10-pack","Combustible"
"OFF-ST-10004350","CIG-VAR-599596","Cigarettes","Combustible","Core","10-pack","Combustible"
"OFF-ST-10004365","CIG-VAR-800470","Cigarettes","Combustible","Core","10-pack","Combustible"
"OFF-ST-10004367","CIG-VAR-650373","Cigarettes","Combustible","Premium","10-pack","Combustible"
"OFF-ST-10004368","CIG-VAR-814556","Cigarettes","Combustible","Value","20-pack","Combustible"
"OFF-ST-10004374","CIG-VAR-062069","Cigarettes","Combustible","Value","Multi-pack","Combustible"
"OFF-ST-10004377","CIG-VAR-981704","Cigarettes","Combustible","Value","20-pack","Combustible"
"OFF-ST-10004381","CIG-VAR-883545","Cigarettes","Combustible","Premium","Multi-pack","Combustible"
"OFF-ST-10004382","CIG-VAR-490557","Cigarettes","Combustible","Premium","20-pack","Combustible"
"OFF-ST-10004409","CIG-VAR-949066","Cigarettes","Combustible","Core","10-pack","Combustible"
"OFF-ST-10004412","CIG-VAR-359768","Cigarettes","Combustible","Value","20-pack","Combustible"
"OFF-ST-10004428","CIG-VAR-629826","Cigarettes","Combustible","Premium","10-pack","Combustible"
"OFF-ST-10004431","CIG-VAR-465078","Cigarettes","Combustible","Premium","20-pack","Combustible"
"OFF-ST-10004432","CIG-VAR-984711","Cigarettes","Combustible","Premium","Multi-pack","Combustible"
"OFF-ST-10004459","CIG-VAR-043114","Cigarettes","Combustible","Core","20-pack","Combustible"
"OFF-ST-10004464","CIG-VAR-023364","Cigarettes","Combustible","Premium","Multi-pack","Combustible"
"OFF-ST-10004473","CIG-VAR-614732","Cigarettes","Combustible","Value","20-pack","Combustible"
"OFF-ST-10004479","CIG-VAR-400766","Cigarettes","Combustible","Value","Multi-pack","Combustible"
"OFF-ST-10004482","CIG-VAR-214311","Cigarettes","Combustible","Premium","10-pack","Combustible"
"OFF-ST-10004489","CIG-VAR-993153","Cigarettes","Combustible","Premium","10-pack","Combustible"
"OFF-ST-10004496","CIG-VAR-923255","Cigarettes","Combustible","Value","10-pack","Combustible"
"OFF-ST-10004507","CIG-VAR-003595","Cigarettes","Combustible","Core","10-pack","Combustible"
"OFF-ST-10004532","CIG-VAR-766395","Cigarettes","Combustible","Premium","10-pack","Combustible"
"OFF-ST-10004549","CIG-VAR-981889","Cigarettes","Combustible","Core","Multi-pack","Combustible"
"OFF-ST-10004550","CIG-VAR-021434","Cigarettes","Combustible","Value","30-pack","Combustible"
"OFF-ST-10004576","CIG-VAR-549560","Cigarettes","Combustible","Value","20-pack","Combustible"
"OFF-ST-10004577","CIG-VAR-228752","Cigarettes","Combustible","Value","Multi-pack","Combustible"
"OFF-ST-10004583","CIG-VAR-973382","Cigarettes","Combustible","Value","20-pack","Combustible"
"OFF-ST-10004597","CIG-VAR-297920","Cigarettes","Combustible","Value","20-pack","Combustible"
"OFF-ST-10004608","CIG-VAR-917432","Cigarettes","Combustible","Value","10-pack","Combustible"
"OFF-ST-10004631","CIG-VAR-689662","Cigarettes","Combustible","Core","Multi-pack","Combustible"
"OFF-ST-10004634","CIG-VAR-975714","Cigarettes","Combustible","Premium","10-pack","Combustible"
"OFF-ST-10004638","CIG-VAR-444988","Cigarettes","Combustible","Core","Multi-pack","Combustible"
"OFF-ST-10004646","CIG-VAR-823525","Cigarettes","Combustible","Core","Multi-pack","Combustible"
"OFF-ST-10004660","CIG-VAR-997608","Cigarettes","Combustible","Premium","10-pack","Combustible"
"OFF-ST-10004668","CIG-VAR-481441","Cigarettes","Combustible","Core","30-pack","Combustible"
"OFF-ST-10004687","CIG-VAR-503644","Cigarettes","Combustible","Core","20-pack","Combustible"
"OFF-ST-10004695","CIG-VAR-999947","Cigarettes","Combustible","Value","10-pack","Combustible"
"OFF-ST-10004702","CIG-VAR-541383","Cigarettes","Combustible","Premium","20-pack","Combustible"
"OFF-ST-10004703","CIG-VAR-397952","Cigarettes","Combustible","Value","Multi-pack","Combustible"
"OFF-ST-10004739","CIG-VAR-853001","Cigarettes","Combustible","Value","30-pack","Combustible"
"OFF-ST-10004748","CIG-VAR-044139","Cigarettes","Combustible","Premium","Multi-pack","Combustible"
"OFF-ST-10004754","CIG-VAR-546787","Cigarettes","Combustible","Core","20-pack","Combustible"
"OFF-ST-10004768","CIG-VAR-964078","Cigarettes","Combustible","Core","20-pack","Combustible"
"OFF-ST-10004793","CIG-VAR-311723","Cigarettes","Combustible","Value","30-pack","Combustible"
"OFF-ST-10004794","CIG-VAR-704792","Cigarettes","Combustible","Value","20-pack","Combustible"
"OFF-ST-10004800","CIG-VAR-848433","Cigarettes","Combustible","Premium","10-pack","Combustible"
"OFF-ST-10004802","CIG-VAR-008047","Cigarettes","Combustible","Core","10-pack","Combustible"
"OFF-ST-10004804","CIG-VAR-308141","Cigarettes","Combustible","Value","20-pack","Combustible"
"OFF-ST-10004830","CIG-VAR-768693","Cigarettes","Combustible","Premium","Multi-pack","Combustible"
"OFF-ST-10004835","CIG-VAR-112703","Cigarettes","Combustible","Value","10-pack","Combustible"
"OFF-ST-10004837","CIG-VAR-472336","Cigarettes","Combustible","Core","10-pack","Combustible"
"OFF-ST-10004841","CIG-VAR-491199","Cigarettes","Combustible","Premium","30-pack","Combustible"
"OFF-ST-10004847","CIG-VAR-945858","Cigarettes","Combustible","Premium","Multi-pack","Combustible"
"OFF-ST-10004855","CIG-VAR-167270","Cigarettes","Combustible","Value","30-pack","Combustible"
"OFF-ST-10004857","CIG-VAR-100447","Cigarettes","Combustible","Core","30-pack","Combustible"
"OFF-ST-10004871","CIG-VAR-786904","Cigarettes","Combustible","Core","20-pack","Combustible"
"OFF-ST-10004897","CIG-VAR-785169","Cigarettes","Combustible","Premium","30-pack","Combustible"
"OFF-ST-10004930","CIG-VAR-100747","Cigarettes","Combustible","Core","10-pack","Combustible"
"OFF-ST-10004946","CIG-VAR-824849","Cigarettes","Combustible","Value","30-pack","Combustible"
"OFF-ST-10004947","CIG-VAR-722350","Cigarettes","Combustible","Core","10-pack","Combustible"
"OFF-ST-10004950","CIG-VAR-395629","Cigarettes","Combustible","Core","30-pack","Combustible"
"OFF-ST-10004963","CIG-VAR-541278","Cigarettes","Combustible","Premium","Multi-pack","Combustible"
"OFF-ST-10004972","CIG-VAR-783065","Cigarettes","Combustible","Value","10-pack","Combustible"
"OFF-ST-10004976","CIG-VAR-868611","Cigarettes","Combustible","Premium","20-pack","Combustible"
"OFF-ST-10004983","CIG-VAR-161270","Cigarettes","Combustible","Value","20-pack","Combustible"
"OFF-ST-10004996","CIG-VAR-791955","Cigarettes","Combustible","Premium","Multi-pack","Combustible"
"OFF-STA-10000054","CIG-VAR-865835","Cigarettes","Combustible","Value","30-pack","Combustible"
"OFF-STA-10000155","CIG-VAR-001995","Cigarettes","Combustible","Premium","Multi-pack","Combustible"
"OFF-STA-10000244","CIG-VAR-998144","Cigarettes","Combustible","Value","20-pack","Combustible"
"OFF-STA-10000247","CIG-VAR-938208","Cigarettes","Combustible","Premium","Multi-pack","Combustible"
"OFF-STA-10000298","CIG-VAR-959560","Cigarettes","Combustible","Core","Multi-pack","Combustible"
"OFF-STA-10001112","CIG-VAR-461157","Cigarettes","Combustible","Premium","20-pack","Combustible"
"OFF-STA-10001636","CIG-VAR-058578","Cigarettes","Combustible","Premium","Multi-pack","Combustible"
"OFF-STA-10001747","CIG-VAR-125039","Cigarettes","Combustible","Value","20-pack","Combustible"
"OFF-STA-10001791","CIG-VAR-290289","Cigarettes","Combustible","Premium","20-pack","Combustible"
"OFF-STA-10001895","CIG-VAR-003079","Cigarettes","Combustible","Core","20-pack","Combustible"
"OFF-STA-10001968","CIG-VAR-122088","Cigarettes","Combustible","Premium","10-pack","Combustible"
"OFF-STA-10002654","CIG-VAR-652466","Cigarettes","Combustible","Value","Multi-pack","Combustible"
"OFF-STA-10002719","CIG-VAR-486781","Cigarettes","Combustible","Core","20-pack","Combustible"
"OFF-STA-10002791","CIG-VAR-464077","Cigarettes","Combustible","Core","Multi-pack","Combustible"
"OFF-STA-10003027","CIG-VAR-861923","Cigarettes","Combustible","Value","20-pack","Combustible"
"OFF-STA-10003756","CIG-VAR-019857","Cigarettes","Combustible","Premium","20-pack","Combustible"
"OFF-STA-10003803","CIG-VAR-685163","Cigarettes","Combustible","Value","30-pack","Combustible"
"OFF-STA-10003908","CIG-VAR-150263","Cigarettes","Combustible","Value","20-pack","Combustible"
"OFF-STA-10003956","CIG-VAR-457656","Cigarettes","Combustible","Premium","Multi-pack","Combustible"
"OFF-STA-10004108","CIG-VAR-381632","Cigarettes","Combustible","Value","10-pack","Combustible"
"OFF-STA-10004163","CIG-VAR-926594","Cigarettes","Combustible","Value","30-pack","Combustible"
"OFF-STA-10004327","CIG-VAR-750177","Cigarettes","Combustible","Premium","20-pack","Combustible"
"OFF-STA-10004484","CIG-VAR-302368","Cigarettes","Combustible","Core","10-pack","Combustible"
"OFF-STA-10004885","CIG-VAR-600677","Cigarettes","Combustible","Value","30-pack","Combustible"
"OFF-STI-10000114","CIG-VAR-606317","Cigarettes","Combustible","Value","20-pack","Combustible"
"OFF-STI-10000144","CIG-VAR-186609","Cigarettes","Combustible","Premium","10-pack","Combustible"
"OFF-STI-10000286","CIG-VAR-069085","Cigarettes","Combustible","Core","20-pack","Combustible"
"OFF-STI-10000305","CIG-VAR-322558","Cigarettes","Combustible","Core","10-pack","Combustible"
"OFF-STI-10000388","CIG-VAR-596176","Cigarettes","Combustible","Core","20-pack","Combustible"
"OFF-STI-10000697","CIG-VAR-338775","Cigarettes","Combustible","Premium","30-pack","Combustible"
"OFF-STI-10000856","CIG-VAR-005977","Cigarettes","Combustible","Core","30-pack","Combustible"
"OFF-STI-10000937","CIG-VAR-758868","Cigarettes","Combustible","Premium","20-pack","Combustible"
"OFF-STI-10001136","CIG-VAR-978021","Cigarettes","Combustible","Premium","30-pack","Combustible"
"OFF-STI-10001162","CIG-VAR-835808","Cigarettes","Combustible","Value","30-pack","Combustible"
"OFF-STI-10001171","CIG-VAR-166730","Cigarettes","Combustible","Value","20-pack","Combustible"
"OFF-STI-10001651","CIG-VAR-036967","Cigarettes","Combustible","Core","30-pack","Combustible"
"OFF-STI-10001743","CIG-VAR-267808","Cigarettes","Combustible","Core","10-pack","Combustible"
"OFF-STI-10001955","CIG-VAR-162447","Cigarettes","Combustible","Premium","30-pack","Combustible"
"OFF-STI-10001957","CIG-VAR-411207","Cigarettes","Combustible","Premium","30-pack","Combustible"
"OFF-STI-10002040","CIG-VAR-450651","Cigarettes","Combustible","Premium","20-pack","Combustible"
"OFF-STI-10002245","CIG-VAR-498058","Cigarettes","Combustible","Core","10-pack","Combustible"
"OFF-STI-10002262","CIG-VAR-768040","Cigarettes","Combustible","Core","20-pack","Combustible"
"OFF-STI-10002519","CIG-VAR-683440","Cigarettes","Combustible","Core","Multi-pack","Combustible"
"OFF-STI-10002716","CIG-VAR-637738","Cigarettes","Combustible","Core","10-pack","Combustible"
"OFF-STI-10003148","CIG-VAR-079834","Cigarettes","Combustible","Core","20-pack","Combustible"
"OFF-STI-10003234","CIG-VAR-162327","Cigarettes","Combustible","Premium","10-pack","Combustible"
"OFF-STI-10003510","CIG-VAR-533489","Cigarettes","Combustible","Value","30-pack","Combustible"
"OFF-STI-10004202","CIG-VAR-630170","Cigarettes","Combustible","Value","Multi-pack","Combustible"
"OFF-STO-10000007","CIG-VAR-486845","Cigarettes","Combustible","Value","30-pack","Combustible"
"OFF-STO-10000041","CIG-VAR-706882","Cigarettes","Combustible","Core","Multi-pack","Combustible"
"OFF-STO-10000128","CIG-VAR-862818","Cigarettes","Combustible","Premium","30-pack","Combustible"
"OFF-STO-10000347","CIG-VAR-013959","Cigarettes","Combustible","Premium","Multi-pack","Combustible"
"OFF-STO-10000631","CIG-VAR-566392","Cigarettes","Combustible","Core","30-pack","Combustible"
"OFF-STO-10000683","CIG-VAR-219072","Cigarettes","Combustible","Premium","20-pack","Combustible"
"OFF-STO-10000753","CIG-VAR-291140","Cigarettes","Combustible","Value","Multi-pack","Combustible"
"OFF-STO-10000876","CIG-VAR-152941","Cigarettes","Combustible","Core","Multi-pack","Combustible"
"OFF-STO-10000923","CIG-VAR-327526","Cigarettes","Combustible","Core","30-pack","Combustible"
"OFF-STO-10000924","CIG-VAR-159210","Cigarettes","Combustible","Premium","20-pack","Combustible"
"OFF-STO-10001142","CIG-VAR-641790","Cigarettes","Combustible","Premium","Multi-pack","Combustible"
"OFF-STO-10001150","CIG-VAR-432784","Cigarettes","Combustible","Core","30-pack","Combustible"
"OFF-STO-10001173","CIG-VAR-008233","Cigarettes","Combustible","Core","30-pack","Combustible"
"OFF-STO-10001239","CIG-VAR-042233","Cigarettes","Combustible","Value","20-pack","Combustible"
"OFF-STO-10001310","CIG-VAR-539133","Cigarettes","Combustible","Premium","10-pack","Combustible"
"OFF-STO-10001671","CIG-VAR-667735","Cigarettes","Combustible","Core","Multi-pack","Combustible"
"OFF-STO-10001693","CIG-VAR-402555","Cigarettes","Combustible","Premium","20-pack","Combustible"
"OFF-STO-10001791","CIG-VAR-063013","Cigarettes","Combustible","Core","30-pack","Combustible"
"OFF-STO-10001839","CIG-VAR-619667","Cigarettes","Combustible","Value","Multi-pack","Combustible"
"OFF-STO-10001916","CIG-VAR-454533","Cigarettes","Combustible","Premium","Multi-pack","Combustible"
"OFF-STO-10002026","CIG-VAR-172824","Cigarettes","Combustible","Premium","20-pack","Combustible"
"OFF-STO-10002042","CIG-VAR-372585","Cigarettes","Combustible","Premium","30-pack","Combustible"
"OFF-STO-10002449","CIG-VAR-251098","Cigarettes","Combustible","Core","30-pack","Combustible"
"OFF-STO-10002661","CIG-VAR-785605","Cigarettes","Combustible","Core","10-pack","Combustible"
"OFF-STO-10002708","CIG-VAR-634074","Cigarettes","Combustible","Premium","20-pack","Combustible"
"OFF-STO-10002803","CIG-VAR-090724","Cigarettes","Combustible","Core","10-pack","Combustible"
"OFF-STO-10002857","CIG-VAR-615480","Cigarettes","Combustible","Premium","10-pack","Combustible"
"OFF-STO-10003021","CIG-VAR-287964","Cigarettes","Combustible","Premium","Multi-pack","Combustible"
"OFF-STO-10003082","CIG-VAR-297027","Cigarettes","Combustible","Premium","Multi-pack","Combustible"
"OFF-STO-10003098","CIG-VAR-110978","Cigarettes","Combustible","Value","10-pack","Combustible"
"OFF-STO-10003329","CIG-VAR-122662","Cigarettes","Combustible","Core","10-pack","Combustible"
"OFF-STO-10003342","CIG-VAR-536767","Cigarettes","Combustible","Core","30-pack","Combustible"
"OFF-STO-10003395","CIG-VAR-608828","Cigarettes","Combustible","Value","10-pack","Combustible"
"OFF-STO-10003604","CIG-VAR-154517","Cigarettes","Combustible","Value","10-pack","Combustible"
"OFF-STO-10003605","CIG-VAR-847269","Cigarettes","Combustible","Premium","30-pack","Combustible"
"OFF-STO-10003728","CIG-VAR-381284","Cigarettes","Combustible","Value","30-pack","Combustible"
"OFF-STO-10003802","CIG-VAR-833517","Cigarettes","Combustible","Premium","Multi-pack","Combustible"
"OFF-STO-10003878","CIG-VAR-856536","Cigarettes","Combustible","Premium","30-pack","Combustible"
"OFF-STO-10004302","CIG-VAR-533285","Cigarettes","Combustible","Value","Multi-pack","Combustible"
"OFF-STO-10004363","CIG-VAR-503475","Cigarettes","Combustible","Premium","Multi-pack","Combustible"
"OFF-STO-10004495","CIG-VAR-200643","Cigarettes","Combustible","Premium","10-pack","Combustible"
"OFF-STO-10004496","CIG-VAR-635098","Cigarettes","Combustible","Core","30-pack","Combustible"
"OFF-STO-10004503","CIG-VAR-843565","Cigarettes","Combustible","Core","Multi-pack","Combustible"
"OFF-STO-10004779","CIG-VAR-878666","Cigarettes","Combustible","Value","10-pack","Combustible"
"OFF-STO-10004841","CIG-VAR-678554","Cigarettes","Combustible","Value","10-pack","Combustible"
"OFF-STO-10004910","CIG-VAR-778890","Cigarettes","Combustible","Premium","10-pack","Combustible"
"OFF-STO-10004940","CIG-VAR-095422","Cigarettes","Combustible","Core","20-pack","Combustible"
"OFF-STO-10004971","CIG-VAR-551850","Cigarettes","Combustible","Premium","10-pack","Combustible"
"OFF-SU-10000047","CIG-VAR-189423","Cigarettes","Combustible","Premium","30-pack","Combustible"
"OFF-SU-10000062","CIG-VAR-019122","Cigarettes","Combustible","Premium","Multi-pack","Combustible"
"OFF-SU-10000066","CIG-VAR-985941","Cigarettes","Combustible","Premium","30-pack","Combustible"
"OFF-SU-10000076","CIG-VAR-877409","Cigarettes","Combustible","Value","Multi-pack","Combustible"
"OFF-SU-10000079","CIG-VAR-225931","Cigarettes","Combustible","Core","30-pack","Combustible"
"OFF-SU-10000085","CIG-VAR-150567","Cigarettes","Combustible","Premium","30-pack","Combustible"
"OFF-SU-10000087","CIG-VAR-502454","Cigarettes","Combustible","Value","30-pack","Combustible"
"OFF-SU-10000102","CIG-VAR-346103","Cigarettes","Combustible","Value","30-pack","Combustible"
"OFF-SU-10000105","CIG-VAR-013491","Cigarettes","Combustible","Premium","20-pack","Combustible"
"OFF-SU-10000113","CIG-VAR-263724","Cigarettes","Combustible","Premium","20-pack","Combustible"
"OFF-SU-10000130","CIG-VAR-303113","Cigarettes","Combustible","Value","20-pack","Combustible"
"OFF-SU-10000148","CIG-VAR-954887","Cigarettes","Combustible","Value","10-pack","Combustible"
"OFF-SU-10000150","CIG-VAR-218691","Cigarettes","Combustible","Premium","Multi-pack","Combustible"
"OFF-SU-10000151","CIG-VAR-985297","Cigarettes","Combustible","Core","20-pack","Combustible"
"OFF-SU-10000153","CIG-VAR-184591","Cigarettes","Combustible","Core","20-pack","Combustible"
"OFF-SU-10000157","CIG-VAR-680853","Cigarettes","Combustible","Premium","10-pack","Combustible"
"OFF-SU-10000164","CIG-VAR-450837","Cigarettes","Combustible","Premium","20-pack","Combustible"
"OFF-SU-10000171","CIG-VAR-361694","Cigarettes","Combustible","Value","Multi-pack","Combustible"
"OFF-SU-10000175","CIG-VAR-494347","Cigarettes","Combustible","Core","30-pack","Combustible"
"OFF-SU-10000178","CIG-VAR-906732","Cigarettes","Combustible","Premium","Multi-pack","Combustible"
"OFF-SU-10000180","CIG-VAR-590305","Cigarettes","Combustible","Core","30-pack","Combustible"
"OFF-SU-10000192","CIG-VAR-497518","Cigarettes","Combustible","Core","Multi-pack","Combustible"
"OFF-SU-10000198","CIG-VAR-291437","Cigarettes","Combustible","Value","20-pack","Combustible"
"OFF-SU-10000207","CIG-VAR-306413","Cigarettes","Combustible","Value","10-pack","Combustible"
"OFF-SU-10000213","CIG-VAR-070950","Cigarettes","Combustible","Premium","10-pack","Combustible"
"OFF-SU-10000216","CIG-VAR-944714","Cigarettes","Combustible","Value","Multi-pack","Combustible"
"OFF-SU-10000255","CIG-VAR-441378","Cigarettes","Combustible","Premium","20-pack","Combustible"
"OFF-SU-10000256","CIG-VAR-262698","Cigarettes","Combustible","Premium","Multi-pack","Combustible"
"OFF-SU-10000272","CIG-VAR-871612","Cigarettes","Combustible","Core","10-pack","Combustible"
"OFF-SU-10000283","CIG-VAR-539937","Cigarettes","Combustible","Premium","20-pack","Combustible"
"OFF-SU-10000289","CIG-VAR-125644","Cigarettes","Combustible","Core","Multi-pack","Combustible"
"OFF-SU-10000294","CIG-VAR-104561","Cigarettes","Combustible","Value","Multi-pack","Combustible"
"OFF-SU-10000304","CIG-VAR-844043","Cigarettes","Combustible","Value","20-pack","Combustible"
"OFF-SU-10000320","CIG-VAR-361992","Cigarettes","Combustible","Premium","30-pack","Combustible"
"OFF-SU-10000343","CIG-VAR-646552","Cigarettes","Combustible","Core","30-pack","Combustible"
"OFF-SU-10000375","CIG-VAR-158326","Cigarettes","Combustible","Core","10-pack","Combustible"
"OFF-SU-10000378","CIG-VAR-277981","Cigarettes","Combustible","Core","20-pack","Combustible"
"OFF-SU-10000381","CIG-VAR-962197","Cigarettes","Combustible","Core","30-pack","Combustible"
"OFF-SU-10000388","CIG-VAR-149542","Cigarettes","Combustible","Core","30-pack","Combustible"
"OFF-SU-10000411","CIG-VAR-835113","Cigarettes","Combustible","Premium","30-pack","Combustible"
"OFF-SU-10000427","CIG-VAR-413828","Cigarettes","Combustible","Value","10-pack","Combustible"
"OFF-SU-10000429","CIG-VAR-328658","Cigarettes","Combustible","Value","Multi-pack","Combustible"
"OFF-SU-10000432","CIG-VAR-922457","Cigarettes","Combustible","Value","30-pack","Combustible"
"OFF-SU-10000452","CIG-VAR-887858","Cigarettes","Combustible","Value","10-pack","Combustible"
"OFF-SU-10000480","CIG-VAR-645735","Cigarettes","Combustible","Premium","20-pack","Combustible"
"OFF-SU-10000484","CIG-VAR-052871","Cigarettes","Combustible","Value","10-pack","Combustible"
"OFF-SU-10000496","CIG-VAR-881265","Cigarettes","Combustible","Premium","20-pack","Combustible"
"OFF-SU-10000514","CIG-VAR-697054","Cigarettes","Combustible","Core","30-pack","Combustible"
"OFF-SU-10000556","CIG-VAR-669941","Cigarettes","Combustible","Value","30-pack","Combustible"
"OFF-SU-10000573","CIG-VAR-910838","Cigarettes","Combustible","Value","Multi-pack","Combustible"
"OFF-SU-10000596","CIG-VAR-922474","Cigarettes","Combustible","Core","30-pack","Combustible"
"OFF-SU-10000618","CIG-VAR-158839","Cigarettes","Combustible","Core","10-pack","Combustible"
"OFF-SU-10000646","CIG-VAR-155056","Cigarettes","Combustible","Core","30-pack","Combustible"
"OFF-SU-10000649","CIG-VAR-526438","Cigarettes","Combustible","Core","Multi-pack","Combustible"
"OFF-SU-10000650","CIG-VAR-425332","Cigarettes","Combustible","Core","30-pack","Combustible"
"OFF-SU-10000695","CIG-VAR-113269","Cigarettes","Combustible","Core","20-pack","Combustible"
"OFF-SU-10000697","CIG-VAR-427517","Cigarettes","Combustible","Value","20-pack","Combustible"
"OFF-SU-10000705","CIG-VAR-311993","Cigarettes","Combustible","Value","Multi-pack","Combustible"
"OFF-SU-10000706","CIG-VAR-421322","Cigarettes","Combustible","Value","20-pack","Combustible"
"OFF-SU-10000707","CIG-VAR-173814","Cigarettes","Combustible","Premium","Multi-pack","Combustible"
"OFF-SU-10000723","CIG-VAR-553295","Cigarettes","Combustible","Value","10-pack","Combustible"
"OFF-SU-10000738","CIG-VAR-103284","Cigarettes","Combustible","Premium","20-pack","Combustible"
"OFF-SU-10000776","CIG-VAR-003348","Cigarettes","Combustible","Premium","30-pack","Combustible"
"OFF-SU-10000782","CIG-VAR-807342","Cigarettes","Combustible","Premium","10-pack","Combustible"
"OFF-SU-10000789","CIG-VAR-299891","Cigarettes","Combustible","Value","10-pack","Combustible"
"OFF-SU-10000810","CIG-VAR-890719","Cigarettes","Combustible","Core","10-pack","Combustible"
"OFF-SU-10000817","CIG-VAR-415211","Cigarettes","Combustible","Value","Multi-pack","Combustible"
"OFF-SU-10000822","CIG-VAR-372491","Cigarettes","Combustible","Value","Multi-pack","Combustible"
"OFF-SU-10000835","CIG-VAR-226455","Cigarettes","Combustible","Premium","20-pack","Combustible"
"OFF-SU-10000866","CIG-VAR-698761","Cigarettes","Combustible","Core","30-pack","Combustible"
"OFF-SU-10000877","CIG-VAR-892389","Cigarettes","Combustible","Premium","20-pack","Combustible"
"OFF-SU-10000885","CIG-VAR-839793","Cigarettes","Combustible","Premium","30-pack","Combustible"
"OFF-SU-10000898","CIG-VAR-193801","Cigarettes","Combustible","Core","30-pack","Combustible"
"OFF-SU-10000906","CIG-VAR-501871","Cigarettes","Combustible","Core","Multi-pack","Combustible"
"OFF-SU-10000914","CIG-VAR-545016","Cigarettes","Combustible","Premium","30-pack","Combustible"
"OFF-SU-10000925","CIG-VAR-817376","Cigarettes","Combustible","Value","Multi-pack","Combustible"
"OFF-SU-10000926","CIG-VAR-151750","Cigarettes","Combustible","Core","20-pack","Combustible"
"OFF-SU-10000932","CIG-VAR-298181","Cigarettes","Combustible","Value","20-pack","Combustible"
"OFF-SU-10000946","CIG-VAR-121614","Cigarettes","Combustible","Premium","Multi-pack","Combustible"
"OFF-SU-10000952","CIG-VAR-861933","Cigarettes","Combustible","Premium","Multi-pack","Combustible"
"OFF-SU-10000954","CIG-VAR-712470","Cigarettes","Combustible","Premium","30-pack","Combustible"
"OFF-SU-10000969","CIG-VAR-213840","Cigarettes","Combustible","Premium","10-pack","Combustible"
"OFF-SU-10000970","CIG-VAR-020783","Cigarettes","Combustible","Value","20-pack","Combustible"
"OFF-SU-10000979","CIG-VAR-280904","Cigarettes","Combustible","Value","20-pack","Combustible"
"OFF-SU-10000997","CIG-VAR-490251","Cigarettes","Combustible","Premium","10-pack","Combustible"
"OFF-SU-10001021","CIG-VAR-599823","Cigarettes","Combustible","Premium","10-pack","Combustible"
"OFF-SU-10001066","CIG-VAR-648266","Cigarettes","Combustible","Value","Multi-pack","Combustible"
"OFF-SU-10001074","CIG-VAR-803361","Cigarettes","Combustible","Premium","30-pack","Combustible"
"OFF-SU-10001080","CIG-VAR-007786","Cigarettes","Combustible","Core","10-pack","Combustible"
"OFF-SU-10001086","CIG-VAR-450939","Cigarettes","Combustible","Premium","20-pack","Combustible"
"OFF-SU-10001087","CIG-VAR-196280","Cigarettes","Combustible","Value","Multi-pack","Combustible"
"OFF-SU-10001124","CIG-VAR-840169","Cigarettes","Combustible","Core","10-pack","Combustible"
"OFF-SU-10001125","CIG-VAR-710531","Cigarettes","Combustible","Value","30-pack","Combustible"
"OFF-SU-10001132","CIG-VAR-232946","Cigarettes","Combustible","Value","10-pack","Combustible"
"OFF-SU-10001133","CIG-VAR-982908","Cigarettes","Combustible","Premium","30-pack","Combustible"
"OFF-SU-10001137","CIG-VAR-121607","Cigarettes","Combustible","Value","Multi-pack","Combustible"
"OFF-SU-10001165","CIG-VAR-113940","Cigarettes","Combustible","Premium","30-pack","Combustible"
"OFF-SU-10001173","CIG-VAR-852646","Cigarettes","Combustible","Core","30-pack","Combustible"
"OFF-SU-10001185","CIG-VAR-636008","Cigarettes","Combustible","Value","10-pack","Combustible"
"OFF-SU-10001212","CIG-VAR-088843","Cigarettes","Combustible","Core","Multi-pack","Combustible"
"OFF-SU-10001218","CIG-VAR-012663","Cigarettes","Combustible","Premium","20-pack","Combustible"
"OFF-SU-10001225","CIG-VAR-442842","Cigarettes","Combustible","Premium","Multi-pack","Combustible"
"OFF-SU-10001233","CIG-VAR-159292","Cigarettes","Combustible","Core","Multi-pack","Combustible"
"OFF-SU-10001308","CIG-VAR-039900","Cigarettes","Combustible","Premium","Multi-pack","Combustible"
"OFF-SU-10001337","CIG-VAR-896950","Cigarettes","Combustible","Core","20-pack","Combustible"
"OFF-SU-10001343","CIG-VAR-243780","Cigarettes","Combustible","Premium","Multi-pack","Combustible"
"OFF-SU-10001346","CIG-VAR-661261","Cigarettes","Combustible","Core","10-pack","Combustible"
"OFF-SU-10001351","CIG-VAR-981960","Cigarettes","Combustible","Premium","30-pack","Combustible"
"OFF-SU-10001368","CIG-VAR-607412","Cigarettes","Combustible","Value","20-pack","Combustible"
"OFF-SU-10001382","CIG-VAR-760839","Cigarettes","Combustible","Premium","20-pack","Combustible"
"OFF-SU-10001397","CIG-VAR-136623","Cigarettes","Combustible","Premium","Multi-pack","Combustible"
"OFF-SU-10001406","CIG-VAR-678998","Cigarettes","Combustible","Value","20-pack","Combustible"
"OFF-SU-10001407","CIG-VAR-665846","Cigarettes","Combustible","Value","Multi-pack","Combustible"
"OFF-SU-10001409","CIG-VAR-774060","Cigarettes","Combustible","Premium","10-pack","Combustible"
"OFF-SU-10001412","CIG-VAR-741699","Cigarettes","Combustible","Premium","20-pack","Combustible"
"OFF-SU-10001421","CIG-VAR-368365","Cigarettes","Combustible","Core","10-pack","Combustible"
"OFF-SU-10001442","CIG-VAR-136389","Cigarettes","Combustible","Premium","10-pack","Combustible"
"OFF-SU-10001455","CIG-VAR-481273","Cigarettes","Combustible","Core","30-pack","Combustible"
"OFF-SU-10001476","CIG-VAR-380183","Cigarettes","Combustible","Value","30-pack","Combustible"
"OFF-SU-10001488","CIG-VAR-407812","Cigarettes","Combustible","Core","30-pack","Combustible"
"OFF-SU-10001500","CIG-VAR-218351","Cigarettes","Combustible","Value","Multi-pack","Combustible"
"OFF-SU-10001506","CIG-VAR-845230","Cigarettes","Combustible","Core","30-pack","Combustible"
"OFF-SU-10001512","CIG-VAR-240755","Cigarettes","Combustible","Value","30-pack","Combustible"
"OFF-SU-10001515","CIG-VAR-268643","Cigarettes","Combustible","Value","20-pack","Combustible"
"OFF-SU-10001535","CIG-VAR-989839","Cigarettes","Combustible","Core","Multi-pack","Combustible"
"OFF-SU-10001552","CIG-VAR-806405","Cigarettes","Combustible","Value","30-pack","Combustible"
"OFF-SU-10001554","CIG-VAR-632341","Cigarettes","Combustible","Core","Multi-pack","Combustible"
"OFF-SU-10001573","CIG-VAR-856688","Cigarettes","Combustible","Value","30-pack","Combustible"
"OFF-SU-10001574","CIG-VAR-031576","Cigarettes","Combustible","Core","20-pack","Combustible"
"OFF-SU-10001578","CIG-VAR-787169","Cigarettes","Combustible","Value","30-pack","Combustible"
"OFF-SU-10001586","CIG-VAR-751492","Cigarettes","Combustible","Core","30-pack","Combustible"
"OFF-SU-10001592","CIG-VAR-808651","Cigarettes","Combustible","Core","30-pack","Combustible"
"OFF-SU-10001595","CIG-VAR-049326","Cigarettes","Combustible","Premium","20-pack","Combustible"
"OFF-SU-10001618","CIG-VAR-370115","Cigarettes","Combustible","Value","20-pack","Combustible"
"OFF-SU-10001624","CIG-VAR-040413","Cigarettes","Combustible","Premium","20-pack","Combustible"
"OFF-SU-10001633","CIG-VAR-775507","Cigarettes","Combustible","Core","Multi-pack","Combustible"
"OFF-SU-10001657","CIG-VAR-174701","Cigarettes","Combustible","Value","10-pack","Combustible"
"OFF-SU-10001664","CIG-VAR-038915","Cigarettes","Combustible","Value","20-pack","Combustible"
"OFF-SU-10001682","CIG-VAR-805845","Cigarettes","Combustible","Premium","30-pack","Combustible"
"OFF-SU-10001683","CIG-VAR-097200","Cigarettes","Combustible","Premium","10-pack","Combustible"
"OFF-SU-10001686","CIG-VAR-077907","Cigarettes","Combustible","Premium","Multi-pack","Combustible"
"OFF-SU-10001689","CIG-VAR-402285","Cigarettes","Combustible","Premium","30-pack","Combustible"
"OFF-SU-10001690","CIG-VAR-427965","Cigarettes","Combustible","Premium","Multi-pack","Combustible"
"OFF-SU-10001697","CIG-VAR-668145","Cigarettes","Combustible","Premium","10-pack","Combustible"
"OFF-SU-10001698","CIG-VAR-613680","Cigarettes","Combustible","Premium","20-pack","Combustible"
"OFF-SU-10001703","CIG-VAR-591874","Cigarettes","Combustible","Core","Multi-pack","Combustible"
"OFF-SU-10001709","CIG-VAR-684171","Cigarettes","Combustible","Premium","20-pack","Combustible"
"OFF-SU-10001722","CIG-VAR-370938","Cigarettes","Combustible","Premium","Multi-pack","Combustible"
"OFF-SU-10001731","CIG-VAR-975946","Cigarettes","Combustible","Core","10-pack","Combustible"
"OFF-SU-10001750","CIG-VAR-835575","Cigarettes","Combustible","Premium","10-pack","Combustible"
"OFF-SU-10001762","CIG-VAR-018894","Cigarettes","Combustible","Premium","Multi-pack","Combustible"
"OFF-SU-10001770","CIG-VAR-040506","Cigarettes","Combustible","Premium","30-pack","Combustible"
"OFF-SU-10001791","CIG-VAR-272863","Cigarettes","Combustible","Core","30-pack","Combustible"
"OFF-SU-10001794","CIG-VAR-504571","Cigarettes","Combustible","Core","20-pack","Combustible"
"OFF-SU-10001808","CIG-VAR-944562","Cigarettes","Combustible","Premium","30-pack","Combustible"
"OFF-SU-10001813","CIG-VAR-097998","Cigarettes","Combustible","Premium","Multi-pack","Combustible"
"OFF-SU-10001831","CIG-VAR-946941","Cigarettes","Combustible","Premium","20-pack","Combustible"
"OFF-SU-10001840","CIG-VAR-181058","Cigarettes","Combustible","Value","10-pack","Combustible"
"OFF-SU-10001848","CIG-VAR-724967","Cigarettes","Combustible","Value","30-pack","Combustible"
"OFF-SU-10001851","CIG-VAR-760475","Cigarettes","Combustible","Value","Multi-pack","Combustible"
"OFF-SU-10001868","CIG-VAR-697295","Cigarettes","Combustible","Value","10-pack","Combustible"
"OFF-SU-10001869","CIG-VAR-837534","Cigarettes","Combustible","Premium","30-pack","Combustible"
"OFF-SU-10001877","CIG-VAR-854594","Cigarettes","Combustible","Value","10-pack","Combustible"
"OFF-SU-10001879","CIG-VAR-614824","Cigarettes","Combustible","Core","Multi-pack","Combustible"
"OFF-SU-10001886","CIG-VAR-166132","Cigarettes","Combustible","Core","20-pack","Combustible"
"OFF-SU-10001889","CIG-VAR-624481","Cigarettes","Combustible","Core","10-pack","Combustible"
"OFF-SU-10001891","CIG-VAR-956969","Cigarettes","Combustible","Value","Multi-pack","Combustible"
"OFF-SU-10001892","CIG-VAR-569224","Cigarettes","Combustible","Core","20-pack","Combustible"
"OFF-SU-10001894","CIG-VAR-493891","Cigarettes","Combustible","Core","10-pack","Combustible"
"OFF-SU-10001909","CIG-VAR-603428","Cigarettes","Combustible","Value","Multi-pack","Combustible"
"OFF-SU-10001923","CIG-VAR-109105","Cigarettes","Combustible","Core","Multi-pack","Combustible"
"OFF-SU-10001935","CIG-VAR-013760","Cigarettes","Combustible","Value","Multi-pack","Combustible"
"OFF-SU-10001968","CIG-VAR-234682","Cigarettes","Combustible","Core","Multi-pack","Combustible"
"OFF-SU-10001980","CIG-VAR-803136","Cigarettes","Combustible","Premium","Multi-pack","Combustible"
"OFF-SU-10001983","CIG-VAR-487118","Cigarettes","Combustible","Value","20-pack","Combustible"
"OFF-SU-10001992","CIG-VAR-066043","Cigarettes","Combustible","Core","30-pack","Combustible"
"OFF-SU-10002002","CIG-VAR-767505","Cigarettes","Combustible","Premium","30-pack","Combustible"
"OFF-SU-10002027","CIG-VAR-938833","Cigarettes","Combustible","Core","Multi-pack","Combustible"
"OFF-SU-10002032","CIG-VAR-167535","Cigarettes","Combustible","Premium","20-pack","Combustible"
"OFF-SU-10002094","CIG-VAR-077147","Cigarettes","Combustible","Value","30-pack","Combustible"
"OFF-SU-10002131","CIG-VAR-196693","Cigarettes","Combustible","Core","10-pack","Combustible"
"OFF-SU-10002135","CIG-VAR-634346","Cigarettes","Combustible","Value","20-pack","Combustible"
"OFF-SU-10002152","CIG-VAR-585496","Cigarettes","Combustible","Core","10-pack","Combustible"
"OFF-SU-10002161","CIG-VAR-597817","Cigarettes","Combustible","Core","20-pack","Combustible"
"OFF-SU-10002169","CIG-VAR-482565","Cigarettes","Combustible","Premium","Multi-pack","Combustible"
"OFF-SU-10002189","CIG-VAR-921050","Cigarettes","Combustible","Value","20-pack","Combustible"
"OFF-SU-10002214","CIG-VAR-294426","Cigarettes","Combustible","Premium","10-pack","Combustible"
"OFF-SU-10002215","CIG-VAR-000231","Cigarettes","Combustible","Premium","30-pack","Combustible"
"OFF-SU-10002227","CIG-VAR-386325","Cigarettes","Combustible","Premium","20-pack","Combustible"
"OFF-SU-10002230","CIG-VAR-616968","Cigarettes","Combustible","Premium","Multi-pack","Combustible"
"OFF-SU-10002301","CIG-VAR-242013","Cigarettes","Combustible","Premium","20-pack","Combustible"
"OFF-SU-10002306","CIG-VAR-560706","Cigarettes","Combustible","Premium","30-pack","Combustible"
"OFF-SU-10002323","CIG-VAR-692673","Cigarettes","Combustible","Premium","Multi-pack","Combustible"
"OFF-SU-10002325","CIG-VAR-160393","Cigarettes","Combustible","Core","30-pack","Combustible"
"OFF-SU-10002327","CIG-VAR-107023","Cigarettes","Combustible","Core","30-pack","Combustible"
"OFF-SU-10002337","CIG-VAR-879109","Cigarettes","Combustible","Core","Multi-pack","Combustible"
"OFF-SU-10002342","CIG-VAR-463105","Cigarettes","Combustible","Core","Multi-pack","Combustible"
"OFF-SU-10002344","CIG-VAR-050765","Cigarettes","Combustible","Value","30-pack","Combustible"
"OFF-SU-10002346","CIG-VAR-166915","Cigarettes","Combustible","Core","30-pack","Combustible"
"OFF-SU-10002357","CIG-VAR-627110","Cigarettes","Combustible","Value","20-pack","Combustible"
"OFF-SU-10002362","CIG-VAR-262165","Cigarettes","Combustible","Core","20-pack","Combustible"
"OFF-SU-10002363","CIG-VAR-838064","Cigarettes","Combustible","Value","Multi-pack","Combustible"
"OFF-SU-10002379","CIG-VAR-444369","Cigarettes","Combustible","Premium","10-pack","Combustible"
"OFF-SU-10002388","CIG-VAR-273202","Cigarettes","Combustible","Core","20-pack","Combustible"
"OFF-SU-10002402","CIG-VAR-960422","Cigarettes","Combustible","Value","30-pack","Combustible"
"OFF-SU-10002412","CIG-VAR-583037","Cigarettes","Combustible","Value","Multi-pack","Combustible"
"OFF-SU-10002414","CIG-VAR-689958","Cigarettes","Combustible","Premium","30-pack","Combustible"
"OFF-SU-10002419","CIG-VAR-464552","Cigarettes","Combustible","Value","Multi-pack","Combustible"
"OFF-SU-10002423","CIG-VAR-270423","Cigarettes","Combustible","Premium","30-pack","Combustible"
"OFF-SU-10002429","CIG-VAR-887537","Cigarettes","Combustible","Value","10-pack","Combustible"
"OFF-SU-10002445","CIG-VAR-316632","Cigarettes","Combustible","Premium","20-pack","Combustible"
"OFF-SU-10002448","CIG-VAR-161083","Cigarettes","Combustible","Core","10-pack","Combustible"
"OFF-SU-10002451","CIG-VAR-026398","Cigarettes","Combustible","Core","20-pack","Combustible"
"OFF-SU-10002466","CIG-VAR-696173","Cigarettes","Combustible","Value","20-pack","Combustible"
"OFF-SU-10002498","CIG-VAR-909646","Cigarettes","Combustible","Core","20-pack","Combustible"
"OFF-SU-10002503","CIG-VAR-434881","Cigarettes","Combustible","Core","Multi-pack","Combustible"
"OFF-SU-10002521","CIG-VAR-991682","Cigarettes","Combustible","Value","20-pack","Combustible"
"OFF-SU-10002522","CIG-VAR-387860","Cigarettes","Combustible","Value","Multi-pack","Combustible"
"OFF-SU-10002537","CIG-VAR-686751","Cigarettes","Combustible","Premium","20-pack","Combustible"
"OFF-SU-10002543","CIG-VAR-814399","Cigarettes","Combustible","Core","Multi-pack","Combustible"
"OFF-SU-10002544","CIG-VAR-622783","Cigarettes","Combustible","Core","10-pack","Combustible"
"OFF-SU-10002547","CIG-VAR-977504","Cigarettes","Combustible","Value","30-pack","Combustible"
"OFF-SU-10002550","CIG-VAR-402736","Cigarettes","Combustible","Core","10-pack","Combustible"
"OFF-SU-10002557","CIG-VAR-182909","Cigarettes","Combustible","Value","Multi-pack","Combustible"
"OFF-SU-10002566","CIG-VAR-992909","Cigarettes","Combustible","Value","30-pack","Combustible"
"OFF-SU-10002573","CIG-VAR-972800","Cigarettes","Combustible","Value","10-pack","Combustible"
"OFF-SU-10002599","CIG-VAR-204957","Cigarettes","Combustible","Premium","10-pack","Combustible"
"OFF-SU-10002611","CIG-VAR-053298","Cigarettes","Combustible","Premium","Multi-pack","Combustible"
"OFF-SU-10002627","CIG-VAR-085003","Cigarettes","Combustible","Core","20-pack","Combustible"
"OFF-SU-10002649","CIG-VAR-004213","Cigarettes","Combustible","Core","10-pack","Combustible"
"OFF-SU-10002653","CIG-VAR-302223","Cigarettes","Combustible","Premium","Multi-pack","Combustible"
"OFF-SU-10002670","CIG-VAR-774726","Cigarettes","Combustible","Premium","Multi-pack","Combustible"
"OFF-SU-10002709","CIG-VAR-648661","Cigarettes","Combustible","Core","Multi-pack","Combustible"
"OFF-SU-10002710","CIG-VAR-173815","Cigarettes","Combustible","Core","30-pack","Combustible"
"OFF-SU-10002715","CIG-VAR-535972","Cigarettes","Combustible","Core","20-pack","Combustible"
"OFF-SU-10002732","CIG-VAR-799609","Cigarettes","Combustible","Core","10-pack","Combustible"
"OFF-SU-10002742","CIG-VAR-518858","Cigarettes","Combustible","Value","Multi-pack","Combustible"
"OFF-SU-10002750","CIG-VAR-961452","Cigarettes","Combustible","Premium","30-pack","Combustible"
"OFF-SU-10002775","CIG-VAR-929738","Cigarettes","Combustible","Value","Multi-pack","Combustible"
"OFF-SU-10002785","CIG-VAR-791728","Cigarettes","Combustible","Core","10-pack","Combustible"
"OFF-SU-10002816","CIG-VAR-544055","Cigarettes","Combustible","Value","30-pack","Combustible"
"OFF-SU-10002831","CIG-VAR-116302","Cigarettes","Combustible","Core","Multi-pack","Combustible"
"OFF-SU-10002849","CIG-VAR-916003","Cigarettes","Combustible","Core","30-pack","Combustible"
"OFF-SU-10002881","CIG-VAR-730004","Cigarettes","Combustible","Value","10-pack","Combustible"
"OFF-SU-10002900","CIG-VAR-569034","Cigarettes","Combustible","Premium","20-pack","Combustible"
"OFF-SU-10002909","CIG-VAR-507247","Cigarettes","Combustible","Core","20-pack","Combustible"
"OFF-SU-10002911","CIG-VAR-077673","Cigarettes","Combustible","Premium","30-pack","Combustible"
"OFF-SU-10002934","CIG-VAR-755772","Cigarettes","Combustible","Premium","Multi-pack","Combustible"
"OFF-SU-10002961","CIG-VAR-493719","Cigarettes","Combustible","Premium","20-pack","Combustible"
"OFF-SU-10002962","CIG-VAR-891578","Cigarettes","Combustible","Value","Multi-pack","Combustible"
"OFF-SU-10002983","CIG-VAR-883556","Cigarettes","Combustible","Value","Multi-pack","Combustible"
"OFF-SU-10002993","CIG-VAR-802366","Cigarettes","Combustible","Core","30-pack","Combustible"
"OFF-SU-10003002","CIG-VAR-851759","Cigarettes","Combustible","Value","Multi-pack","Combustible"
"OFF-SU-10003019","CIG-VAR-926692","Cigarettes","Combustible","Core","30-pack","Combustible"
"OFF-SU-10003040","CIG-VAR-009294","Cigarettes","Combustible","Premium","Multi-pack","Combustible"
"OFF-SU-10003046","CIG-VAR-326241","Cigarettes","Combustible","Premium","30-pack","Combustible"
"OFF-SU-10003072","CIG-VAR-292341","Cigarettes","Combustible","Premium","10-pack","Combustible"
"OFF-SU-10003082","CIG-VAR-139831","Cigarettes","Combustible","Core","Multi-pack","Combustible"
"OFF-SU-10003085","CIG-VAR-136326","Cigarettes","Combustible","Premium","10-pack","Combustible"
"OFF-SU-10003098","CIG-VAR-156364","Cigarettes","Combustible","Core","10-pack","Combustible"
"OFF-SU-10003105","CIG-VAR-983979","Cigarettes","Combustible","Premium","Multi-pack","Combustible"
"OFF-SU-10003115","CIG-VAR-302338","Cigarettes","Combustible","Core","30-pack","Combustible"
"OFF-SU-10003118","CIG-VAR-700797","Cigarettes","Combustible","Premium","Multi-pack","Combustible"
"OFF-SU-10003126","CIG-VAR-704097","Cigarettes","Combustible","Premium","Multi-pack","Combustible"
"OFF-SU-10003130","CIG-VAR-648133","Cigarettes","Combustible","Core","Multi-pack","Combustible"
"OFF-SU-10003137","CIG-VAR-611094","Cigarettes","Combustible","Premium","10-pack","Combustible"
"OFF-SU-10003157","CIG-VAR-470488","Cigarettes","Combustible","Core","30-pack","Combustible"
"OFF-SU-10003160","CIG-VAR-496423","Cigarettes","Combustible","Core","30-pack","Combustible"
"OFF-SU-10003162","CIG-VAR-052557","Cigarettes","Combustible","Premium","30-pack","Combustible"
"OFF-SU-10003173","CIG-VAR-839257","Cigarettes","Combustible","Core","20-pack","Combustible"
"OFF-SU-10003191","CIG-VAR-412506","Cigarettes","Combustible","Premium","Multi-pack","Combustible"
"OFF-SU-10003209","CIG-VAR-255273","Cigarettes","Combustible","Premium","20-pack","Combustible"
"OFF-SU-10003211","CIG-VAR-029229","Cigarettes","Combustible","Premium","30-pack","Combustible"
"OFF-SU-10003221","CIG-VAR-973836","Cigarettes","Combustible","Premium","20-pack","Combustible"
"OFF-SU-10003229","CIG-VAR-945661","Cigarettes","Combustible","Core","Multi-pack","Combustible"
"OFF-SU-10003234","CIG-VAR-335663","Cigarettes","Combustible","Value","Multi-pack","Combustible"
"OFF-SU-10003236","CIG-VAR-671701","Cigarettes","Combustible","Core","Multi-pack","Combustible"
"OFF-SU-10003252","CIG-VAR-696367","Cigarettes","Combustible","Core","10-pack","Combustible"
"OFF-SU-10003259","CIG-VAR-667072","Cigarettes","Combustible","Core","10-pack","Combustible"
"OFF-SU-10003267","CIG-VAR-298213","Cigarettes","Combustible","Core","10-pack","Combustible"
"OFF-SU-10003277","CIG-VAR-354159","Cigarettes","Combustible","Premium","20-pack","Combustible"
"OFF-SU-10003332","CIG-VAR-853903","Cigarettes","Combustible","Core","20-pack","Combustible"
"OFF-SU-10003343","CIG-VAR-423177","Cigarettes","Combustible","Premium","10-pack","Combustible"
"OFF-SU-10003355","CIG-VAR-459777","Cigarettes","Combustible","Premium","10-pack","Combustible"
"OFF-SU-10003357","CIG-VAR-211024","Cigarettes","Combustible","Core","10-pack","Combustible"
"OFF-SU-10003371","CIG-VAR-641311","Cigarettes","Combustible","Core","Multi-pack","Combustible"
"OFF-SU-10003428","CIG-VAR-106336","Cigarettes","Combustible","Core","Multi-pack","Combustible"
"OFF-SU-10003456","CIG-VAR-912117","Cigarettes","Combustible","Premium","Multi-pack","Combustible"
"OFF-SU-10003473","CIG-VAR-146072","Cigarettes","Combustible","Value","30-pack","Combustible"
"OFF-SU-10003474","CIG-VAR-289157","Cigarettes","Combustible","Value","20-pack","Combustible"
"OFF-SU-10003483","CIG-VAR-037927","Cigarettes","Combustible","Core","20-pack","Combustible"
"OFF-SU-10003485","CIG-VAR-372016","Cigarettes","Combustible","Core","10-pack","Combustible"
"OFF-SU-10003505","CIG-VAR-643582","Cigarettes","Combustible","Core","Multi-pack","Combustible"
"OFF-SU-10003509","CIG-VAR-577939","Cigarettes","Combustible","Core","10-pack","Combustible"
"OFF-SU-10003511","CIG-VAR-743800","Cigarettes","Combustible","Core","Multi-pack","Combustible"
"OFF-SU-10003515","CIG-VAR-603636","Cigarettes","Combustible","Premium","30-pack","Combustible"
"OFF-SU-10003522","CIG-VAR-864026","Cigarettes","Combustible","Value","30-pack","Combustible"
"OFF-SU-10003527","CIG-VAR-702335","Cigarettes","Combustible","Value","20-pack","Combustible"
"OFF-SU-10003535","CIG-VAR-439976","Cigarettes","Combustible","Value","10-pack","Combustible"
"OFF-SU-10003537","CIG-VAR-081446","Cigarettes","Combustible","Value","10-pack","Combustible"
"OFF-SU-10003540","CIG-VAR-806930","Cigarettes","Combustible","Value","10-pack","Combustible"
"OFF-SU-10003544","CIG-VAR-878688","Cigarettes","Combustible","Premium","20-pack","Combustible"
"OFF-SU-10003545","CIG-VAR-546264","Cigarettes","Combustible","Premium","Multi-pack","Combustible"
"OFF-SU-10003556","CIG-VAR-002539","Cigarettes","Combustible","Core","10-pack","Combustible"
"OFF-SU-10003559","CIG-VAR-297109","Cigarettes","Combustible","Core","20-pack","Combustible"
"OFF-SU-10003567","CIG-VAR-047595","Cigarettes","Combustible","Premium","20-pack","Combustible"
"OFF-SU-10003582","CIG-VAR-046603","Cigarettes","Combustible","Core","10-pack","Combustible"
"OFF-SU-10003592","CIG-VAR-850726","Cigarettes","Combustible","Core","20-pack","Combustible"
"OFF-SU-10003624","CIG-VAR-551238","Cigarettes","Combustible","Premium","30-pack","Combustible"
"OFF-SU-10003629","CIG-VAR-985166","Cigarettes","Combustible","Value","Multi-pack","Combustible"
"OFF-SU-10003632","CIG-VAR-689814","Cigarettes","Combustible","Premium","30-pack","Combustible"
"OFF-SU-10003651","CIG-VAR-815005","Cigarettes","Combustible","Core","30-pack","Combustible"
"OFF-SU-10003659","CIG-VAR-566718","Cigarettes","Combustible","Premium","10-pack","Combustible"
"OFF-SU-10003665","CIG-VAR-243610","Cigarettes","Combustible","Core","10-pack","Combustible"
"OFF-SU-10003671","CIG-VAR-673795","Cigarettes","Combustible","Core","10-pack","Combustible"
"OFF-SU-10003683","CIG-VAR-819482","Cigarettes","Combustible","Value","Multi-pack","Combustible"
"OFF-SU-10003688","CIG-VAR-846459","Cigarettes","Combustible","Premium","Multi-pack","Combustible"
"OFF-SU-10003697","CIG-VAR-096419","Cigarettes","Combustible","Value","Multi-pack","Combustible"
"OFF-SU-10003701","CIG-VAR-443701","Cigarettes","Combustible","Core","10-pack","Combustible"
"OFF-SU-10003717","CIG-VAR-044874","Cigarettes","Combustible","Premium","10-pack","Combustible"
"OFF-SU-10003719","CIG-VAR-213403","Cigarettes","Combustible","Core","Multi-pack","Combustible"
"OFF-SU-10003723","CIG-VAR-430255","Cigarettes","Combustible","Core","30-pack","Combustible"
"OFF-SU-10003739","CIG-VAR-187992","Cigarettes","Combustible","Premium","20-pack","Combustible"
"OFF-SU-10003749","CIG-VAR-823470","Cigarettes","Combustible","Premium","30-pack","Combustible"
"OFF-SU-10003758","CIG-VAR-304780","Cigarettes","Combustible","Core","20-pack","Combustible"
"OFF-SU-10003780","CIG-VAR-769083","Cigarettes","Combustible","Premium","30-pack","Combustible"
"OFF-SU-10003789","CIG-VAR-905784","Cigarettes","Combustible","Premium","30-pack","Combustible"
"OFF-SU-10003801","CIG-VAR-334422","Cigarettes","Combustible","Premium","20-pack","Combustible"
"OFF-SU-10003803","CIG-VAR-063693","Cigarettes","Combustible","Premium","20-pack","Combustible"
"OFF-SU-10003804","CIG-VAR-924214","Cigarettes","Combustible","Core","30-pack","Combustible"
"OFF-SU-10003834","CIG-VAR-908932","Cigarettes","Combustible","Core","20-pack","Combustible"
"OFF-SU-10003863","CIG-VAR-633025","Cigarettes","Combustible","Core","Multi-pack","Combustible"
"OFF-SU-10003866","CIG-VAR-517967","Cigarettes","Combustible","Value","10-pack","Combustible"
"OFF-SU-10003879","CIG-VAR-803778","Cigarettes","Combustible","Premium","10-pack","Combustible"
"OFF-SU-10003892","CIG-VAR-030067","Cigarettes","Combustible","Core","30-pack","Combustible"
"OFF-SU-10003897","CIG-VAR-752885","Cigarettes","Combustible","Value","20-pack","Combustible"
"OFF-SU-10003907","CIG-VAR-562253","Cigarettes","Combustible","Value","Multi-pack","Combustible"
"OFF-SU-10003924","CIG-VAR-611867","Cigarettes","Combustible","Value","Multi-pack","Combustible"
"OFF-SU-10003936","CIG-VAR-215344","Cigarettes","Combustible","Core","30-pack","Combustible"
"OFF-SU-10003951","CIG-VAR-567657","Cigarettes","Combustible","Premium","Multi-pack","Combustible"
"OFF-SU-10003966","CIG-VAR-848962","Cigarettes","Combustible","Core","Multi-pack","Combustible"
"OFF-SU-10003973","CIG-VAR-269598","Cigarettes","Combustible","Premium","20-pack","Combustible"
"OFF-SU-10003991","CIG-VAR-007007","Cigarettes","Combustible","Value","Multi-pack","Combustible"
"OFF-SU-10004008","CIG-VAR-947797","Cigarettes","Combustible","Core","10-pack","Combustible"
"OFF-SU-10004048","CIG-VAR-623219","Cigarettes","Combustible","Value","10-pack","Combustible"
"OFF-SU-10004077","CIG-VAR-222910","Cigarettes","Combustible","Core","30-pack","Combustible"
"OFF-SU-10004087","CIG-VAR-492913","Cigarettes","Combustible","Core","20-pack","Combustible"
"OFF-SU-10004091","CIG-VAR-742817","Cigarettes","Combustible","Value","20-pack","Combustible"
"OFF-SU-10004095","CIG-VAR-971490","Cigarettes","Combustible","Premium","10-pack","Combustible"
"OFF-SU-10004110","CIG-VAR-609721","Cigarettes","Combustible","Core","10-pack","Combustible"
"OFF-SU-10004115","CIG-VAR-798992","Cigarettes","Combustible","Value","Multi-pack","Combustible"
"OFF-SU-10004119","CIG-VAR-034807","Cigarettes","Combustible","Core","10-pack","Combustible"
"OFF-SU-10004177","CIG-VAR-152973","Cigarettes","Combustible","Premium","20-pack","Combustible"
"OFF-SU-10004192","CIG-VAR-927375","Cigarettes","Combustible","Premium","10-pack","Combustible"
"OFF-SU-10004198","CIG-VAR-146554","Cigarettes","Combustible","Core","30-pack","Combustible"
"OFF-SU-10004230","CIG-VAR-973519","Cigarettes","Combustible","Core","Multi-pack","Combustible"
"OFF-SU-10004231","CIG-VAR-575353","Cigarettes","Combustible","Core","20-pack","Combustible"
"OFF-SU-10004236","CIG-VAR-609224","Cigarettes","Combustible","Value","30-pack","Combustible"
"OFF-SU-10004244","CIG-VAR-640463","Cigarettes","Combustible","Value","20-pack","Combustible"
"OFF-SU-10004246","CIG-VAR-296971","Cigarettes","Combustible","Core","20-pack","Combustible"
"OFF-SU-10004249","CIG-VAR-446971","Cigarettes","Combustible","Core","10-pack","Combustible"
"OFF-SU-10004261","CIG-VAR-375897","Cigarettes","Combustible","Premium","10-pack","Combustible"
"OFF-SU-10004279","CIG-VAR-542270","Cigarettes","Combustible","Value","Multi-pack","Combustible"
"OFF-SU-10004283","CIG-VAR-498484","Cigarettes","Combustible","Core","30-pack","Combustible"
"OFF-SU-10004290","CIG-VAR-155728","Cigarettes","Combustible","Core","20-pack","Combustible"
"OFF-SU-10004299","CIG-VAR-698508","Cigarettes","Combustible","Premium","20-pack","Combustible"
"OFF-SU-10004304","CIG-VAR-544615","Cigarettes","Combustible","Core","30-pack","Combustible"
"OFF-SU-10004306","CIG-VAR-437098","Cigarettes","Combustible","Core","30-pack","Combustible"
"OFF-SU-10004316","CIG-VAR-423392","Cigarettes","Combustible","Value","Multi-pack","Combustible"
"OFF-SU-10004317","CIG-VAR-859152","Cigarettes","Combustible","Premium","20-pack","Combustible"
"OFF-SU-10004361","CIG-VAR-727380","Cigarettes","Combustible","Premium","Multi-pack","Combustible"
"OFF-SU-10004373","CIG-VAR-044783","Cigarettes","Combustible","Value","30-pack","Combustible"
"OFF-SU-10004401","CIG-VAR-297083","Cigarettes","Combustible","Value","10-pack","Combustible"
"OFF-SU-10004434","CIG-VAR-060705","Cigarettes","Combustible","Premium","10-pack","Combustible"
"OFF-SU-10004435","CIG-VAR-974825","Cigarettes","Combustible","Value","30-pack","Combustible"
"OFF-SU-10004446","CIG-VAR-446321","Cigarettes","Combustible","Value","Multi-pack","Combustible"
"OFF-SU-10004452","CIG-VAR-128534","Cigarettes","Combustible","Value","Multi-pack","Combustible"
"OFF-SU-10004461","CIG-VAR-798341","Cigarettes","Combustible","Value","30-pack","Combustible"
"OFF-SU-10004462","CIG-VAR-284451","Cigarettes","Combustible","Premium","10-pack","Combustible"
"OFF-SU-10004480","CIG-VAR-786485","Cigarettes","Combustible","Value","30-pack","Combustible"
"OFF-SU-10004481","CIG-VAR-850473","Cigarettes","Combustible","Premium","10-pack","Combustible"
"OFF-SU-10004496","CIG-VAR-796892","Cigarettes","Combustible","Value","30-pack","Combustible"
"OFF-SU-10004497","CIG-VAR-752506","Cigarettes","Combustible","Core","10-pack","Combustible"
"OFF-SU-10004498","CIG-VAR-163695","Cigarettes","Combustible","Premium","20-pack","Combustible"
"OFF-SU-10004514","CIG-VAR-796412","Cigarettes","Combustible","Value","20-pack","Combustible"
"OFF-SU-10004524","CIG-VAR-811647","Cigarettes","Combustible","Premium","30-pack","Combustible"
"OFF-SU-10004575","CIG-VAR-799930","Cigarettes","Combustible","Core","20-pack","Combustible"
"OFF-SU-10004589","CIG-VAR-539095","Cigarettes","Combustible","Core","20-pack","Combustible"
"OFF-SU-10004627","CIG-VAR-904142","Cigarettes","Combustible","Value","20-pack","Combustible"
"OFF-SU-10004630","CIG-VAR-867136","Cigarettes","Combustible","Core","Multi-pack","Combustible"
"OFF-SU-10004643","CIG-VAR-052610","Cigarettes","Combustible","Value","30-pack","Combustible"
"OFF-SU-10004650","CIG-VAR-657588","Cigarettes","Combustible","Premium","20-pack","Combustible"
"OFF-SU-10004655","CIG-VAR-174007","Cigarettes","Combustible","Core","30-pack","Combustible"
"OFF-SU-10004658","CIG-VAR-009657","Cigarettes","Combustible","Premium","Multi-pack","Combustible"
"OFF-SU-10004659","CIG-VAR-344578","Cigarettes","Combustible","Core","20-pack","Combustible"
"OFF-SU-10004661","CIG-VAR-095463","Cigarettes","Combustible","Premium","10-pack","Combustible"
"OFF-SU-10004662","CIG-VAR-067991","Cigarettes","Combustible","Value","30-pack","Combustible"
"OFF-SU-10004663","CIG-VAR-556217","Cigarettes","Combustible","Value","10-pack","Combustible"
"OFF-SU-10004664","CIG-VAR-518942","Cigarettes","Combustible","Value","Multi-pack","Combustible"
"OFF-SU-10004691","CIG-VAR-434632","Cigarettes","Combustible","Core","Multi-pack","Combustible"
"OFF-SU-10004696","CIG-VAR-351924","Cigarettes","Combustible","Premium","10-pack","Combustible"
"OFF-SU-10004705","CIG-VAR-676816","Cigarettes","Combustible","Core","10-pack","Combustible"
"OFF-SU-10004711","CIG-VAR-865697","Cigarettes","Combustible","Value","10-pack","Combustible"
"OFF-SU-10004727","CIG-VAR-956671","Cigarettes","Combustible","Core","30-pack","Combustible"
"OFF-SU-10004737","CIG-VAR-983222","Cigarettes","Combustible","Value","Multi-pack","Combustible"
"OFF-SU-10004762","CIG-VAR-366278","Cigarettes","Combustible","Value","20-pack","Combustible"
"OFF-SU-10004766","CIG-VAR-046481","Cigarettes","Combustible","Value","10-pack","Combustible"
"OFF-SU-10004768","CIG-VAR-153380","Cigarettes","Combustible","Value","Multi-pack","Combustible"
"OFF-SU-10004771","CIG-VAR-822588","Cigarettes","Combustible","Premium","30-pack","Combustible"
"OFF-SU-10004780","CIG-VAR-394649","Cigarettes","Combustible","Value","Multi-pack","Combustible"
"OFF-SU-10004782","CIG-VAR-873540","Cigarettes","Combustible","Premium","Multi-pack","Combustible"
"OFF-SU-10004784","CIG-VAR-699492","Cigarettes","Combustible","Premium","30-pack","Combustible"
"OFF-SU-10004791","CIG-VAR-546926","Cigarettes","Combustible","Value","10-pack","Combustible"
"OFF-SU-10004794","CIG-VAR-026045","Cigarettes","Combustible","Value","Multi-pack","Combustible"
"OFF-SU-10004799","CIG-VAR-517314","Cigarettes","Combustible","Premium","30-pack","Combustible"
"OFF-SU-10004802","CIG-VAR-272135","Cigarettes","Combustible","Value","30-pack","Combustible"
"OFF-SU-10004814","CIG-VAR-871363","Cigarettes","Combustible","Core","30-pack","Combustible"
"OFF-SU-10004818","CIG-VAR-964918","Cigarettes","Combustible","Core","20-pack","Combustible"
"OFF-SU-10004822","CIG-VAR-381341","Cigarettes","Combustible","Value","10-pack","Combustible"
"OFF-SU-10004846","CIG-VAR-409503","Cigarettes","Combustible","Premium","Multi-pack","Combustible"
"OFF-SU-10004848","CIG-VAR-832631","Cigarettes","Combustible","Value","10-pack","Combustible"
"OFF-SU-10004872","CIG-VAR-764731","Cigarettes","Combustible","Core","20-pack","Combustible"
"OFF-SU-10004873","CIG-VAR-075990","Cigarettes","Combustible","Premium","Multi-pack","Combustible"
"OFF-SU-10004884","CIG-VAR-312183","Cigarettes","Combustible","Premium","Multi-pack","Combustible"
"OFF-SU-10004888","CIG-VAR-807813","Cigarettes","Combustible","Premium","10-pack","Combustible"
"OFF-SU-10004899","CIG-VAR-702751","Cigarettes","Combustible","Core","Multi-pack","Combustible"
"OFF-SU-10004902","CIG-VAR-741399","Cigarettes","Combustible","Premium","20-pack","Combustible"
"OFF-SU-10004904","CIG-VAR-248011","Cigarettes","Combustible","Core","10-pack","Combustible"
"OFF-SU-10004911","CIG-VAR-197438","Cigarettes","Combustible","Value","30-pack","Combustible"
"OFF-SU-10004919","CIG-VAR-953672","Cigarettes","Combustible","Value","10-pack","Combustible"
"OFF-SU-10004932","CIG-VAR-121560","Cigarettes","Combustible","Premium","30-pack","Combustible"
"OFF-SU-10004938","CIG-VAR-000662","Cigarettes","Combustible","Value","10-pack","Combustible"
"OFF-SU-10004980","CIG-VAR-529203","Cigarettes","Combustible","Premium","20-pack","Combustible"
"OFF-TEN-10000025","CIG-VAR-995504","Cigarettes","Combustible","Value","30-pack","Combustible"
"OFF-TEN-10000360","CIG-VAR-871563","Cigarettes","Combustible","Premium","10-pack","Combustible"
"OFF-TEN-10000433","CIG-VAR-427687","Cigarettes","Combustible","Core","30-pack","Combustible"
"OFF-TEN-10000703","CIG-VAR-728631","Cigarettes","Combustible","Premium","10-pack","Combustible"
"OFF-TEN-10000766","CIG-VAR-124994","Cigarettes","Combustible","Value","20-pack","Combustible"
"OFF-TEN-10000794","CIG-VAR-656774","Cigarettes","Combustible","Value","30-pack","Combustible"
"OFF-TEN-10000827","CIG-VAR-656273","Cigarettes","Combustible","Value","30-pack","Combustible"
"OFF-TEN-10000894","CIG-VAR-344596","Cigarettes","Combustible","Core","Multi-pack","Combustible"
"OFF-TEN-10001031","CIG-VAR-123187","Cigarettes","Combustible","Core","Multi-pack","Combustible"
"OFF-TEN-10001129","CIG-VAR-809310","Cigarettes","Combustible","Premium","Multi-pack","Combustible"
"OFF-TEN-10001160","CIG-VAR-935506","Cigarettes","Combustible","Core","Multi-pack","Combustible"
"OFF-TEN-10001480","CIG-VAR-734375","Cigarettes","Combustible","Value","30-pack","Combustible"
"OFF-TEN-10001585","CIG-VAR-731369","Cigarettes","Combustible","Value","30-pack","Combustible"
"OFF-TEN-10002065","CIG-VAR-213530","Cigarettes","Combustible","Value","20-pack","Combustible"
"OFF-TEN-10002817","CIG-VAR-495850","Cigarettes","Combustible","Core","30-pack","Combustible"
"OFF-TEN-10002835","CIG-VAR-214523","Cigarettes","Combustible","Value","10-pack","Combustible"
"OFF-TEN-10003089","CIG-VAR-966106","Cigarettes","Combustible","Core","20-pack","Combustible"
"OFF-TEN-10003127","CIG-VAR-140773","Cigarettes","Combustible","Core","Multi-pack","Combustible"
"OFF-TEN-10003148","CIG-VAR-729236","Cigarettes","Combustible","Value","10-pack","Combustible"
"OFF-TEN-10003211","CIG-VAR-377663","Cigarettes","Combustible","Value","10-pack","Combustible"
"OFF-TEN-10003948","CIG-VAR-759125","Cigarettes","Combustible","Value","10-pack","Combustible"
"OFF-TEN-10004194","CIG-VAR-726696","Cigarettes","Combustible","Premium","Multi-pack","Combustible"
"OFF-TEN-10004210","CIG-VAR-908018","Cigarettes","Combustible","Value","Multi-pack","Combustible"
"OFF-TEN-10004270","CIG-VAR-519309","Cigarettes","Combustible","Premium","20-pack","Combustible"
"OFF-WIL-10000146","CIG-VAR-060376","Cigarettes","Combustible","Core","Multi-pack","Combustible"
"OFF-WIL-10000164","CIG-VAR-100347","Cigarettes","Combustible","Premium","20-pack","Combustible"
"OFF-WIL-10000390","CIG-VAR-045330","Cigarettes","Combustible","Premium","20-pack","Combustible"
"OFF-WIL-10000604","CIG-VAR-830790","Cigarettes","Combustible","Premium","30-pack","Combustible"
"OFF-WIL-10000777","CIG-VAR-794697","Cigarettes","Combustible","Premium","10-pack","Combustible"
"OFF-WIL-10000979","CIG-VAR-329139","Cigarettes","Combustible","Premium","20-pack","Combustible"
"OFF-WIL-10000986","CIG-VAR-442296","Cigarettes","Combustible","Premium","Multi-pack","Combustible"
"OFF-WIL-10001069","CIG-VAR-431152","Cigarettes","Combustible","Core","30-pack","Combustible"
"OFF-WIL-10001495","CIG-VAR-278879","Cigarettes","Combustible","Value","30-pack","Combustible"
"OFF-WIL-10001801","CIG-VAR-345562","Cigarettes","Combustible","Core","30-pack","Combustible"
"OFF-WIL-10001889","CIG-VAR-774515","Cigarettes","Combustible","Value","10-pack","Combustible"
"OFF-WIL-10001979","CIG-VAR-897441","Cigarettes","Combustible","Premium","10-pack","Combustible"
"OFF-WIL-10002153","CIG-VAR-276253","Cigarettes","Combustible","Core","30-pack","Combustible"
"OFF-WIL-10002233","CIG-VAR-256791","Cigarettes","Combustible","Premium","20-pack","Combustible"
"OFF-WIL-10002593","CIG-VAR-974402","Cigarettes","Combustible","Value","30-pack","Combustible"
"OFF-WIL-10002772","CIG-VAR-528050","Cigarettes","Combustible","Value","10-pack","Combustible"
"OFF-WIL-10002787","CIG-VAR-807297","Cigarettes","Combustible","Premium","10-pack","Combustible"
"OFF-WIL-10002947","CIG-VAR-312618","Cigarettes","Combustible","Premium","30-pack","Combustible"
"OFF-WIL-10003299","CIG-VAR-211221","Cigarettes","Combustible","Premium","10-pack","Combustible"
"OFF-WIL-10003308","CIG-VAR-234440","Cigarettes","Combustible","Value","10-pack","Combustible"
"OFF-WIL-10003532","CIG-VAR-400735","Cigarettes","Combustible","Core","Multi-pack","Combustible"
"OFF-WIL-10003774","CIG-VAR-724252","Cigarettes","Combustible","Core","10-pack","Combustible"
"OFF-WIL-10003933","CIG-VAR-061898","Cigarettes","Combustible","Value","20-pack","Combustible"
"OFF-WIL-10004697","CIG-VAR-915969","Cigarettes","Combustible","Premium","30-pack","Combustible"
"OFF-XER-10000482","CIG-VAR-322087","Cigarettes","Combustible","Core","10-pack","Combustible"
"OFF-XER-10000566","CIG-VAR-768026","Cigarettes","Combustible","Value","10-pack","Combustible"
"OFF-XER-10000641","CIG-VAR-011578","Cigarettes","Combustible","Core","10-pack","Combustible"
"OFF-XER-10000846","CIG-VAR-461950","Cigarettes","Combustible","Core","20-pack","Combustible"
"OFF-XER-10001429","CIG-VAR-979136","Cigarettes","Combustible","Value","Multi-pack","Combustible"
"OFF-XER-10001454","CIG-VAR-189388","Cigarettes","Combustible","Core","20-pack","Combustible"
"OFF-XER-10001513","CIG-VAR-220575","Cigarettes","Combustible","Premium","20-pack","Combustible"
"OFF-XER-10001746","CIG-VAR-415442","Cigarettes","Combustible","Value","20-pack","Combustible"
"OFF-XER-10002256","CIG-VAR-690756","Cigarettes","Combustible","Premium","20-pack","Combustible"
"OFF-XER-10002848","CIG-VAR-493281","Cigarettes","Combustible","Premium","20-pack","Combustible"
"OFF-XER-10002906","CIG-VAR-320569","Cigarettes","Combustible","Core","20-pack","Combustible"
"OFF-XER-10002982","CIG-VAR-696742","Cigarettes","Combustible","Core","10-pack","Combustible"
"OFF-XER-10003104","CIG-VAR-817425","Cigarettes","Combustible","Premium","10-pack","Combustible"
"OFF-XER-10003203","CIG-VAR-653573","Cigarettes","Combustible","Value","30-pack","Combustible"
"OFF-XER-10003300","CIG-VAR-954198","Cigarettes","Combustible","Premium","Multi-pack","Combustible"
"OFF-XER-10003329","CIG-VAR-832865","Cigarettes","Combustible","Value","20-pack","Combustible"
"OFF-XER-10003495","CIG-VAR-823890","Cigarettes","Combustible","Premium","10-pack","Combustible"
"OFF-XER-10003600","CIG-VAR-079378","Cigarettes","Combustible","Core","10-pack","Combustible"
"OFF-XER-10003901","CIG-VAR-664824","Cigarettes","Combustible","Premium","Multi-pack","Combustible"
"OFF-XER-10004012","CIG-VAR-005256","Cigarettes","Combustible","Premium","30-pack","Combustible"
"OFF-XER-10004042","CIG-VAR-872788","Cigarettes","Combustible","Core","Multi-pack","Combustible"
"OFF-XER-10004519","CIG-VAR-679360","Cigarettes","Combustible","Core","20-pack","Combustible"
"OFF-XER-10004820","CIG-VAR-850539","Cigarettes","Combustible","Premium","20-pack","Combustible"
"TEC-AC-10000007","HTP-VAR-714176","Heated Tobacco","Heat-not-burn","Value","30-pack","Heated"
"TEC-AC-10000023","HTP-VAR-609117","Heated Tobacco","Heat-not-burn","Premium","20-pack","Heated"
"TEC-AC-10000025","HTP-VAR-606858","Heated Tobacco","Heat-not-burn","Premium","10-pack","Heated"
"TEC-AC-10000051","HTP-VAR-429605","Heated Tobacco","Heat-not-burn","Value","30-pack","Heated"
"TEC-AC-10000053","HTP-VAR-027268","Heated Tobacco","Heat-not-burn","Core","30-pack","Heated"
"TEC-AC-10000057","HTP-VAR-187509","Heated Tobacco","Heat-not-burn","Premium","Multi-pack","Heated"
"TEC-AC-10000086","HTP-VAR-049176","Heated Tobacco","Heat-not-burn","Premium","10-pack","Heated"
"TEC-AC-10000089","HTP-VAR-907286","Heated Tobacco","Heat-not-burn","Value","20-pack","Heated"
"TEC-AC-10000097","HTP-VAR-312627","Heated Tobacco","Heat-not-burn","Premium","Multi-pack","Heated"
"TEC-AC-10000109","HTP-VAR-318016","Heated Tobacco","Heat-not-burn","Core","30-pack","Heated"
"TEC-AC-10000110","HTP-VAR-379491","Heated Tobacco","Heat-not-burn","Premium","Multi-pack","Heated"
"TEC-AC-10000111","HTP-VAR-093524","Heated Tobacco","Heat-not-burn","Value","20-pack","Heated"
"TEC-AC-10000115","HTP-VAR-885010","Heated Tobacco","Heat-not-burn","Core","10-pack","Heated"
"TEC-AC-10000140","HTP-VAR-661542","Heated Tobacco","Heat-not-burn","Premium","30-pack","Heated"
"TEC-AC-10000151","HTP-VAR-765780","Heated Tobacco","Heat-not-burn","Premium","20-pack","Heated"
"TEC-AC-10000152","HTP-VAR-725517","Heated Tobacco","Heat-not-burn","Premium","Multi-pack","Heated"
"TEC-AC-10000158","HTP-VAR-317948","Heated Tobacco","Heat-not-burn","Value","20-pack","Heated"
"TEC-AC-10000170","HTP-VAR-253382","Heated Tobacco","Heat-not-burn","Value","20-pack","Heated"
"TEC-AC-10000171","HTP-VAR-752357","Heated Tobacco","Heat-not-burn","Value","Multi-pack","Heated"
"TEC-AC-10000199","HTP-VAR-555607","Heated Tobacco","Heat-not-burn","Core","Multi-pack","Heated"
"TEC-AC-10000203","HTP-VAR-518970","Heated Tobacco","Heat-not-burn","Premium","20-pack","Heated"
"TEC-AC-10000212","HTP-VAR-939564","Heated Tobacco","Heat-not-burn","Premium","30-pack","Heated"
"TEC-AC-10000218","HTP-VAR-715096","Heated Tobacco","Heat-not-burn","Core","10-pack","Heated"
"TEC-AC-10000221","HTP-VAR-775321","Heated Tobacco","Heat-not-burn","Core","Multi-pack","Heated"
"TEC-AC-10000241","HTP-VAR-048753","Heated Tobacco","Heat-not-burn","Premium","20-pack","Heated"
"TEC-AC-10000244","HTP-VAR-073488","Heated Tobacco","Heat-not-burn","Premium","30-pack","Heated"
"TEC-AC-10000254","HTP-VAR-703209","Heated Tobacco","Heat-not-burn","Premium","Multi-pack","Heated"
"TEC-AC-10000258","HTP-VAR-205197","Heated Tobacco","Heat-not-burn","Premium","10-pack","Heated"
"TEC-AC-10000263","HTP-VAR-703400","Heated Tobacco","Heat-not-burn","Value","Multi-pack","Heated"
"TEC-AC-10000264","HTP-VAR-958359","Heated Tobacco","Heat-not-burn","Premium","10-pack","Heated"
"TEC-AC-10000269","HTP-VAR-905081","Heated Tobacco","Heat-not-burn","Value","20-pack","Heated"
"TEC-AC-10000271","HTP-VAR-322498","Heated Tobacco","Heat-not-burn","Core","30-pack","Heated"
"TEC-AC-10000284","HTP-VAR-575057","Heated Tobacco","Heat-not-burn","Value","30-pack","Heated"
"TEC-AC-10000290","HTP-VAR-063564","Heated Tobacco","Heat-not-burn","Premium","30-pack","Heated"
"TEC-AC-10000303","HTP-VAR-988236","Heated Tobacco","Heat-not-burn","Premium","30-pack","Heated"
"TEC-AC-10000317","HTP-VAR-870046","Heated Tobacco","Heat-not-burn","Core","30-pack","Heated"
"TEC-AC-10000332","HTP-VAR-602566","Heated Tobacco","Heat-not-burn","Core","Multi-pack","Heated"
"TEC-AC-10000335","HTP-VAR-051170","Heated Tobacco","Heat-not-burn","Value","10-pack","Heated"
"TEC-AC-10000336","HTP-VAR-016930","Heated Tobacco","Heat-not-burn","Core","30-pack","Heated"
"TEC-AC-10000342","HTP-VAR-389817","Heated Tobacco","Heat-not-burn","Premium","10-pack","Heated"
"TEC-AC-10000354","HTP-VAR-404942","Heated Tobacco","Heat-not-burn","Value","10-pack","Heated"
"TEC-AC-10000358","HTP-VAR-909512","Heated Tobacco","Heat-not-burn","Value","Multi-pack","Heated"
"TEC-AC-10000376","HTP-VAR-076552","Heated Tobacco","Heat-not-burn","Core","30-pack","Heated"
"TEC-AC-10000387","HTP-VAR-233985","Heated Tobacco","Heat-not-burn","Premium","Multi-pack","Heated"
"TEC-AC-10000394","HTP-VAR-560529","Heated Tobacco","Heat-not-burn","Premium","10-pack","Heated"
"TEC-AC-10000397","HTP-VAR-592572","Heated Tobacco","Heat-not-burn","Premium","30-pack","Heated"
"TEC-AC-10000398","HTP-VAR-872638","Heated Tobacco","Heat-not-burn","Core","Multi-pack","Heated"
"TEC-AC-10000420","HTP-VAR-333843","Heated Tobacco","Heat-not-burn","Premium","Multi-pack","Heated"
"TEC-AC-10000422","HTP-VAR-294730","Heated Tobacco","Heat-not-burn","Core","Multi-pack","Heated"
"TEC-AC-10000431","HTP-VAR-854753","Heated Tobacco","Heat-not-burn","Value","10-pack","Heated"
"TEC-AC-10000450","HTP-VAR-133742","Heated Tobacco","Heat-not-burn","Value","10-pack","Heated"
"TEC-AC-10000462","HTP-VAR-110821","Heated Tobacco","Heat-not-burn","Core","Multi-pack","Heated"
"TEC-AC-10000474","HTP-VAR-647123","Heated Tobacco","Heat-not-burn","Value","Multi-pack","Heated"
"TEC-AC-10000483","HTP-VAR-507636","Heated Tobacco","Heat-not-burn","Premium","Multi-pack","Heated"
"TEC-AC-10000487","HTP-VAR-246789","Heated Tobacco","Heat-not-burn","Premium","30-pack","Heated"
"TEC-AC-10000494","HTP-VAR-835223","Heated Tobacco","Heat-not-burn","Value","20-pack","Heated"
"TEC-AC-10000499","HTP-VAR-135509","Heated Tobacco","Heat-not-burn","Value","10-pack","Heated"
"TEC-AC-10000501","HTP-VAR-931059","Heated Tobacco","Heat-not-burn","Premium","10-pack","Heated"
"TEC-AC-10000510","HTP-VAR-252788","Heated Tobacco","Heat-not-burn","Value","Multi-pack","Heated"
"TEC-AC-10000512","HTP-VAR-649404","Heated Tobacco","Heat-not-burn","Premium","Multi-pack","Heated"
"TEC-AC-10000519","HTP-VAR-557170","Heated Tobacco","Heat-not-burn","Core","Multi-pack","Heated"
"TEC-AC-10000521","HTP-VAR-959846","Heated Tobacco","Heat-not-burn","Value","30-pack","Heated"
"TEC-AC-10000530","HTP-VAR-857132","Heated Tobacco","Heat-not-burn","Value","20-pack","Heated"
"TEC-AC-10000540","HTP-VAR-844295","Heated Tobacco","Heat-not-burn","Value","30-pack","Heated"
"TEC-AC-10000575","HTP-VAR-786734","Heated Tobacco","Heat-not-burn","Value","30-pack","Heated"
"TEC-AC-10000580","HTP-VAR-117757","Heated Tobacco","Heat-not-burn","Core","30-pack","Heated"
"TEC-AC-10000588","HTP-VAR-918759","Heated Tobacco","Heat-not-burn","Premium","10-pack","Heated"
"TEC-AC-10000596","HTP-VAR-707607","Heated Tobacco","Heat-not-burn","Premium","30-pack","Heated"
"TEC-AC-10000598","HTP-VAR-491200","Heated Tobacco","Heat-not-burn","Core","20-pack","Heated"
"TEC-AC-10000633","HTP-VAR-750729","Heated Tobacco","Heat-not-burn","Premium","30-pack","Heated"
"TEC-AC-10000639","HTP-VAR-248196","Heated Tobacco","Heat-not-burn","Premium","10-pack","Heated"
"TEC-AC-10000642","HTP-VAR-595589","Heated Tobacco","Heat-not-burn","Value","Multi-pack","Heated"
"TEC-AC-10000657","HTP-VAR-652350","Heated Tobacco","Heat-not-burn","Premium","20-pack","Heated"
"TEC-AC-10000682","HTP-VAR-346830","Heated Tobacco","Heat-not-burn","Premium","Multi-pack","Heated"
"TEC-AC-10000692","HTP-VAR-699618","Heated Tobacco","Heat-not-burn","Premium","30-pack","Heated"
"TEC-AC-10000710","HTP-VAR-560476","Heated Tobacco","Heat-not-burn","Core","20-pack","Heated"
"TEC-AC-10000712","HTP-VAR-509055","Heated Tobacco","Heat-not-burn","Premium","20-pack","Heated"
"TEC-AC-10000736","HTP-VAR-021379","Heated Tobacco","Heat-not-burn","Core","30-pack","Heated"
"TEC-AC-10000742","HTP-VAR-442755","Heated Tobacco","Heat-not-burn","Premium","10-pack","Heated"
"TEC-AC-10000763","HTP-VAR-686768","Heated Tobacco","Heat-not-burn","Value","10-pack","Heated"
"TEC-AC-10000766","HTP-VAR-881042","Heated Tobacco","Heat-not-burn","Value","Multi-pack","Heated"
"TEC-AC-10000815","HTP-VAR-014225","Heated Tobacco","Heat-not-burn","Value","Multi-pack","Heated"
"TEC-AC-10000827","HTP-VAR-218802","Heated Tobacco","Heat-not-burn","Premium","10-pack","Heated"
"TEC-AC-10000844","HTP-VAR-948784","Heated Tobacco","Heat-not-burn","Core","10-pack","Heated"
"TEC-AC-10000857","HTP-VAR-291559","Heated Tobacco","Heat-not-burn","Core","Multi-pack","Heated"
"TEC-AC-10000860","HTP-VAR-000513","Heated Tobacco","Heat-not-burn","Premium","Multi-pack","Heated"
"TEC-AC-10000861","HTP-VAR-216725","Heated Tobacco","Heat-not-burn","Value","20-pack","Heated"
"TEC-AC-10000863","HTP-VAR-504333","Heated Tobacco","Heat-not-burn","Premium","20-pack","Heated"
"TEC-AC-10000865","HTP-VAR-940611","Heated Tobacco","Heat-not-burn","Premium","10-pack","Heated"
"TEC-AC-10000866","HTP-VAR-323774","Heated Tobacco","Heat-not-burn","Value","30-pack","Heated"
"TEC-AC-10000873","HTP-VAR-718723","Heated Tobacco","Heat-not-burn","Core","10-pack","Heated"
"TEC-AC-10000883","HTP-VAR-688993","Heated Tobacco","Heat-not-burn","Core","Multi-pack","Heated"
"TEC-AC-10000887","HTP-VAR-823953","Heated Tobacco","Heat-not-burn","Premium","30-pack","Heated"
"TEC-AC-10000890","HTP-VAR-095940","Heated Tobacco","Heat-not-burn","Premium","10-pack","Heated"
"TEC-AC-10000892","HTP-VAR-949446","Heated Tobacco","Heat-not-burn","Premium","10-pack","Heated"
"TEC-AC-10000896","HTP-VAR-838368","Heated Tobacco","Heat-not-burn","Premium","20-pack","Heated"
"TEC-AC-10000926","HTP-VAR-932443","Heated Tobacco","Heat-not-burn","Core","20-pack","Heated"
"TEC-AC-10000927","HTP-VAR-537573","Heated Tobacco","Heat-not-burn","Premium","Multi-pack","Heated"
"TEC-AC-10000929","HTP-VAR-976269","Heated Tobacco","Heat-not-burn","Premium","10-pack","Heated"
"TEC-AC-10000957","HTP-VAR-445507","Heated Tobacco","Heat-not-burn","Core","10-pack","Heated"
"TEC-AC-10000990","HTP-VAR-666086","Heated Tobacco","Heat-not-burn","Value","Multi-pack","Heated"
"TEC-AC-10000991","HTP-VAR-269009","Heated Tobacco","Heat-not-burn","Value","20-pack","Heated"
"TEC-AC-10001002","HTP-VAR-981650","Heated Tobacco","Heat-not-burn","Value","10-pack","Heated"
"TEC-AC-10001013","HTP-VAR-709359","Heated Tobacco","Heat-not-burn","Premium","Multi-pack","Heated"
"TEC-AC-10001022","HTP-VAR-080139","Heated Tobacco","Heat-not-burn","Premium","30-pack","Heated"
"TEC-AC-10001030","HTP-VAR-731523","Heated Tobacco","Heat-not-burn","Premium","Multi-pack","Heated"
"TEC-AC-10001032","HTP-VAR-848612","Heated Tobacco","Heat-not-burn","Value","Multi-pack","Heated"
"TEC-AC-10001047","HTP-VAR-555390","Heated Tobacco","Heat-not-burn","Premium","Multi-pack","Heated"
"TEC-AC-10001055","HTP-VAR-451092","Heated Tobacco","Heat-not-burn","Premium","30-pack","Heated"
"TEC-AC-10001056","HTP-VAR-977434","Heated Tobacco","Heat-not-burn","Core","10-pack","Heated"
"TEC-AC-10001075","HTP-VAR-810111","Heated Tobacco","Heat-not-burn","Premium","10-pack","Heated"
"TEC-AC-10001076","HTP-VAR-174883","Heated Tobacco","Heat-not-burn","Core","30-pack","Heated"
"TEC-AC-10001082","HTP-VAR-179359","Heated Tobacco","Heat-not-burn","Core","10-pack","Heated"
"TEC-AC-10001089","HTP-VAR-622174","Heated Tobacco","Heat-not-burn","Core","10-pack","Heated"
"TEC-AC-10001090","HTP-VAR-953725","Heated Tobacco","Heat-not-burn","Core","20-pack","Heated"
"TEC-AC-10001100","HTP-VAR-633894","Heated Tobacco","Heat-not-burn","Premium","Multi-pack","Heated"
"TEC-AC-10001101","HTP-VAR-872798","Heated Tobacco","Heat-not-burn","Value","20-pack","Heated"
"TEC-AC-10001106","HTP-VAR-355723","Heated Tobacco","Heat-not-burn","Core","30-pack","Heated"
"TEC-AC-10001109","HTP-VAR-367748","Heated Tobacco","Heat-not-burn","Value","Multi-pack","Heated"
"TEC-AC-10001114","HTP-VAR-349589","Heated Tobacco","Heat-not-burn","Value","Multi-pack","Heated"
"TEC-AC-10001142","HTP-VAR-493075","Heated Tobacco","Heat-not-burn","Core","Multi-pack","Heated"
"TEC-AC-10001172","HTP-VAR-171442","Heated Tobacco","Heat-not-burn","Core","10-pack","Heated"
"TEC-AC-10001187","HTP-VAR-856933","Heated Tobacco","Heat-not-burn","Core","10-pack","Heated"
"TEC-AC-10001197","HTP-VAR-105258","Heated Tobacco","Heat-not-burn","Premium","20-pack","Heated"
"TEC-AC-10001221","HTP-VAR-114628","Heated Tobacco","Heat-not-burn","Core","30-pack","Heated"
"TEC-AC-10001226","HTP-VAR-237090","Heated Tobacco","Heat-not-burn","Premium","20-pack","Heated"
"TEC-AC-10001243","HTP-VAR-744085","Heated Tobacco","Heat-not-burn","Core","10-pack","Heated"
"TEC-AC-10001246","HTP-VAR-580487","Heated Tobacco","Heat-not-burn","Value","Multi-pack","Heated"
"TEC-AC-10001251","HTP-VAR-282479","Heated Tobacco","Heat-not-burn","Value","20-pack","Heated"
"TEC-AC-10001254","HTP-VAR-545468","Heated Tobacco","Heat-not-burn","Value","30-pack","Heated"
"TEC-AC-10001258","HTP-VAR-230979","Heated Tobacco","Heat-not-burn","Premium","20-pack","Heated"
"TEC-AC-10001266","HTP-VAR-930348","Heated Tobacco","Heat-not-burn","Premium","20-pack","Heated"
"TEC-AC-10001267","HTP-VAR-314604","Heated Tobacco","Heat-not-burn","Premium","Multi-pack","Heated"
"TEC-AC-10001274","HTP-VAR-721486","Heated Tobacco","Heat-not-burn","Core","10-pack","Heated"
"TEC-AC-10001278","HTP-VAR-274779","Heated Tobacco","Heat-not-burn","Premium","Multi-pack","Heated"
"TEC-AC-10001284","HTP-VAR-070793","Heated Tobacco","Heat-not-burn","Value","Multi-pack","Heated"
"TEC-AC-10001295","HTP-VAR-175029","Heated Tobacco","Heat-not-burn","Premium","10-pack","Heated"
"TEC-AC-10001311","HTP-VAR-361971","Heated Tobacco","Heat-not-burn","Premium","30-pack","Heated"
"TEC-AC-10001312","HTP-VAR-581531","Heated Tobacco","Heat-not-burn","Value","10-pack","Heated"
"TEC-AC-10001314","HTP-VAR-880108","Heated Tobacco","Heat-not-burn","Core","20-pack","Heated"
"TEC-AC-10001341","HTP-VAR-658174","Heated Tobacco","Heat-not-burn","Core","Multi-pack","Heated"
"TEC-AC-10001348","HTP-VAR-018776","Heated Tobacco","Heat-not-burn","Value","Multi-pack","Heated"
"TEC-AC-10001352","HTP-VAR-218278","Heated Tobacco","Heat-not-burn","Core","10-pack","Heated"
"TEC-AC-10001355","HTP-VAR-630371","Heated Tobacco","Heat-not-burn","Value","Multi-pack","Heated"
"TEC-AC-10001364","HTP-VAR-430061","Heated Tobacco","Heat-not-burn","Value","30-pack","Heated"
"TEC-AC-10001383","HTP-VAR-502360","Heated Tobacco","Heat-not-burn","Core","Multi-pack","Heated"
"TEC-AC-10001402","HTP-VAR-711843","Heated Tobacco","Heat-not-burn","Premium","10-pack","Heated"
"TEC-AC-10001405","HTP-VAR-557175","Heated Tobacco","Heat-not-burn","Premium","Multi-pack","Heated"
"TEC-AC-10001406","HTP-VAR-317330","Heated Tobacco","Heat-not-burn","Value","20-pack","Heated"
"TEC-AC-10001407","HTP-VAR-543424","Heated Tobacco","Heat-not-burn","Core","Multi-pack","Heated"
"TEC-AC-10001410","HTP-VAR-675468","Heated Tobacco","Heat-not-burn","Premium","20-pack","Heated"
"TEC-AC-10001432","HTP-VAR-953749","Heated Tobacco","Heat-not-burn","Core","Multi-pack","Heated"
"TEC-AC-10001438","HTP-VAR-410082","Heated Tobacco","Heat-not-burn","Premium","20-pack","Heated"
"TEC-AC-10001441","HTP-VAR-031673","Heated Tobacco","Heat-not-burn","Value","30-pack","Heated"
"TEC-AC-10001445","HTP-VAR-453774","Heated Tobacco","Heat-not-burn","Premium","Multi-pack","Heated"
"TEC-AC-10001455","HTP-VAR-621198","Heated Tobacco","Heat-not-burn","Premium","30-pack","Heated"
"TEC-AC-10001463","HTP-VAR-842572","Heated Tobacco","Heat-not-burn","Core","10-pack","Heated"
"TEC-AC-10001465","HTP-VAR-215757","Heated Tobacco","Heat-not-burn","Premium","20-pack","Heated"
"TEC-AC-10001486","HTP-VAR-122326","Heated Tobacco","Heat-not-burn","Core","20-pack","Heated"
"TEC-AC-10001491","HTP-VAR-055502","Heated Tobacco","Heat-not-burn","Value","Multi-pack","Heated"
"TEC-AC-10001500","HTP-VAR-083790","Heated Tobacco","Heat-not-burn","Premium","Multi-pack","Heated"
"TEC-AC-10001539","HTP-VAR-518335","Heated Tobacco","Heat-not-burn","Core","10-pack","Heated"
"TEC-AC-10001542","HTP-VAR-784871","Heated Tobacco","Heat-not-burn","Value","Multi-pack","Heated"
"TEC-AC-10001552","HTP-VAR-437668","Heated Tobacco","Heat-not-burn","Core","30-pack","Heated"
"TEC-AC-10001553","HTP-VAR-354967","Heated Tobacco","Heat-not-burn","Core","10-pack","Heated"
"TEC-AC-10001564","HTP-VAR-070598","Heated Tobacco","Heat-not-burn","Value","10-pack","Heated"
"TEC-AC-10001566","HTP-VAR-650682","Heated Tobacco","Heat-not-burn","Premium","10-pack","Heated"
"TEC-AC-10001590","HTP-VAR-428270","Heated Tobacco","Heat-not-burn","Value","30-pack","Heated"
"TEC-AC-10001592","HTP-VAR-479715","Heated Tobacco","Heat-not-burn","Premium","30-pack","Heated"
"TEC-AC-10001600","HTP-VAR-914574","Heated Tobacco","Heat-not-burn","Premium","30-pack","Heated"
"TEC-AC-10001606","HTP-VAR-712615","Heated Tobacco","Heat-not-burn","Core","Multi-pack","Heated"
"TEC-AC-10001608","HTP-VAR-955676","Heated Tobacco","Heat-not-burn","Value","10-pack","Heated"
"TEC-AC-10001611","HTP-VAR-444845","Heated Tobacco","Heat-not-burn","Value","20-pack","Heated"
"TEC-AC-10001616","HTP-VAR-704066","Heated Tobacco","Heat-not-burn","Value","30-pack","Heated"
"TEC-AC-10001635","HTP-VAR-832921","Heated Tobacco","Heat-not-burn","Core","30-pack","Heated"
"TEC-AC-10001636","HTP-VAR-336793","Heated Tobacco","Heat-not-burn","Core","10-pack","Heated"
"TEC-AC-10001639","HTP-VAR-890829","Heated Tobacco","Heat-not-burn","Premium","20-pack","Heated"
"TEC-AC-10001660","HTP-VAR-008053","Heated Tobacco","Heat-not-burn","Core","10-pack","Heated"
"TEC-AC-10001664","HTP-VAR-670457","Heated Tobacco","Heat-not-burn","Value","20-pack","Heated"
"TEC-AC-10001666","HTP-VAR-589408","Heated Tobacco","Heat-not-burn","Core","20-pack","Heated"
"TEC-AC-10001688","HTP-VAR-233621","Heated Tobacco","Heat-not-burn","Value","10-pack","Heated"
"TEC-AC-10001696","HTP-VAR-019539","Heated Tobacco","Heat-not-burn","Premium","30-pack","Heated"
"TEC-AC-10001703","HTP-VAR-571765","Heated Tobacco","Heat-not-burn","Core","Multi-pack","Heated"
"TEC-AC-10001705","HTP-VAR-458664","Heated Tobacco","Heat-not-burn","Premium","30-pack","Heated"
"TEC-AC-10001714","HTP-VAR-682967","Heated Tobacco","Heat-not-burn","Value","20-pack","Heated"
"TEC-AC-10001719","HTP-VAR-025109","Heated Tobacco","Heat-not-burn","Value","10-pack","Heated"
"TEC-AC-10001720","HTP-VAR-602235","Heated Tobacco","Heat-not-burn","Premium","Multi-pack","Heated"
"TEC-AC-10001728","HTP-VAR-024177","Heated Tobacco","Heat-not-burn","Premium","20-pack","Heated"
"TEC-AC-10001735","HTP-VAR-332007","Heated Tobacco","Heat-not-burn","Premium","20-pack","Heated"
"TEC-AC-10001745","HTP-VAR-200584","Heated Tobacco","Heat-not-burn","Core","30-pack","Heated"
"TEC-AC-10001748","HTP-VAR-830448","Heated Tobacco","Heat-not-burn","Premium","Multi-pack","Heated"
"TEC-AC-10001754","HTP-VAR-423620","Heated Tobacco","Heat-not-burn","Value","20-pack","Heated"
"TEC-AC-10001756","HTP-VAR-776945","Heated Tobacco","Heat-not-burn","Value","20-pack","Heated"
"TEC-AC-10001765","HTP-VAR-793993","Heated Tobacco","Heat-not-burn","Core","10-pack","Heated"
"TEC-AC-10001767","HTP-VAR-084639","Heated Tobacco","Heat-not-burn","Premium","10-pack","Heated"
"TEC-AC-10001772","HTP-VAR-640415","Heated Tobacco","Heat-not-burn","Value","30-pack","Heated"
"TEC-AC-10001791","HTP-VAR-830946","Heated Tobacco","Heat-not-burn","Premium","30-pack","Heated"
"TEC-AC-10001792","HTP-VAR-959950","Heated Tobacco","Heat-not-burn","Core","10-pack","Heated"
"TEC-AC-10001830","HTP-VAR-072630","Heated Tobacco","Heat-not-burn","Premium","Multi-pack","Heated"
"TEC-AC-10001831","HTP-VAR-891454","Heated Tobacco","Heat-not-burn","Core","20-pack","Heated"
"TEC-AC-10001835","HTP-VAR-759326","Heated Tobacco","Heat-not-burn","Value","10-pack","Heated"
"TEC-AC-10001838","HTP-VAR-861142","Heated Tobacco","Heat-not-burn","Core","20-pack","Heated"
"TEC-AC-10001840","HTP-VAR-503709","Heated Tobacco","Heat-not-burn","Premium","10-pack","Heated"
"TEC-AC-10001874","HTP-VAR-301319","Heated Tobacco","Heat-not-burn","Value","30-pack","Heated"
"TEC-AC-10001876","HTP-VAR-635643","Heated Tobacco","Heat-not-burn","Premium","30-pack","Heated"
"TEC-AC-10001904","HTP-VAR-844786","Heated Tobacco","Heat-not-burn","Core","30-pack","Heated"
"TEC-AC-10001907","HTP-VAR-031627","Heated Tobacco","Heat-not-burn","Core","10-pack","Heated"
"TEC-AC-10001908","HTP-VAR-537055","Heated Tobacco","Heat-not-burn","Core","20-pack","Heated"
"TEC-AC-10001942","HTP-VAR-957333","Heated Tobacco","Heat-not-burn","Premium","Multi-pack","Heated"
"TEC-AC-10001948","HTP-VAR-116168","Heated Tobacco","Heat-not-burn","Value","20-pack","Heated"
"TEC-AC-10001949","HTP-VAR-412856","Heated Tobacco","Heat-not-burn","Value","Multi-pack","Heated"
"TEC-AC-10001950","HTP-VAR-574142","Heated Tobacco","Heat-not-burn","Value","30-pack","Heated"
"TEC-AC-10001951","HTP-VAR-413832","Heated Tobacco","Heat-not-burn","Premium","10-pack","Heated"
"TEC-AC-10001956","HTP-VAR-128557","Heated Tobacco","Heat-not-burn","Core","Multi-pack","Heated"
"TEC-AC-10001974","HTP-VAR-557551","Heated Tobacco","Heat-not-burn","Core","20-pack","Heated"
"TEC-AC-10001987","HTP-VAR-250928","Heated Tobacco","Heat-not-burn","Value","10-pack","Heated"
"TEC-AC-10001990","HTP-VAR-485767","Heated Tobacco","Heat-not-burn","Core","30-pack","Heated"
"TEC-AC-10001995","HTP-VAR-964450","Heated Tobacco","Heat-not-burn","Core","20-pack","Heated"
"TEC-AC-10001998","HTP-VAR-484343","Heated Tobacco","Heat-not-burn","Value","10-pack","Heated"
"TEC-AC-10002001","HTP-VAR-534730","Heated Tobacco","Heat-not-burn","Core","10-pack","Heated"
"TEC-AC-10002006","HTP-VAR-249519","Heated Tobacco","Heat-not-burn","Premium","Multi-pack","Heated"
"TEC-AC-10002013","HTP-VAR-996965","Heated Tobacco","Heat-not-burn","Value","20-pack","Heated"
"TEC-AC-10002014","HTP-VAR-236574","Heated Tobacco","Heat-not-burn","Premium","30-pack","Heated"
"TEC-AC-10002015","HTP-VAR-705841","Heated Tobacco","Heat-not-burn","Core","10-pack","Heated"
"TEC-AC-10002017","HTP-VAR-244341","Heated Tobacco","Heat-not-burn","Premium","10-pack","Heated"
"TEC-AC-10002018","HTP-VAR-848963","Heated Tobacco","Heat-not-burn","Value","20-pack","Heated"
"TEC-AC-10002025","HTP-VAR-971296","Heated Tobacco","Heat-not-burn","Core","Multi-pack","Heated"
"TEC-AC-10002048","HTP-VAR-215115","Heated Tobacco","Heat-not-burn","Premium","10-pack","Heated"
"TEC-AC-10002049","HTP-VAR-623099","Heated Tobacco","Heat-not-burn","Value","30-pack","Heated"
"TEC-AC-10002076","HTP-VAR-451240","Heated Tobacco","Heat-not-burn","Core","10-pack","Heated"
"TEC-AC-10002086","HTP-VAR-326883","Heated Tobacco","Heat-not-burn","Premium","Multi-pack","Heated"
"TEC-AC-10002110","HTP-VAR-251731","Heated Tobacco","Heat-not-burn","Core","10-pack","Heated"
"TEC-AC-10002122","HTP-VAR-170106","Heated Tobacco","Heat-not-burn","Premium","Multi-pack","Heated"
"TEC-AC-10002130","HTP-VAR-549825","Heated Tobacco","Heat-not-burn","Premium","30-pack","Heated"
"TEC-AC-10002134","HTP-VAR-011322","Heated Tobacco","Heat-not-burn","Premium","Multi-pack","Heated"
"TEC-AC-10002145","HTP-VAR-723610","Heated Tobacco","Heat-not-burn","Core","30-pack","Heated"
"TEC-AC-10002148","HTP-VAR-422175","Heated Tobacco","Heat-not-burn","Premium","Multi-pack","Heated"
"TEC-AC-10002153","HTP-VAR-301643","Heated Tobacco","Heat-not-burn","Value","30-pack","Heated"
"TEC-AC-10002158","HTP-VAR-490834","Heated Tobacco","Heat-not-burn","Core","30-pack","Heated"
"TEC-AC-10002159","HTP-VAR-904445","Heated Tobacco","Heat-not-burn","Value","10-pack","Heated"
"TEC-AC-10002167","HTP-VAR-760751","Heated Tobacco","Heat-not-burn","Value","10-pack","Heated"
"TEC-AC-10002170","HTP-VAR-999991","Heated Tobacco","Heat-not-burn","Core","30-pack","Heated"
"TEC-AC-10002172","HTP-VAR-926097","Heated Tobacco","Heat-not-burn","Premium","30-pack","Heated"
"TEC-AC-10002204","HTP-VAR-741061","Heated Tobacco","Heat-not-burn","Core","20-pack","Heated"
"TEC-AC-10002217","HTP-VAR-414867","Heated Tobacco","Heat-not-burn","Premium","30-pack","Heated"
"TEC-AC-10002218","HTP-VAR-331251","Heated Tobacco","Heat-not-burn","Premium","Multi-pack","Heated"
"TEC-AC-10002219","HTP-VAR-945547","Heated Tobacco","Heat-not-burn","Core","20-pack","Heated"
"TEC-AC-10002221","HTP-VAR-057259","Heated Tobacco","Heat-not-burn","Core","10-pack","Heated"
"TEC-AC-10002224","HTP-VAR-847242","Heated Tobacco","Heat-not-burn","Premium","Multi-pack","Heated"
"TEC-AC-10002243","HTP-VAR-999398","Heated Tobacco","Heat-not-burn","Value","30-pack","Heated"
"TEC-AC-10002244","HTP-VAR-240040","Heated Tobacco","Heat-not-burn","Core","20-pack","Heated"
"TEC-AC-10002253","HTP-VAR-831462","Heated Tobacco","Heat-not-burn","Premium","Multi-pack","Heated"
"TEC-AC-10002255","HTP-VAR-146422","Heated Tobacco","Heat-not-burn","Core","30-pack","Heated"
"TEC-AC-10002257","HTP-VAR-881077","Heated Tobacco","Heat-not-burn","Core","30-pack","Heated"
"TEC-AC-10002263","HTP-VAR-567136","Heated Tobacco","Heat-not-burn","Core","10-pack","Heated"
"TEC-AC-10002289","HTP-VAR-084631","Heated Tobacco","Heat-not-burn","Core","10-pack","Heated"
"TEC-AC-10002295","HTP-VAR-922542","Heated Tobacco","Heat-not-burn","Premium","30-pack","Heated"
"TEC-AC-10002305","HTP-VAR-182968","Heated Tobacco","Heat-not-burn","Core","10-pack","Heated"
"TEC-AC-10002308","HTP-VAR-971538","Heated Tobacco","Heat-not-burn","Premium","20-pack","Heated"
"TEC-AC-10002322","HTP-VAR-436914","Heated Tobacco","Heat-not-burn","Premium","20-pack","Heated"
"TEC-AC-10002323","HTP-VAR-391733","Heated Tobacco","Heat-not-burn","Value","Multi-pack","Heated"
"TEC-AC-10002324","HTP-VAR-676944","Heated Tobacco","Heat-not-burn","Premium","10-pack","Heated"
"TEC-AC-10002331","HTP-VAR-795958","Heated Tobacco","Heat-not-burn","Core","30-pack","Heated"
"TEC-AC-10002335","HTP-VAR-939224","Heated Tobacco","Heat-not-burn","Value","Multi-pack","Heated"
"TEC-AC-10002340","HTP-VAR-712425","Heated Tobacco","Heat-not-burn","Premium","Multi-pack","Heated"
"TEC-AC-10002345","HTP-VAR-474266","Heated Tobacco","Heat-not-burn","Value","10-pack","Heated"
"TEC-AC-10002348","HTP-VAR-527097","Heated Tobacco","Heat-not-burn","Premium","20-pack","Heated"
"TEC-AC-10002357","HTP-VAR-133214","Heated Tobacco","Heat-not-burn","Value","20-pack","Heated"
"TEC-AC-10002363","HTP-VAR-429668","Heated Tobacco","Heat-not-burn","Value","Multi-pack","Heated"
"TEC-AC-10002364","HTP-VAR-491653","Heated Tobacco","Heat-not-burn","Core","10-pack","Heated"
"TEC-AC-10002370","HTP-VAR-001925","Heated Tobacco","Heat-not-burn","Value","10-pack","Heated"
"TEC-AC-10002380","HTP-VAR-181562","Heated Tobacco","Heat-not-burn","Value","Multi-pack","Heated"
"TEC-AC-10002389","HTP-VAR-565123","Heated Tobacco","Heat-not-burn","Core","Multi-pack","Heated"
"TEC-AC-10002399","HTP-VAR-016300","Heated Tobacco","Heat-not-burn","Core","30-pack","Heated"
"TEC-AC-10002402","HTP-VAR-241772","Heated Tobacco","Heat-not-burn","Value","30-pack","Heated"
"TEC-AC-10002455","HTP-VAR-254346","Heated Tobacco","Heat-not-burn","Premium","10-pack","Heated"
"TEC-AC-10002458","HTP-VAR-882305","Heated Tobacco","Heat-not-burn","Value","20-pack","Heated"
"TEC-AC-10002473","HTP-VAR-415470","Heated Tobacco","Heat-not-burn","Premium","Multi-pack","Heated"
"TEC-AC-10002482","HTP-VAR-711848","Heated Tobacco","Heat-not-burn","Value","30-pack","Heated"
"TEC-AC-10002522","HTP-VAR-165529","Heated Tobacco","Heat-not-burn","Core","Multi-pack","Heated"
"TEC-AC-10002530","HTP-VAR-557699","Heated Tobacco","Heat-not-burn","Value","30-pack","Heated"
"TEC-AC-10002533","HTP-VAR-915121","Heated Tobacco","Heat-not-burn","Core","10-pack","Heated"
"TEC-AC-10002543","HTP-VAR-405165","Heated Tobacco","Heat-not-burn","Premium","Multi-pack","Heated"
"TEC-AC-10002545","HTP-VAR-654080","Heated Tobacco","Heat-not-burn","Value","30-pack","Heated"
"TEC-AC-10002550","HTP-VAR-812527","Heated Tobacco","Heat-not-burn","Core","10-pack","Heated"
"TEC-AC-10002558","HTP-VAR-347372","Heated Tobacco","Heat-not-burn","Value","30-pack","Heated"
"TEC-AC-10002567","HTP-VAR-957892","Heated Tobacco","Heat-not-burn","Core","10-pack","Heated"
"TEC-AC-10002568","HTP-VAR-563555","Heated Tobacco","Heat-not-burn","Value","20-pack","Heated"
"TEC-AC-10002581","HTP-VAR-358504","Heated Tobacco","Heat-not-burn","Core","Multi-pack","Heated"
"TEC-AC-10002600","HTP-VAR-719106","Heated Tobacco","Heat-not-burn","Premium","10-pack","Heated"
"TEC-AC-10002601","HTP-VAR-343856","Heated Tobacco","Heat-not-burn","Value","30-pack","Heated"
"TEC-AC-10002607","HTP-VAR-194301","Heated Tobacco","Heat-not-burn","Premium","Multi-pack","Heated"
"TEC-AC-10002629","HTP-VAR-709747","Heated Tobacco","Heat-not-burn","Core","30-pack","Heated"
"TEC-AC-10002637","HTP-VAR-914749","Heated Tobacco","Heat-not-burn","Core","10-pack","Heated"
"TEC-AC-10002647","HTP-VAR-944413","Heated Tobacco","Heat-not-burn","Core","Multi-pack","Heated"
"TEC-AC-10002649","HTP-VAR-571854","Heated Tobacco","Heat-not-burn","Premium","10-pack","Heated"
"TEC-AC-10002664","HTP-VAR-261304","Heated Tobacco","Heat-not-burn","Core","Multi-pack","Heated"
"TEC-AC-10002670","HTP-VAR-538374","Heated Tobacco","Heat-not-burn","Premium","Multi-pack","Heated"
"TEC-AC-10002688","HTP-VAR-930169","Heated Tobacco","Heat-not-burn","Core","30-pack","Heated"
"TEC-AC-10002702","HTP-VAR-512535","Heated Tobacco","Heat-not-burn","Premium","Multi-pack","Heated"
"TEC-AC-10002712","HTP-VAR-686540","Heated Tobacco","Heat-not-burn","Value","30-pack","Heated"
"TEC-AC-10002718","HTP-VAR-577638","Heated Tobacco","Heat-not-burn","Premium","10-pack","Heated"
"TEC-AC-10002719","HTP-VAR-387404","Heated Tobacco","Heat-not-burn","Value","30-pack","Heated"
"TEC-AC-10002738","HTP-VAR-344281","Heated Tobacco","Heat-not-burn","Core","30-pack","Heated"
"TEC-AC-10002749","HTP-VAR-738088","Heated Tobacco","Heat-not-burn","Core","Multi-pack","Heated"
"TEC-AC-10002756","HTP-VAR-823884","Heated Tobacco","Heat-not-burn","Premium","Multi-pack","Heated"
"TEC-AC-10002760","HTP-VAR-438724","Heated Tobacco","Heat-not-burn","Core","20-pack","Heated"
"TEC-AC-10002795","HTP-VAR-029879","Heated Tobacco","Heat-not-burn","Value","20-pack","Heated"
"TEC-AC-10002799","HTP-VAR-958509","Heated Tobacco","Heat-not-burn","Premium","30-pack","Heated"
"TEC-AC-10002800","HTP-VAR-221867","Heated Tobacco","Heat-not-burn","Value","30-pack","Heated"
"TEC-AC-10002815","HTP-VAR-170148","Heated Tobacco","Heat-not-burn","Premium","10-pack","Heated"
"TEC-AC-10002833","HTP-VAR-929040","Heated Tobacco","Heat-not-burn","Premium","Multi-pack","Heated"
"TEC-AC-10002842","HTP-VAR-164696","Heated Tobacco","Heat-not-burn","Value","30-pack","Heated"
"TEC-AC-10002844","HTP-VAR-747929","Heated Tobacco","Heat-not-burn","Value","Multi-pack","Heated"
"TEC-AC-10002850","HTP-VAR-623784","Heated Tobacco","Heat-not-burn","Premium","Multi-pack","Heated"
"TEC-AC-10002852","HTP-VAR-231739","Heated Tobacco","Heat-not-burn","Core","Multi-pack","Heated"
"TEC-AC-10002857","HTP-VAR-029249","Heated Tobacco","Heat-not-burn","Value","10-pack","Heated"
"TEC-AC-10002881","HTP-VAR-345129","Heated Tobacco","Heat-not-burn","Premium","10-pack","Heated"
"TEC-AC-10002883","HTP-VAR-402559","Heated Tobacco","Heat-not-burn","Core","10-pack","Heated"
"TEC-AC-10002884","HTP-VAR-874895","Heated Tobacco","Heat-not-burn","Value","Multi-pack","Heated"
"TEC-AC-10002900","HTP-VAR-647586","Heated Tobacco","Heat-not-burn","Premium","20-pack","Heated"
"TEC-AC-10002901","HTP-VAR-351066","Heated Tobacco","Heat-not-burn","Premium","Multi-pack","Heated"
"TEC-AC-10002914","HTP-VAR-555580","Heated Tobacco","Heat-not-burn","Core","20-pack","Heated"
"TEC-AC-10002926","HTP-VAR-454651","Heated Tobacco","Heat-not-burn","Core","30-pack","Heated"
"TEC-AC-10002938","HTP-VAR-258300","Heated Tobacco","Heat-not-burn","Premium","10-pack","Heated"
"TEC-AC-10002942","HTP-VAR-480391","Heated Tobacco","Heat-not-burn","Core","20-pack","Heated"
"TEC-AC-10002996","HTP-VAR-294824","Heated Tobacco","Heat-not-burn","Value","20-pack","Heated"
"TEC-AC-10003023","HTP-VAR-671890","Heated Tobacco","Heat-not-burn","Core","Multi-pack","Heated"
"TEC-AC-10003027","HTP-VAR-602755","Heated Tobacco","Heat-not-burn","Core","30-pack","Heated"
"TEC-AC-10003033","HTP-VAR-131259","Heated Tobacco","Heat-not-burn","Premium","30-pack","Heated"
"TEC-AC-10003034","HTP-VAR-014447","Heated Tobacco","Heat-not-burn","Value","20-pack","Heated"
"TEC-AC-10003038","HTP-VAR-103924","Heated Tobacco","Heat-not-burn","Core","30-pack","Heated"
"TEC-AC-10003044","HTP-VAR-381616","Heated Tobacco","Heat-not-burn","Core","30-pack","Heated"
"TEC-AC-10003047","HTP-VAR-034208","Heated Tobacco","Heat-not-burn","Value","10-pack","Heated"
"TEC-AC-10003052","HTP-VAR-609464","Heated Tobacco","Heat-not-burn","Value","30-pack","Heated"
"TEC-AC-10003063","HTP-VAR-888262","Heated Tobacco","Heat-not-burn","Core","Multi-pack","Heated"
"TEC-AC-10003080","HTP-VAR-349705","Heated Tobacco","Heat-not-burn","Core","Multi-pack","Heated"
"TEC-AC-10003081","HTP-VAR-055802","Heated Tobacco","Heat-not-burn","Value","20-pack","Heated"
"TEC-AC-10003095","HTP-VAR-054718","Heated Tobacco","Heat-not-burn","Core","20-pack","Heated"
"TEC-AC-10003103","HTP-VAR-873778","Heated Tobacco","Heat-not-burn","Core","30-pack","Heated"
"TEC-AC-10003105","HTP-VAR-341033","Heated Tobacco","Heat-not-burn","Value","Multi-pack","Heated"
"TEC-AC-10003116","HTP-VAR-929529","Heated Tobacco","Heat-not-burn","Premium","10-pack","Heated"
"TEC-AC-10003133","HTP-VAR-612811","Heated Tobacco","Heat-not-burn","Core","20-pack","Heated"
"TEC-AC-10003159","HTP-VAR-287401","Heated Tobacco","Heat-not-burn","Core","20-pack","Heated"
"TEC-AC-10003172","HTP-VAR-026969","Heated Tobacco","Heat-not-burn","Value","Multi-pack","Heated"
"TEC-AC-10003174","HTP-VAR-536155","Heated Tobacco","Heat-not-burn","Core","30-pack","Heated"
"TEC-AC-10003180","HTP-VAR-669406","Heated Tobacco","Heat-not-burn","Core","10-pack","Heated"
"TEC-AC-10003198","HTP-VAR-612642","Heated Tobacco","Heat-not-burn","Premium","Multi-pack","Heated"
"TEC-AC-10003217","HTP-VAR-476486","Heated Tobacco","Heat-not-burn","Value","Multi-pack","Heated"
"TEC-AC-10003237","HTP-VAR-374912","Heated Tobacco","Heat-not-burn","Value","20-pack","Heated"
"TEC-AC-10003262","HTP-VAR-580368","Heated Tobacco","Heat-not-burn","Premium","Multi-pack","Heated"
"TEC-AC-10003265","HTP-VAR-799937","Heated Tobacco","Heat-not-burn","Value","10-pack","Heated"
"TEC-AC-10003276","HTP-VAR-485674","Heated Tobacco","Heat-not-burn","Core","Multi-pack","Heated"
"TEC-AC-10003280","HTP-VAR-933017","Heated Tobacco","Heat-not-burn","Value","20-pack","Heated"
"TEC-AC-10003289","HTP-VAR-771836","Heated Tobacco","Heat-not-burn","Value","20-pack","Heated"
"TEC-AC-10003294","HTP-VAR-525979","Heated Tobacco","Heat-not-burn","Core","20-pack","Heated"
"TEC-AC-10003327","HTP-VAR-488966","Heated Tobacco","Heat-not-burn","Value","Multi-pack","Heated"
"TEC-AC-10003334","HTP-VAR-179104","Heated Tobacco","Heat-not-burn","Core","10-pack","Heated"
"TEC-AC-10003335","HTP-VAR-147808","Heated Tobacco","Heat-not-burn","Core","30-pack","Heated"
"TEC-AC-10003343","HTP-VAR-390641","Heated Tobacco","Heat-not-burn","Value","10-pack","Heated"
"TEC-AC-10003367","HTP-VAR-374513","Heated Tobacco","Heat-not-burn","Value","Multi-pack","Heated"
"TEC-AC-10003399","HTP-VAR-347540","Heated Tobacco","Heat-not-burn","Value","Multi-pack","Heated"
"TEC-AC-10003400","HTP-VAR-602495","Heated Tobacco","Heat-not-burn","Value","Multi-pack","Heated"
"TEC-AC-10003403","HTP-VAR-206766","Heated Tobacco","Heat-not-burn","Premium","20-pack","Heated"
"TEC-AC-10003407","HTP-VAR-771398","Heated Tobacco","Heat-not-burn","Value","10-pack","Heated"
"TEC-AC-10003408","HTP-VAR-071633","Heated Tobacco","Heat-not-burn","Value","20-pack","Heated"
"TEC-AC-10003413","HTP-VAR-174416","Heated Tobacco","Heat-not-burn","Value","10-pack","Heated"
"TEC-AC-10003415","HTP-VAR-122593","Heated Tobacco","Heat-not-burn","Core","20-pack","Heated"
"TEC-AC-10003416","HTP-VAR-618481","Heated Tobacco","Heat-not-burn","Core","Multi-pack","Heated"
"TEC-AC-10003417","HTP-VAR-267080","Heated Tobacco","Heat-not-burn","Value","20-pack","Heated"
"TEC-AC-10003422","HTP-VAR-940850","Heated Tobacco","Heat-not-burn","Value","20-pack","Heated"
"TEC-AC-10003433","HTP-VAR-004109","Heated Tobacco","Heat-not-burn","Value","30-pack","Heated"
"TEC-AC-10003441","HTP-VAR-716691","Heated Tobacco","Heat-not-burn","Premium","20-pack","Heated"
"TEC-AC-10003447","HTP-VAR-858296","Heated Tobacco","Heat-not-burn","Value","10-pack","Heated"
"TEC-AC-10003451","HTP-VAR-002857","Heated Tobacco","Heat-not-burn","Core","10-pack","Heated"
"TEC-AC-10003454","HTP-VAR-434902","Heated Tobacco","Heat-not-burn","Core","Multi-pack","Heated"
"TEC-AC-10003463","HTP-VAR-169129","Heated Tobacco","Heat-not-burn","Core","Multi-pack","Heated"
"TEC-AC-10003469","HTP-VAR-435668","Heated Tobacco","Heat-not-burn","Value","20-pack","Heated"
"TEC-AC-10003487","HTP-VAR-387913","Heated Tobacco","Heat-not-burn","Core","10-pack","Heated"
"TEC-AC-10003499","HTP-VAR-322974","Heated Tobacco","Heat-not-burn","Premium","30-pack","Heated"
"TEC-AC-10003506","HTP-VAR-658639","Heated Tobacco","Heat-not-burn","Core","20-pack","Heated"
"TEC-AC-10003518","HTP-VAR-755341","Heated Tobacco","Heat-not-burn","Core","Multi-pack","Heated"
"TEC-AC-10003533","HTP-VAR-918867","Heated Tobacco","Heat-not-burn","Premium","20-pack","Heated"
"TEC-AC-10003548","HTP-VAR-390015","Heated Tobacco","Heat-not-burn","Premium","30-pack","Heated"
"TEC-AC-10003554","HTP-VAR-102819","Heated Tobacco","Heat-not-burn","Premium","10-pack","Heated"
"TEC-AC-10003556","HTP-VAR-187520","Heated Tobacco","Heat-not-burn","Value","10-pack","Heated"
"TEC-AC-10003569","HTP-VAR-861453","Heated Tobacco","Heat-not-burn","Premium","30-pack","Heated"
"TEC-AC-10003570","HTP-VAR-677406","Heated Tobacco","Heat-not-burn","Premium","Multi-pack","Heated"
"TEC-AC-10003571","HTP-VAR-444005","Heated Tobacco","Heat-not-burn","Value","20-pack","Heated"
"TEC-AC-10003577","HTP-VAR-335989","Heated Tobacco","Heat-not-burn","Core","10-pack","Heated"
"TEC-AC-10003590","HTP-VAR-950543","Heated Tobacco","Heat-not-burn","Value","20-pack","Heated"
"TEC-AC-10003610","HTP-VAR-260982","Heated Tobacco","Heat-not-burn","Premium","10-pack","Heated"
"TEC-AC-10003611","HTP-VAR-711256","Heated Tobacco","Heat-not-burn","Core","30-pack","Heated"
"TEC-AC-10003614","HTP-VAR-623052","Heated Tobacco","Heat-not-burn","Premium","20-pack","Heated"
"TEC-AC-10003615","HTP-VAR-561337","Heated Tobacco","Heat-not-burn","Core","Multi-pack","Heated"
"TEC-AC-10003626","HTP-VAR-315578","Heated Tobacco","Heat-not-burn","Value","30-pack","Heated"
"TEC-AC-10003628","HTP-VAR-372213","Heated Tobacco","Heat-not-burn","Premium","20-pack","Heated"
"TEC-AC-10003640","HTP-VAR-614002","Heated Tobacco","Heat-not-burn","Core","20-pack","Heated"
"TEC-AC-10003657","HTP-VAR-796448","Heated Tobacco","Heat-not-burn","Value","Multi-pack","Heated"
"TEC-AC-10003659","HTP-VAR-614411","Heated Tobacco","Heat-not-burn","Value","10-pack","Heated"
"TEC-AC-10003666","HTP-VAR-015301","Heated Tobacco","Heat-not-burn","Core","30-pack","Heated"
"TEC-AC-10003668","HTP-VAR-792353","Heated Tobacco","Heat-not-burn","Value","20-pack","Heated"
"TEC-AC-10003681","HTP-VAR-210976","Heated Tobacco","Heat-not-burn","Core","Multi-pack","Heated"
"TEC-AC-10003690","HTP-VAR-531932","Heated Tobacco","Heat-not-burn","Value","10-pack","Heated"
"TEC-AC-10003704","HTP-VAR-264297","Heated Tobacco","Heat-not-burn","Premium","Multi-pack","Heated"
"TEC-AC-10003709","HTP-VAR-056877","Heated Tobacco","Heat-not-burn","Premium","30-pack","Heated"
"TEC-AC-10003711","HTP-VAR-434992","Heated Tobacco","Heat-not-burn","Core","20-pack","Heated"
"TEC-AC-10003725","HTP-VAR-411608","Heated Tobacco","Heat-not-burn","Value","Multi-pack","Heated"
"TEC-AC-10003734","HTP-VAR-821627","Heated Tobacco","Heat-not-burn","Value","10-pack","Heated"
"TEC-AC-10003738","HTP-VAR-616737","Heated Tobacco","Heat-not-burn","Premium","Multi-pack","Heated"
"TEC-AC-10003750","HTP-VAR-907840","Heated Tobacco","Heat-not-burn","Core","Multi-pack","Heated"
"TEC-AC-10003753","HTP-VAR-275398","Heated Tobacco","Heat-not-burn","Core","20-pack","Heated"
"TEC-AC-10003763","HTP-VAR-010154","Heated Tobacco","Heat-not-burn","Value","30-pack","Heated"
"TEC-AC-10003776","HTP-VAR-005223","Heated Tobacco","Heat-not-burn","Premium","10-pack","Heated"
"TEC-AC-10003814","HTP-VAR-146806","Heated Tobacco","Heat-not-burn","Core","Multi-pack","Heated"
"TEC-AC-10003824","HTP-VAR-208454","Heated Tobacco","Heat-not-burn","Value","10-pack","Heated"
"TEC-AC-10003832","HTP-VAR-460578","Heated Tobacco","Heat-not-burn","Premium","10-pack","Heated"
"TEC-AC-10003851","HTP-VAR-072507","Heated Tobacco","Heat-not-burn","Premium","10-pack","Heated"
"TEC-AC-10003857","HTP-VAR-410794","Heated Tobacco","Heat-not-burn","Core","20-pack","Heated"
"TEC-AC-10003861","HTP-VAR-617808","Heated Tobacco","Heat-not-burn","Premium","Multi-pack","Heated"
"TEC-AC-10003870","HTP-VAR-099212","Heated Tobacco","Heat-not-burn","Value","10-pack","Heated"
"TEC-AC-10003873","HTP-VAR-653567","Heated Tobacco","Heat-not-burn","Value","30-pack","Heated"
"TEC-AC-10003889","HTP-VAR-971254","Heated Tobacco","Heat-not-burn","Core","Multi-pack","Heated"
"TEC-AC-10003895","HTP-VAR-420128","Heated Tobacco","Heat-not-burn","Value","20-pack","Heated"
"TEC-AC-10003904","HTP-VAR-077394","Heated Tobacco","Heat-not-burn","Premium","20-pack","Heated"
"TEC-AC-10003911","HTP-VAR-782491","Heated Tobacco","Heat-not-burn","Core","Multi-pack","Heated"
"TEC-AC-10003920","HTP-VAR-466510","Heated Tobacco","Heat-not-burn","Core","30-pack","Heated"
"TEC-AC-10003921","HTP-VAR-799158","Heated Tobacco","Heat-not-burn","Premium","10-pack","Heated"
"TEC-AC-10003927","HTP-VAR-106038","Heated Tobacco","Heat-not-burn","Premium","20-pack","Heated"
"TEC-AC-10003947","HTP-VAR-171358","Heated Tobacco","Heat-not-burn","Core","Multi-pack","Heated"
"TEC-AC-10003951","HTP-VAR-902246","Heated Tobacco","Heat-not-burn","Value","Multi-pack","Heated"
"TEC-AC-10003955","HTP-VAR-130959","Heated Tobacco","Heat-not-burn","Premium","30-pack","Heated"
"TEC-AC-10003964","HTP-VAR-328632","Heated Tobacco","Heat-not-burn","Premium","Multi-pack","Heated"
"TEC-AC-10003969","HTP-VAR-923429","Heated Tobacco","Heat-not-burn","Value","30-pack","Heated"
"TEC-AC-10003970","HTP-VAR-408302","Heated Tobacco","Heat-not-burn","Value","Multi-pack","Heated"
"TEC-AC-10003987","HTP-VAR-585683","Heated Tobacco","Heat-not-burn","Value","Multi-pack","Heated"
"TEC-AC-10003989","HTP-VAR-652507","Heated Tobacco","Heat-not-burn","Core","10-pack","Heated"
"TEC-AC-10004001","HTP-VAR-498287","Heated Tobacco","Heat-not-burn","Value","10-pack","Heated"
"TEC-AC-10004012","HTP-VAR-155759","Heated Tobacco","Heat-not-burn","Value","Multi-pack","Heated"
"TEC-AC-10004016","HTP-VAR-484133","Heated Tobacco","Heat-not-burn","Value","30-pack","Heated"
"TEC-AC-10004018","HTP-VAR-302858","Heated Tobacco","Heat-not-burn","Value","20-pack","Heated"
"TEC-AC-10004043","HTP-VAR-570460","Heated Tobacco","Heat-not-burn","Core","10-pack","Heated"
"TEC-AC-10004044","HTP-VAR-044913","Heated Tobacco","Heat-not-burn","Premium","Multi-pack","Heated"
"TEC-AC-10004051","HTP-VAR-295423","Heated Tobacco","Heat-not-burn","Core","20-pack","Heated"
"TEC-AC-10004054","HTP-VAR-847700","Heated Tobacco","Heat-not-burn","Value","30-pack","Heated"
"TEC-AC-10004068","HTP-VAR-505245","Heated Tobacco","Heat-not-burn","Premium","30-pack","Heated"
"TEC-AC-10004070","HTP-VAR-800430","Heated Tobacco","Heat-not-burn","Premium","20-pack","Heated"
"TEC-AC-10004081","HTP-VAR-838023","Heated Tobacco","Heat-not-burn","Premium","10-pack","Heated"
"TEC-AC-10004094","HTP-VAR-655856","Heated Tobacco","Heat-not-burn","Value","30-pack","Heated"
"TEC-AC-10004102","HTP-VAR-779141","Heated Tobacco","Heat-not-burn","Value","20-pack","Heated"
"TEC-AC-10004108","HTP-VAR-282920","Heated Tobacco","Heat-not-burn","Value","Multi-pack","Heated"
"TEC-AC-10004114","HTP-VAR-935247","Heated Tobacco","Heat-not-burn","Premium","20-pack","Heated"
"TEC-AC-10004117","HTP-VAR-113628","Heated Tobacco","Heat-not-burn","Premium","Multi-pack","Heated"
"TEC-AC-10004127","HTP-VAR-503768","Heated Tobacco","Heat-not-burn","Value","10-pack","Heated"
"TEC-AC-10004144","HTP-VAR-085118","Heated Tobacco","Heat-not-burn","Value","10-pack","Heated"
"TEC-AC-10004145","HTP-VAR-143353","Heated Tobacco","Heat-not-burn","Core","30-pack","Heated"
"TEC-AC-10004171","HTP-VAR-755539","Heated Tobacco","Heat-not-burn","Core","10-pack","Heated"
"TEC-AC-10004188","HTP-VAR-621965","Heated Tobacco","Heat-not-burn","Value","Multi-pack","Heated"
"TEC-AC-10004195","HTP-VAR-632262","Heated Tobacco","Heat-not-burn","Premium","Multi-pack","Heated"
"TEC-AC-10004196","HTP-VAR-551610","Heated Tobacco","Heat-not-burn","Premium","20-pack","Heated"
"TEC-AC-10004203","HTP-VAR-939825","Heated Tobacco","Heat-not-burn","Premium","30-pack","Heated"
"TEC-AC-10004209","HTP-VAR-764858","Heated Tobacco","Heat-not-burn","Value","10-pack","Heated"
"TEC-AC-10004221","HTP-VAR-375143","Heated Tobacco","Heat-not-burn","Value","10-pack","Heated"
"TEC-AC-10004227","HTP-VAR-905067","Heated Tobacco","Heat-not-burn","Premium","20-pack","Heated"
"TEC-AC-10004241","HTP-VAR-393739","Heated Tobacco","Heat-not-burn","Core","30-pack","Heated"
"TEC-AC-10004249","HTP-VAR-090184","Heated Tobacco","Heat-not-burn","Core","10-pack","Heated"
"TEC-AC-10004252","HTP-VAR-050999","Heated Tobacco","Heat-not-burn","Value","20-pack","Heated"
"TEC-AC-10004269","HTP-VAR-984262","Heated Tobacco","Heat-not-burn","Core","30-pack","Heated"
"TEC-AC-10004289","HTP-VAR-038716","Heated Tobacco","Heat-not-burn","Core","10-pack","Heated"
"TEC-AC-10004306","HTP-VAR-919271","Heated Tobacco","Heat-not-burn","Value","30-pack","Heated"
"TEC-AC-10004317","HTP-VAR-071575","Heated Tobacco","Heat-not-burn","Core","20-pack","Heated"
"TEC-AC-10004334","HTP-VAR-733208","Heated Tobacco","Heat-not-burn","Value","20-pack","Heated"
"TEC-AC-10004341","HTP-VAR-323794","Heated Tobacco","Heat-not-burn","Core","20-pack","Heated"
"TEC-AC-10004353","HTP-VAR-614694","Heated Tobacco","Heat-not-burn","Premium","10-pack","Heated"
"TEC-AC-10004379","HTP-VAR-276268","Heated Tobacco","Heat-not-burn","Core","10-pack","Heated"
"TEC-AC-10004393","HTP-VAR-295586","Heated Tobacco","Heat-not-burn","Value","10-pack","Heated"
"TEC-AC-10004396","HTP-VAR-628415","Heated Tobacco","Heat-not-burn","Value","Multi-pack","Heated"
"TEC-AC-10004406","HTP-VAR-454062","Heated Tobacco","Heat-not-burn","Premium","Multi-pack","Heated"
"TEC-AC-10004414","HTP-VAR-268370","Heated Tobacco","Heat-not-burn","Value","30-pack","Heated"
"TEC-AC-10004420","HTP-VAR-228042","Heated Tobacco","Heat-not-burn","Premium","10-pack","Heated"
"TEC-AC-10004429","HTP-VAR-524553","Heated Tobacco","Heat-not-burn","Premium","10-pack","Heated"
"TEC-AC-10004434","HTP-VAR-332042","Heated Tobacco","Heat-not-burn","Value","10-pack","Heated"
"TEC-AC-10004451","HTP-VAR-580233","Heated Tobacco","Heat-not-burn","Premium","20-pack","Heated"
"TEC-AC-10004469","HTP-VAR-565680","Heated Tobacco","Heat-not-burn","Premium","10-pack","Heated"
"TEC-AC-10004478","HTP-VAR-074908","Heated Tobacco","Heat-not-burn","Core","Multi-pack","Heated"
"TEC-AC-10004487","HTP-VAR-627652","Heated Tobacco","Heat-not-burn","Core","20-pack","Heated"
"TEC-AC-10004508","HTP-VAR-176689","Heated Tobacco","Heat-not-burn","Core","Multi-pack","Heated"
"TEC-AC-10004510","HTP-VAR-550152","Heated Tobacco","Heat-not-burn","Premium","10-pack","Heated"
"TEC-AC-10004518","HTP-VAR-023589","Heated Tobacco","Heat-not-burn","Premium","30-pack","Heated"
"TEC-AC-10004520","HTP-VAR-560093","Heated Tobacco","Heat-not-burn","Value","Multi-pack","Heated"
"TEC-AC-10004539","HTP-VAR-847667","Heated Tobacco","Heat-not-burn","Value","30-pack","Heated"
"TEC-AC-10004556","HTP-VAR-449707","Heated Tobacco","Heat-not-burn","Core","20-pack","Heated"
"TEC-AC-10004557","HTP-VAR-859159","Heated Tobacco","Heat-not-burn","Core","Multi-pack","Heated"
"TEC-AC-10004562","HTP-VAR-909571","Heated Tobacco","Heat-not-burn","Core","Multi-pack","Heated"
"TEC-AC-10004566","HTP-VAR-604199","Heated Tobacco","Heat-not-burn","Value","30-pack","Heated"
"TEC-AC-10004568","HTP-VAR-315364","Heated Tobacco","Heat-not-burn","Core","20-pack","Heated"
"TEC-AC-10004571","HTP-VAR-481556","Heated Tobacco","Heat-not-burn","Value","10-pack","Heated"
"TEC-AC-10004586","HTP-VAR-379599","Heated Tobacco","Heat-not-burn","Premium","10-pack","Heated"
"TEC-AC-10004591","HTP-VAR-180816","Heated Tobacco","Heat-not-burn","Premium","30-pack","Heated"
"TEC-AC-10004595","HTP-VAR-710412","Heated Tobacco","Heat-not-burn","Premium","Multi-pack","Heated"
"TEC-AC-10004604","HTP-VAR-878454","Heated Tobacco","Heat-not-burn","Premium","20-pack","Heated"
"TEC-AC-10004620","HTP-VAR-852230","Heated Tobacco","Heat-not-burn","Value","30-pack","Heated"
"TEC-AC-10004626","HTP-VAR-835865","Heated Tobacco","Heat-not-burn","Value","Multi-pack","Heated"
"TEC-AC-10004633","HTP-VAR-395840","Heated Tobacco","Heat-not-burn","Value","20-pack","Heated"
"TEC-AC-10004652","HTP-VAR-981588","Heated Tobacco","Heat-not-burn","Premium","20-pack","Heated"
"TEC-AC-10004659","HTP-VAR-955037","Heated Tobacco","Heat-not-burn","Value","20-pack","Heated"
"TEC-AC-10004666","HTP-VAR-666355","Heated Tobacco","Heat-not-burn","Core","Multi-pack","Heated"
"TEC-AC-10004679","HTP-VAR-970676","Heated Tobacco","Heat-not-burn","Value","Multi-pack","Heated"
"TEC-AC-10004683","HTP-VAR-395797","Heated Tobacco","Heat-not-burn","Core","30-pack","Heated"
"TEC-AC-10004696","HTP-VAR-262480","Heated Tobacco","Heat-not-burn","Core","10-pack","Heated"
"TEC-AC-10004704","HTP-VAR-096777","Heated Tobacco","Heat-not-burn","Premium","30-pack","Heated"
"TEC-AC-10004708","HTP-VAR-705168","Heated Tobacco","Heat-not-burn","Premium","20-pack","Heated"
"TEC-AC-10004709","HTP-VAR-409455","Heated Tobacco","Heat-not-burn","Premium","Multi-pack","Heated"
"TEC-AC-10004713","HTP-VAR-209112","Heated Tobacco","Heat-not-burn","Premium","10-pack","Heated"
"TEC-AC-10004715","HTP-VAR-981263","Heated Tobacco","Heat-not-burn","Value","20-pack","Heated"
"TEC-AC-10004743","HTP-VAR-713009","Heated Tobacco","Heat-not-burn","Value","20-pack","Heated"
"TEC-AC-10004752","HTP-VAR-232711","Heated Tobacco","Heat-not-burn","Core","30-pack","Heated"
"TEC-AC-10004753","HTP-VAR-999309","Heated Tobacco","Heat-not-burn","Premium","10-pack","Heated"
"TEC-AC-10004761","HTP-VAR-829642","Heated Tobacco","Heat-not-burn","Core","Multi-pack","Heated"
"TEC-AC-10004773","HTP-VAR-923860","Heated Tobacco","Heat-not-burn","Core","30-pack","Heated"
"TEC-AC-10004791","HTP-VAR-185079","Heated Tobacco","Heat-not-burn","Premium","10-pack","Heated"
"TEC-AC-10004801","HTP-VAR-473587","Heated Tobacco","Heat-not-burn","Core","10-pack","Heated"
"TEC-AC-10004803","HTP-VAR-847818","Heated Tobacco","Heat-not-burn","Premium","10-pack","Heated"
"TEC-AC-10004808","HTP-VAR-823626","Heated Tobacco","Heat-not-burn","Premium","10-pack","Heated"
"TEC-AC-10004811","HTP-VAR-019506","Heated Tobacco","Heat-not-burn","Premium","20-pack","Heated"
"TEC-AC-10004812","HTP-VAR-804224","Heated Tobacco","Heat-not-burn","Value","Multi-pack","Heated"
"TEC-AC-10004813","HTP-VAR-027157","Heated Tobacco","Heat-not-burn","Core","20-pack","Heated"
"TEC-AC-10004814","HTP-VAR-355063","Heated Tobacco","Heat-not-burn","Core","30-pack","Heated"
"TEC-AC-10004848","HTP-VAR-983234","Heated Tobacco","Heat-not-burn","Value","10-pack","Heated"
"TEC-AC-10004849","HTP-VAR-470712","Heated Tobacco","Heat-not-burn","Premium","30-pack","Heated"
"TEC-AC-10004853","HTP-VAR-966283","Heated Tobacco","Heat-not-burn","Core","20-pack","Heated"
"TEC-AC-10004855","HTP-VAR-236877","Heated Tobacco","Heat-not-burn","Premium","10-pack","Heated"
"TEC-AC-10004859","HTP-VAR-681093","Heated Tobacco","Heat-not-burn","Premium","Multi-pack","Heated"
"TEC-AC-10004864","HTP-VAR-555613","Heated Tobacco","Heat-not-burn","Core","20-pack","Heated"
"TEC-AC-10004877","HTP-VAR-950650","Heated Tobacco","Heat-not-burn","Core","30-pack","Heated"
"TEC-AC-10004880","HTP-VAR-771585","Heated Tobacco","Heat-not-burn","Premium","30-pack","Heated"
"TEC-AC-10004883","HTP-VAR-715509","Heated Tobacco","Heat-not-burn","Premium","10-pack","Heated"
"TEC-AC-10004897","HTP-VAR-275859","Heated Tobacco","Heat-not-burn","Premium","10-pack","Heated"
"TEC-AC-10004901","HTP-VAR-562918","Heated Tobacco","Heat-not-burn","Core","Multi-pack","Heated"
"TEC-AC-10004904","HTP-VAR-439648","Heated Tobacco","Heat-not-burn","Core","10-pack","Heated"
"TEC-AC-10004938","HTP-VAR-759316","Heated Tobacco","Heat-not-burn","Core","10-pack","Heated"
"TEC-AC-10004939","HTP-VAR-807427","Heated Tobacco","Heat-not-burn","Core","30-pack","Heated"
"TEC-AC-10004951","HTP-VAR-566350","Heated Tobacco","Heat-not-burn","Core","30-pack","Heated"
"TEC-AC-10004975","HTP-VAR-241082","Heated Tobacco","Heat-not-burn","Value","20-pack","Heated"
"TEC-AC-10004992","HTP-VAR-332844","Heated Tobacco","Heat-not-burn","Premium","10-pack","Heated"
"TEC-AC-10004997","HTP-VAR-139391","Heated Tobacco","Heat-not-burn","Value","Multi-pack","Heated"
"TEC-APP-10000135","HTP-VAR-775566","Heated Tobacco","Heat-not-burn","Premium","20-pack","Heated"
"TEC-APP-10000308","HTP-VAR-476314","Heated Tobacco","Heat-not-burn","Core","20-pack","Heated"
"TEC-APP-10000530","HTP-VAR-591053","Heated Tobacco","Heat-not-burn","Value","30-pack","Heated"
"TEC-APP-10001108","HTP-VAR-260917","Heated Tobacco","Heat-not-burn","Core","30-pack","Heated"
"TEC-APP-10001340","HTP-VAR-271982","Heated Tobacco","Heat-not-burn","Value","30-pack","Heated"
"TEC-APP-10001389","HTP-VAR-292172","Heated Tobacco","Heat-not-burn","Value","30-pack","Heated"
"TEC-APP-10001586","HTP-VAR-780737","Heated Tobacco","Heat-not-burn","Value","20-pack","Heated"
"TEC-APP-10001732","HTP-VAR-401091","Heated Tobacco","Heat-not-burn","Premium","20-pack","Heated"
"TEC-APP-10001851","HTP-VAR-375280","Heated Tobacco","Heat-not-burn","Core","10-pack","Heated"
"TEC-APP-10001965","HTP-VAR-428829","Heated Tobacco","Heat-not-burn","Premium","20-pack","Heated"
"TEC-APP-10002310","HTP-VAR-080084","Heated Tobacco","Heat-not-burn","Value","20-pack","Heated"
"TEC-APP-10002321","HTP-VAR-889068","Heated Tobacco","Heat-not-burn","Premium","10-pack","Heated"
"TEC-APP-10002829","HTP-VAR-694473","Heated Tobacco","Heat-not-burn","Premium","Multi-pack","Heated"
"TEC-APP-10002966","HTP-VAR-998290","Heated Tobacco","Heat-not-burn","Core","20-pack","Heated"
"TEC-APP-10003032","HTP-VAR-864353","Heated Tobacco","Heat-not-burn","Value","Multi-pack","Heated"
"TEC-APP-10003588","HTP-VAR-892569","Heated Tobacco","Heat-not-burn","Premium","20-pack","Heated"
"TEC-APP-10004049","HTP-VAR-275946","Heated Tobacco","Heat-not-burn","Premium","20-pack","Heated"
"TEC-APP-10004296","HTP-VAR-269341","Heated Tobacco","Heat-not-burn","Core","Multi-pack","Heated"
"TEC-APP-10004464","HTP-VAR-441834","Heated Tobacco","Heat-not-burn","Premium","30-pack","Heated"
"TEC-APP-10004469","HTP-VAR-986502","Heated Tobacco","Heat-not-burn","Premium","Multi-pack","Heated"
"TEC-APP-10004584","HTP-VAR-178789","Heated Tobacco","Heat-not-burn","Core","Multi-pack","Heated"
"TEC-APP-10004657","HTP-VAR-052738","Heated Tobacco","Heat-not-burn","Core","20-pack","Heated"
"TEC-APP-10004912","HTP-VAR-405439","Heated Tobacco","Heat-not-burn","Core","Multi-pack","Heated"
"TEC-BEL-10000485","HTP-VAR-012276","Heated Tobacco","Heat-not-burn","Premium","30-pack","Heated"
"TEC-BEL-10000681","HTP-VAR-812228","Heated Tobacco","Heat-not-burn","Value","20-pack","Heated"
"TEC-BEL-10000696","HTP-VAR-609462","Heated Tobacco","Heat-not-burn","Premium","Multi-pack","Heated"
"TEC-BEL-10001189","HTP-VAR-559792","Heated Tobacco","Heat-not-burn","Core","Multi-pack","Heated"
"TEC-BEL-10001391","HTP-VAR-370937","Heated Tobacco","Heat-not-burn","Value","30-pack","Heated"
"TEC-BEL-10001689","HTP-VAR-725412","Heated Tobacco","Heat-not-burn","Premium","30-pack","Heated"
"TEC-BEL-10001971","HTP-VAR-941609","Heated Tobacco","Heat-not-burn","Value","30-pack","Heated"
"TEC-BEL-10002106","HTP-VAR-573323","Heated Tobacco","Heat-not-burn","Value","10-pack","Heated"
"TEC-BEL-10002153","HTP-VAR-708359","Heated Tobacco","Heat-not-burn","Value","30-pack","Heated"
"TEC-BEL-10002178","HTP-VAR-997533","Heated Tobacco","Heat-not-burn","Premium","10-pack","Heated"
"TEC-BEL-10002207","HTP-VAR-346428","Heated Tobacco","Heat-not-burn","Premium","Multi-pack","Heated"
"TEC-BEL-10002324","HTP-VAR-539744","Heated Tobacco","Heat-not-burn","Value","10-pack","Heated"
"TEC-BEL-10002476","HTP-VAR-066236","Heated Tobacco","Heat-not-burn","Value","10-pack","Heated"
"TEC-BEL-10002516","HTP-VAR-345101","Heated Tobacco","Heat-not-burn","Value","20-pack","Heated"
"TEC-BEL-10002678","HTP-VAR-851658","Heated Tobacco","Heat-not-burn","Premium","20-pack","Heated"
"TEC-BEL-10003177","HTP-VAR-484828","Heated Tobacco","Heat-not-burn","Core","10-pack","Heated"
"TEC-BEL-10003311","HTP-VAR-246503","Heated Tobacco","Heat-not-burn","Value","20-pack","Heated"
"TEC-BEL-10003875","HTP-VAR-374013","Heated Tobacco","Heat-not-burn","Premium","Multi-pack","Heated"
"TEC-BEL-10003896","HTP-VAR-285062","Heated Tobacco","Heat-not-burn","Value","Multi-pack","Heated"
"TEC-BEL-10003985","HTP-VAR-359759","Heated Tobacco","Heat-not-burn","Value","Multi-pack","Heated"
"TEC-BEL-10004162","HTP-VAR-816072","Heated Tobacco","Heat-not-burn","Premium","Multi-pack","Heated"
"TEC-BEL-10004386","HTP-VAR-984764","Heated Tobacco","Heat-not-burn","Value","30-pack","Heated"
"TEC-BEL-10004950","HTP-VAR-907641","Heated Tobacco","Heat-not-burn","Premium","10-pack","Heated"
"TEC-BRO-10000348","HTP-VAR-355488","Heated Tobacco","Heat-not-burn","Premium","20-pack","Heated"
"TEC-BRO-10000374","HTP-VAR-196152","Heated Tobacco","Heat-not-burn","Premium","20-pack","Heated"
"TEC-BRO-10000381","HTP-VAR-757066","Heated Tobacco","Heat-not-burn","Core","20-pack","Heated"
"TEC-BRO-10000463","HTP-VAR-294178","Heated Tobacco","Heat-not-burn","Core","30-pack","Heated"
"TEC-BRO-10000663","HTP-VAR-710941","Heated Tobacco","Heat-not-burn","Core","10-pack","Heated"
"TEC-BRO-10000773","HTP-VAR-250968","Heated Tobacco","Heat-not-burn","Premium","30-pack","Heated"
"TEC-BRO-10000917","HTP-VAR-331034","Heated Tobacco","Heat-not-burn","Value","Multi-pack","Heated"
"TEC-BRO-10001293","HTP-VAR-429436","Heated Tobacco","Heat-not-burn","Core","30-pack","Heated"
"TEC-BRO-10001568","HTP-VAR-064898","Heated Tobacco","Heat-not-burn","Value","10-pack","Heated"
"TEC-BRO-10001852","HTP-VAR-093462","Heated Tobacco","Heat-not-burn","Premium","30-pack","Heated"
"TEC-BRO-10001938","HTP-VAR-490307","Heated Tobacco","Heat-not-burn","Value","20-pack","Heated"
"TEC-BRO-10002103","HTP-VAR-420574","Heated Tobacco","Heat-not-burn","Core","10-pack","Heated"
"TEC-BRO-10002345","HTP-VAR-340724","Heated Tobacco","Heat-not-burn","Value","Multi-pack","Heated"
"TEC-BRO-10002579","HTP-VAR-380961","Heated Tobacco","Heat-not-burn","Premium","20-pack","Heated"
"TEC-BRO-10003380","HTP-VAR-374330","Heated Tobacco","Heat-not-burn","Value","20-pack","Heated"
"TEC-BRO-10003401","HTP-VAR-637181","Heated Tobacco","Heat-not-burn","Value","30-pack","Heated"
"TEC-BRO-10003555","HTP-VAR-616779","Heated Tobacco","Heat-not-burn","Premium","20-pack","Heated"
"TEC-BRO-10003876","HTP-VAR-621849","Heated Tobacco","Heat-not-burn","Premium","30-pack","Heated"
"TEC-BRO-10003986","HTP-VAR-610581","Heated Tobacco","Heat-not-burn","Premium","30-pack","Heated"
"TEC-BRO-10004178","HTP-VAR-867164","Heated Tobacco","Heat-not-burn","Value","Multi-pack","Heated"
"TEC-BRO-10004184","HTP-VAR-651904","Heated Tobacco","Heat-not-burn","Core","Multi-pack","Heated"
"TEC-BRO-10004328","HTP-VAR-029512","Heated Tobacco","Heat-not-burn","Core","10-pack","Heated"
"TEC-BRO-10004802","HTP-VAR-790088","Heated Tobacco","Heat-not-burn","Value","20-pack","Heated"
"TEC-CAN-10000030","HTP-VAR-907023","Heated Tobacco","Heat-not-burn","Premium","30-pack","Heated"
"TEC-CAN-10000932","HTP-VAR-802972","Heated Tobacco","Heat-not-burn","Core","20-pack","Heated"
"TEC-CAN-10001256","HTP-VAR-126427","Heated Tobacco","Heat-not-burn","Core","30-pack","Heated"
"TEC-CAN-10001376","HTP-VAR-256269","Heated Tobacco","Heat-not-burn","Premium","Multi-pack","Heated"
"TEC-CAN-10001378","HTP-VAR-694114","Heated Tobacco","Heat-not-burn","Core","10-pack","Heated"
"TEC-CAN-10001437","HTP-VAR-491599","Heated Tobacco","Heat-not-burn","Core","10-pack","Heated"
"TEC-CAN-10001571","HTP-VAR-256373","Heated Tobacco","Heat-not-burn","Value","30-pack","Heated"
"TEC-CAN-10001789","HTP-VAR-481856","Heated Tobacco","Heat-not-burn","Value","20-pack","Heated"
"TEC-CAN-10001853","HTP-VAR-966347","Heated Tobacco","Heat-not-burn","Value","Multi-pack","Heated"
"TEC-CAN-10001981","HTP-VAR-281305","Heated Tobacco","Heat-not-burn","Core","20-pack","Heated"
"TEC-CAN-10002337","HTP-VAR-504374","Heated Tobacco","Heat-not-burn","Value","Multi-pack","Heated"
"TEC-CAN-10002363","HTP-VAR-949020","Heated Tobacco","Heat-not-burn","Premium","Multi-pack","Heated"
"TEC-CAN-10002802","HTP-VAR-439160","Heated Tobacco","Heat-not-burn","Value","30-pack","Heated"
"TEC-CAN-10002843","HTP-VAR-417795","Heated Tobacco","Heat-not-burn","Premium","10-pack","Heated"
"TEC-CAN-10002879","HTP-VAR-092305","Heated Tobacco","Heat-not-burn","Core","20-pack","Heated"
"TEC-CAN-10003392","HTP-VAR-875202","Heated Tobacco","Heat-not-burn","Premium","Multi-pack","Heated"
"TEC-CAN-10004166","HTP-VAR-139833","Heated Tobacco","Heat-not-burn","Premium","30-pack","Heated"
"TEC-CAN-10004214","HTP-VAR-977982","Heated Tobacco","Heat-not-burn","Premium","10-pack","Heated"
"TEC-CAN-10004291","HTP-VAR-250459","Heated Tobacco","Heat-not-burn","Core","Multi-pack","Heated"
"TEC-CAN-10004354","HTP-VAR-802154","Heated Tobacco","Heat-not-burn","Value","Multi-pack","Heated"
"TEC-CAN-10004556","HTP-VAR-495458","Heated Tobacco","Heat-not-burn","Value","20-pack","Heated"
"TEC-CAN-10004697","HTP-VAR-852243","Heated Tobacco","Heat-not-burn","Premium","30-pack","Heated"
"TEC-CAN-10004839","HTP-VAR-519707","Heated Tobacco","Heat-not-burn","Value","20-pack","Heated"
"TEC-CAN-10004913","HTP-VAR-672245","Heated Tobacco","Heat-not-burn","Value","30-pack","Heated"
"TEC-CIS-10000351","HTP-VAR-558028","Heated Tobacco","Heat-not-burn","Core","30-pack","Heated"
"TEC-CIS-10000436","HTP-VAR-704100","Heated Tobacco","Heat-not-burn","Premium","30-pack","Heated"
"TEC-CIS-10000758","HTP-VAR-891971","Heated Tobacco","Heat-not-burn","Value","30-pack","Heated"
"TEC-CIS-10000791","HTP-VAR-865476","Heated Tobacco","Heat-not-burn","Premium","30-pack","Heated"
"TEC-CIS-10001122","HTP-VAR-268858","Heated Tobacco","Heat-not-burn","Core","10-pack","Heated"
"TEC-CIS-10001661","HTP-VAR-480648","Heated Tobacco","Heat-not-burn","Premium","Multi-pack","Heated"
"TEC-CIS-10001717","HTP-VAR-405579","Heated Tobacco","Heat-not-burn","Premium","30-pack","Heated"
"TEC-CIS-10001767","HTP-VAR-791815","Heated Tobacco","Heat-not-burn","Core","20-pack","Heated"
"TEC-CIS-10001877","HTP-VAR-772305","Heated Tobacco","Heat-not-burn","Premium","20-pack","Heated"
"TEC-CIS-10001938","HTP-VAR-515227","Heated Tobacco","Heat-not-burn","Core","Multi-pack","Heated"
"TEC-CIS-10002153","HTP-VAR-691453","Heated Tobacco","Heat-not-burn","Core","Multi-pack","Heated"
"TEC-CIS-10002259","HTP-VAR-020836","Heated Tobacco","Heat-not-burn","Core","10-pack","Heated"
"TEC-CIS-10002344","HTP-VAR-710699","Heated Tobacco","Heat-not-burn","Value","Multi-pack","Heated"
"TEC-CIS-10002544","HTP-VAR-703123","Heated Tobacco","Heat-not-burn","Core","20-pack","Heated"
"TEC-CIS-10002565","HTP-VAR-652832","Heated Tobacco","Heat-not-burn","Value","20-pack","Heated"
"TEC-CIS-10002598","HTP-VAR-015930","Heated Tobacco","Heat-not-burn","Premium","Multi-pack","Heated"
"TEC-CIS-10002814","HTP-VAR-209694","Heated Tobacco","Heat-not-burn","Premium","Multi-pack","Heated"
"TEC-CIS-10002986","HTP-VAR-406998","Heated Tobacco","Heat-not-burn","Premium","20-pack","Heated"
"TEC-CIS-10003017","HTP-VAR-677116","Heated Tobacco","Heat-not-burn","Core","10-pack","Heated"
"TEC-CIS-10003103","HTP-VAR-782051","Heated Tobacco","Heat-not-burn","Value","Multi-pack","Heated"
"TEC-CIS-10003439","HTP-VAR-020619","Heated Tobacco","Heat-not-burn","Premium","20-pack","Heated"
"TEC-CIS-10003501","HTP-VAR-960367","Heated Tobacco","Heat-not-burn","Core","Multi-pack","Heated"
"TEC-CIS-10003676","HTP-VAR-529151","Heated Tobacco","Heat-not-burn","Value","30-pack","Heated"
"TEC-CIS-10004967","HTP-VAR-699586","Heated Tobacco","Heat-not-burn","Core","20-pack","Heated"
"TEC-CO-10000011","HTP-VAR-717554","Heated Tobacco","Heat-not-burn","Value","20-pack","Heated"
"TEC-CO-10000013","HTP-VAR-376302","Heated Tobacco","Heat-not-burn","Premium","20-pack","Heated"
"TEC-CO-10000043","HTP-VAR-529443","Heated Tobacco","Heat-not-burn","Premium","10-pack","Heated"
"TEC-CO-10000051","HTP-VAR-903503","Heated Tobacco","Heat-not-burn","Value","20-pack","Heated"
"TEC-CO-10000070","HTP-VAR-537768","Heated Tobacco","Heat-not-burn","Premium","20-pack","Heated"
"TEC-CO-10000082","HTP-VAR-321451","Heated Tobacco","Heat-not-burn","Core","30-pack","Heated"
"TEC-CO-10000119","HTP-VAR-789475","Heated Tobacco","Heat-not-burn","Core","10-pack","Heated"
"TEC-CO-10000129","HTP-VAR-392137","Heated Tobacco","Heat-not-burn","Core","Multi-pack","Heated"
"TEC-CO-10000135","HTP-VAR-165281","Heated Tobacco","Heat-not-burn","Value","20-pack","Heated"
"TEC-CO-10000137","HTP-VAR-314762","Heated Tobacco","Heat-not-burn","Value","20-pack","Heated"
"TEC-CO-10000172","HTP-VAR-913587","Heated Tobacco","Heat-not-burn","Premium","30-pack","Heated"
"TEC-CO-10000178","HTP-VAR-809014","Heated Tobacco","Heat-not-burn","Core","10-pack","Heated"
"TEC-CO-10000208","HTP-VAR-199425","Heated Tobacco","Heat-not-burn","Premium","30-pack","Heated"
"TEC-CO-10000222","HTP-VAR-079500","Heated Tobacco","Heat-not-burn","Premium","30-pack","Heated"
"TEC-CO-10000228","HTP-VAR-937555","Heated Tobacco","Heat-not-burn","Core","10-pack","Heated"
"TEC-CO-10000243","HTP-VAR-525518","Heated Tobacco","Heat-not-burn","Value","30-pack","Heated"
"TEC-CO-10000259","HTP-VAR-218044","Heated Tobacco","Heat-not-burn","Core","20-pack","Heated"
"TEC-CO-10000262","HTP-VAR-227899","Heated Tobacco","Heat-not-burn","Core","30-pack","Heated"
"TEC-CO-10000263","HTP-VAR-739255","Heated Tobacco","Heat-not-burn","Core","10-pack","Heated"
"TEC-CO-10000266","HTP-VAR-307647","Heated Tobacco","Heat-not-burn","Premium","Multi-pack","Heated"
"TEC-CO-10000269","HTP-VAR-970091","Heated Tobacco","Heat-not-burn","Value","30-pack","Heated"
"TEC-CO-10000270","HTP-VAR-166983","Heated Tobacco","Heat-not-burn","Premium","Multi-pack","Heated"
"TEC-CO-10000279","HTP-VAR-806671","Heated Tobacco","Heat-not-burn","Core","Multi-pack","Heated"
"TEC-CO-10000296","HTP-VAR-813080","Heated Tobacco","Heat-not-burn","Value","10-pack","Heated"
"TEC-CO-10000338","HTP-VAR-901045","Heated Tobacco","Heat-not-burn","Core","30-pack","Heated"
"TEC-CO-10000344","HTP-VAR-713077","Heated Tobacco","Heat-not-burn","Core","30-pack","Heated"
"TEC-CO-10000372","HTP-VAR-241293","Heated Tobacco","Heat-not-burn","Premium","10-pack","Heated"
"TEC-CO-10000387","HTP-VAR-270352","Heated Tobacco","Heat-not-burn","Core","10-pack","Heated"
"TEC-CO-10000388","HTP-VAR-233080","Heated Tobacco","Heat-not-burn","Core","20-pack","Heated"
"TEC-CO-10000395","HTP-VAR-113888","Heated Tobacco","Heat-not-burn","Value","20-pack","Heated"
"TEC-CO-10000405","HTP-VAR-529296","Heated Tobacco","Heat-not-burn","Premium","20-pack","Heated"
"TEC-CO-10000407","HTP-VAR-030793","Heated Tobacco","Heat-not-burn","Core","20-pack","Heated"
"TEC-CO-10000415","HTP-VAR-365483","Heated Tobacco","Heat-not-burn","Value","10-pack","Heated"
"TEC-CO-10000422","HTP-VAR-606686","Heated Tobacco","Heat-not-burn","Value","10-pack","Heated"
"TEC-CO-10000427","HTP-VAR-917312","Heated Tobacco","Heat-not-burn","Value","Multi-pack","Heated"
"TEC-CO-10000447","HTP-VAR-369762","Heated Tobacco","Heat-not-burn","Premium","20-pack","Heated"
"TEC-CO-10000452","HTP-VAR-679625","Heated Tobacco","Heat-not-burn","Value","Multi-pack","Heated"
"TEC-CO-10000500","HTP-VAR-513528","Heated Tobacco","Heat-not-burn","Premium","20-pack","Heated"
"TEC-CO-10000534","HTP-VAR-481748","Heated Tobacco","Heat-not-burn","Value","Multi-pack","Heated"
"TEC-CO-10000556","HTP-VAR-555949","Heated Tobacco","Heat-not-burn","Core","20-pack","Heated"
"TEC-CO-10000560","HTP-VAR-587997","Heated Tobacco","Heat-not-burn","Premium","Multi-pack","Heated"
"TEC-CO-10000562","HTP-VAR-733487","Heated Tobacco","Heat-not-burn","Value","Multi-pack","Heated"
"TEC-CO-10000565","HTP-VAR-123654","Heated Tobacco","Heat-not-burn","Premium","10-pack","Heated"
"TEC-CO-10000594","HTP-VAR-657067","Heated Tobacco","Heat-not-burn","Core","20-pack","Heated"
"TEC-CO-10000601","HTP-VAR-583548","Heated Tobacco","Heat-not-burn","Premium","30-pack","Heated"
"TEC-CO-10000620","HTP-VAR-274666","Heated Tobacco","Heat-not-burn","Core","30-pack","Heated"
"TEC-CO-10000660","HTP-VAR-274863","Heated Tobacco","Heat-not-burn","Premium","30-pack","Heated"
"TEC-CO-10000663","HTP-VAR-350576","Heated Tobacco","Heat-not-burn","Value","10-pack","Heated"
"TEC-CO-10000666","HTP-VAR-788734","Heated Tobacco","Heat-not-burn","Core","Multi-pack","Heated"
"TEC-CO-10000679","HTP-VAR-753613","Heated Tobacco","Heat-not-burn","Core","Multi-pack","Heated"
"TEC-CO-10000764","HTP-VAR-451120","Heated Tobacco","Heat-not-burn","Core","10-pack","Heated"
"TEC-CO-10000771","HTP-VAR-622465","Heated Tobacco","Heat-not-burn","Core","30-pack","Heated"
"TEC-CO-10000775","HTP-VAR-741650","Heated Tobacco","Heat-not-burn","Value","Multi-pack","Heated"
"TEC-CO-10000777","HTP-VAR-136777","Heated Tobacco","Heat-not-burn","Core","Multi-pack","Heated"
"TEC-CO-10000778","HTP-VAR-317507","Heated Tobacco","Heat-not-burn","Value","30-pack","Heated"
"TEC-CO-10000786","HTP-VAR-796274","Heated Tobacco","Heat-not-burn","Value","30-pack","Heated"
"TEC-CO-10000791","HTP-VAR-939868","Heated Tobacco","Heat-not-burn","Core","10-pack","Heated"
"TEC-CO-10000794","HTP-VAR-207616","Heated Tobacco","Heat-not-burn","Core","Multi-pack","Heated"
"TEC-CO-10000821","HTP-VAR-748164","Heated Tobacco","Heat-not-burn","Premium","30-pack","Heated"
"TEC-CO-10000825","HTP-VAR-245004","Heated Tobacco","Heat-not-burn","Premium","Multi-pack","Heated"
"TEC-CO-10000847","HTP-VAR-374331","Heated Tobacco","Heat-not-burn","Premium","20-pack","Heated"
"TEC-CO-10000854","HTP-VAR-785816","Heated Tobacco","Heat-not-burn","Value","30-pack","Heated"
"TEC-CO-10000865","HTP-VAR-976319","Heated Tobacco","Heat-not-burn","Value","Multi-pack","Heated"
"TEC-CO-10000887","HTP-VAR-374125","Heated Tobacco","Heat-not-burn","Core","20-pack","Heated"
"TEC-CO-10000915","HTP-VAR-950528","Heated Tobacco","Heat-not-burn","Value","Multi-pack","Heated"
"TEC-CO-10000917","HTP-VAR-730553","Heated Tobacco","Heat-not-burn","Value","Multi-pack","Heated"
"TEC-CO-10000953","HTP-VAR-890036","Heated Tobacco","Heat-not-burn","Value","30-pack","Heated"
"TEC-CO-10000956","HTP-VAR-477660","Heated Tobacco","Heat-not-burn","Premium","20-pack","Heated"
"TEC-CO-10000961","HTP-VAR-657841","Heated Tobacco","Heat-not-burn","Core","20-pack","Heated"
"TEC-CO-10000967","HTP-VAR-855640","Heated Tobacco","Heat-not-burn","Core","10-pack","Heated"
"TEC-CO-10000971","HTP-VAR-725010","Heated Tobacco","Heat-not-burn","Premium","10-pack","Heated"
"TEC-CO-10000972","HTP-VAR-279366","Heated Tobacco","Heat-not-burn","Premium","30-pack","Heated"
"TEC-CO-10001001","HTP-VAR-545486","Heated Tobacco","Heat-not-burn","Value","20-pack","Heated"
"TEC-CO-10001008","HTP-VAR-806766","Heated Tobacco","Heat-not-burn","Premium","20-pack","Heated"
"TEC-CO-10001037","HTP-VAR-257939","Heated Tobacco","Heat-not-burn","Value","Multi-pack","Heated"
"TEC-CO-10001040","HTP-VAR-749046","Heated Tobacco","Heat-not-burn","Premium","Multi-pack","Heated"
"TEC-CO-10001042","HTP-VAR-117262","Heated Tobacco","Heat-not-burn","Core","Multi-pack","Heated"
"TEC-CO-10001046","HTP-VAR-080320","Heated Tobacco","Heat-not-burn","Core","30-pack","Heated"
"TEC-CO-10001087","HTP-VAR-569430","Heated Tobacco","Heat-not-burn","Premium","10-pack","Heated"
"TEC-CO-10001093","HTP-VAR-937724","Heated Tobacco","Heat-not-burn","Value","10-pack","Heated"
"TEC-CO-10001142","HTP-VAR-319220","Heated Tobacco","Heat-not-burn","Value","10-pack","Heated"
"TEC-CO-10001145","HTP-VAR-455875","Heated Tobacco","Heat-not-burn","Core","Multi-pack","Heated"
"TEC-CO-10001157","HTP-VAR-939636","Heated Tobacco","Heat-not-burn","Premium","30-pack","Heated"
"TEC-CO-10001162","HTP-VAR-349031","Heated Tobacco","Heat-not-burn","Value","30-pack","Heated"
"TEC-CO-10001166","HTP-VAR-590090","Heated Tobacco","Heat-not-burn","Value","Multi-pack","Heated"
"TEC-CO-10001177","HTP-VAR-902571","Heated Tobacco","Heat-not-burn","Premium","10-pack","Heated"
"TEC-CO-10001191","HTP-VAR-736058","Heated Tobacco","Heat-not-burn","Value","Multi-pack","Heated"
"TEC-CO-10001192","HTP-VAR-686229","Heated Tobacco","Heat-not-burn","Premium","20-pack","Heated"
"TEC-CO-10001196","HTP-VAR-419334","Heated Tobacco","Heat-not-burn","Premium","10-pack","Heated"
"TEC-CO-10001204","HTP-VAR-839873","Heated Tobacco","Heat-not-burn","Value","10-pack","Heated"
"TEC-CO-10001221","HTP-VAR-560468","Heated Tobacco","Heat-not-burn","Value","20-pack","Heated"
"TEC-CO-10001222","HTP-VAR-003196","Heated Tobacco","Heat-not-burn","Core","Multi-pack","Heated"
"TEC-CO-10001234","HTP-VAR-424405","Heated Tobacco","Heat-not-burn","Core","Multi-pack","Heated"
"TEC-CO-10001264","HTP-VAR-420942","Heated Tobacco","Heat-not-burn","Premium","30-pack","Heated"
"TEC-CO-10001271","HTP-VAR-285627","Heated Tobacco","Heat-not-burn","Premium","10-pack","Heated"
"TEC-CO-10001275","HTP-VAR-596201","Heated Tobacco","Heat-not-burn","Value","20-pack","Heated"
"TEC-CO-10001301","HTP-VAR-053555","Heated Tobacco","Heat-not-burn","Value","10-pack","Heated"
"TEC-CO-10001309","HTP-VAR-750003","Heated Tobacco","Heat-not-burn","Premium","30-pack","Heated"
"TEC-CO-10001317","HTP-VAR-954542","Heated Tobacco","Heat-not-burn","Value","10-pack","Heated"
"TEC-CO-10001342","HTP-VAR-434346","Heated Tobacco","Heat-not-burn","Premium","30-pack","Heated"
"TEC-CO-10001343","HTP-VAR-407397","Heated Tobacco","Heat-not-burn","Premium","10-pack","Heated"
"TEC-CO-10001352","HTP-VAR-282794","Heated Tobacco","Heat-not-burn","Value","Multi-pack","Heated"
"TEC-CO-10001371","HTP-VAR-189725","Heated Tobacco","Heat-not-burn","Value","Multi-pack","Heated"
"TEC-CO-10001375","HTP-VAR-633346","Heated Tobacco","Heat-not-burn","Core","30-pack","Heated"
"TEC-CO-10001382","HTP-VAR-557980","Heated Tobacco","Heat-not-burn","Core","30-pack","Heated"
"TEC-CO-10001391","HTP-VAR-150838","Heated Tobacco","Heat-not-burn","Core","20-pack","Heated"
"TEC-CO-10001407","HTP-VAR-130204","Heated Tobacco","Heat-not-burn","Core","10-pack","Heated"
"TEC-CO-10001410","HTP-VAR-639219","Heated Tobacco","Heat-not-burn","Premium","30-pack","Heated"
"TEC-CO-10001413","HTP-VAR-641251","Heated Tobacco","Heat-not-burn","Core","10-pack","Heated"
"TEC-CO-10001419","HTP-VAR-581435","Heated Tobacco","Heat-not-burn","Value","30-pack","Heated"
"TEC-CO-10001425","HTP-VAR-383781","Heated Tobacco","Heat-not-burn","Premium","30-pack","Heated"
"TEC-CO-10001445","HTP-VAR-320255","Heated Tobacco","Heat-not-burn","Value","10-pack","Heated"
"TEC-CO-10001449","HTP-VAR-216599","Heated Tobacco","Heat-not-burn","Value","Multi-pack","Heated"
"TEC-CO-10001450","HTP-VAR-016824","Heated Tobacco","Heat-not-burn","Premium","30-pack","Heated"
"TEC-CO-10001468","HTP-VAR-840497","Heated Tobacco","Heat-not-burn","Value","Multi-pack","Heated"
"TEC-CO-10001472","HTP-VAR-658710","Heated Tobacco","Heat-not-burn","Premium","10-pack","Heated"
"TEC-CO-10001482","HTP-VAR-307370","Heated Tobacco","Heat-not-burn","Value","Multi-pack","Heated"
"TEC-CO-10001487","HTP-VAR-294010","Heated Tobacco","Heat-not-burn","Core","10-pack","Heated"
"TEC-CO-10001501","HTP-VAR-480329","Heated Tobacco","Heat-not-burn","Value","30-pack","Heated"
"TEC-CO-10001523","HTP-VAR-461626","Heated Tobacco","Heat-not-burn","Core","10-pack","Heated"
"TEC-CO-10001531","HTP-VAR-262338","Heated Tobacco","Heat-not-burn","Premium","20-pack","Heated"
"TEC-CO-10001560","HTP-VAR-888885","Heated Tobacco","Heat-not-burn","Premium","30-pack","Heated"
"TEC-CO-10001567","HTP-VAR-067174","Heated Tobacco","Heat-not-burn","Core","20-pack","Heated"
"TEC-CO-10001571","HTP-VAR-954933","Heated Tobacco","Heat-not-burn","Premium","20-pack","Heated"
"TEC-CO-10001580","HTP-VAR-250575","Heated Tobacco","Heat-not-burn","Premium","10-pack","Heated"
"TEC-CO-10001589","HTP-VAR-909330","Heated Tobacco","Heat-not-burn","Premium","10-pack","Heated"
"TEC-CO-10001595","HTP-VAR-712047","Heated Tobacco","Heat-not-burn","Premium","30-pack","Heated"
"TEC-CO-10001596","HTP-VAR-629194","Heated Tobacco","Heat-not-burn","Core","10-pack","Heated"
"TEC-CO-10001626","HTP-VAR-191925","Heated Tobacco","Heat-not-burn","Premium","30-pack","Heated"
"TEC-CO-10001628","HTP-VAR-486014","Heated Tobacco","Heat-not-burn","Value","20-pack","Heated"
"TEC-CO-10001629","HTP-VAR-063300","Heated Tobacco","Heat-not-burn","Premium","Multi-pack","Heated"
"TEC-CO-10001630","HTP-VAR-805274","Heated Tobacco","Heat-not-burn","Value","30-pack","Heated"
"TEC-CO-10001633","HTP-VAR-389376","Heated Tobacco","Heat-not-burn","Premium","10-pack","Heated"
"TEC-CO-10001654","HTP-VAR-391477","Heated Tobacco","Heat-not-burn","Core","20-pack","Heated"
"TEC-CO-10001674","HTP-VAR-519753","Heated Tobacco","Heat-not-burn","Premium","Multi-pack","Heated"
"TEC-CO-10001678","HTP-VAR-691891","Heated Tobacco","Heat-not-burn","Core","10-pack","Heated"
"TEC-CO-10001703","HTP-VAR-121809","Heated Tobacco","Heat-not-burn","Premium","10-pack","Heated"
"TEC-CO-10001725","HTP-VAR-440977","Heated Tobacco","Heat-not-burn","Core","Multi-pack","Heated"
"TEC-CO-10001726","HTP-VAR-329395","Heated Tobacco","Heat-not-burn","Core","20-pack","Heated"
"TEC-CO-10001741","HTP-VAR-871791","Heated Tobacco","Heat-not-burn","Premium","10-pack","Heated"
"TEC-CO-10001742","HTP-VAR-350240","Heated Tobacco","Heat-not-burn","Value","30-pack","Heated"
"TEC-CO-10001756","HTP-VAR-424035","Heated Tobacco","Heat-not-burn","Premium","30-pack","Heated"
"TEC-CO-10001766","HTP-VAR-302541","Heated Tobacco","Heat-not-burn","Premium","20-pack","Heated"
"TEC-CO-10001775","HTP-VAR-628753","Heated Tobacco","Heat-not-burn","Core","30-pack","Heated"
"TEC-CO-10001787","HTP-VAR-892957","Heated Tobacco","Heat-not-burn","Core","20-pack","Heated"
"TEC-CO-10001795","HTP-VAR-571698","Heated Tobacco","Heat-not-burn","Premium","10-pack","Heated"
"TEC-CO-10001818","HTP-VAR-109753","Heated Tobacco","Heat-not-burn","Core","10-pack","Heated"
"TEC-CO-10001824","HTP-VAR-273166","Heated Tobacco","Heat-not-burn","Core","10-pack","Heated"
"TEC-CO-10001831","HTP-VAR-345481","Heated Tobacco","Heat-not-burn","Core","30-pack","Heated"
"TEC-CO-10001839","HTP-VAR-993029","Heated Tobacco","Heat-not-burn","Value","10-pack","Heated"
"TEC-CO-10001846","HTP-VAR-071166","Heated Tobacco","Heat-not-burn","Premium","30-pack","Heated"
"TEC-CO-10001864","HTP-VAR-597736","Heated Tobacco","Heat-not-burn","Core","10-pack","Heated"
"TEC-CO-10001869","HTP-VAR-957708","Heated Tobacco","Heat-not-burn","Premium","20-pack","Heated"
"TEC-CO-10001893","HTP-VAR-146689","Heated Tobacco","Heat-not-burn","Core","10-pack","Heated"
"TEC-CO-10001894","HTP-VAR-657377","Heated Tobacco","Heat-not-burn","Value","Multi-pack","Heated"
"TEC-CO-10001895","HTP-VAR-008114","Heated Tobacco","Heat-not-burn","Value","20-pack","Heated"
"TEC-CO-10001919","HTP-VAR-214414","Heated Tobacco","Heat-not-burn","Core","20-pack","Heated"
"TEC-CO-10001926","HTP-VAR-142480","Heated Tobacco","Heat-not-burn","Core","Multi-pack","Heated"
"TEC-CO-10001933","HTP-VAR-072971","Heated Tobacco","Heat-not-burn","Value","20-pack","Heated"
"TEC-CO-10001937","HTP-VAR-611490","Heated Tobacco","Heat-not-burn","Premium","10-pack","Heated"
"TEC-CO-10001943","HTP-VAR-313482","Heated Tobacco","Heat-not-burn","Premium","30-pack","Heated"
"TEC-CO-10001952","HTP-VAR-269748","Heated Tobacco","Heat-not-burn","Premium","20-pack","Heated"
"TEC-CO-10001954","HTP-VAR-016951","Heated Tobacco","Heat-not-burn","Core","10-pack","Heated"
"TEC-CO-10001968","HTP-VAR-584717","Heated Tobacco","Heat-not-burn","Value","10-pack","Heated"
"TEC-CO-10001978","HTP-VAR-088591","Heated Tobacco","Heat-not-burn","Core","20-pack","Heated"
"TEC-CO-10002009","HTP-VAR-395555","Heated Tobacco","Heat-not-burn","Value","20-pack","Heated"
"TEC-CO-10002035","HTP-VAR-101150","Heated Tobacco","Heat-not-burn","Value","20-pack","Heated"
"TEC-CO-10002040","HTP-VAR-594798","Heated Tobacco","Heat-not-burn","Premium","20-pack","Heated"
"TEC-CO-10002043","HTP-VAR-990543","Heated Tobacco","Heat-not-burn","Premium","Multi-pack","Heated"
"TEC-CO-10002055","HTP-VAR-006658","Heated Tobacco","Heat-not-burn","Core","Multi-pack","Heated"
"TEC-CO-10002057","HTP-VAR-703396","Heated Tobacco","Heat-not-burn","Core","Multi-pack","Heated"
"TEC-CO-10002062","HTP-VAR-261331","Heated Tobacco","Heat-not-burn","Core","Multi-pack","Heated"
"TEC-CO-10002063","HTP-VAR-936838","Heated Tobacco","Heat-not-burn","Core","20-pack","Heated"
"TEC-CO-10002065","HTP-VAR-850596","Heated Tobacco","Heat-not-burn","Premium","10-pack","Heated"
"TEC-CO-10002083","HTP-VAR-560946","Heated Tobacco","Heat-not-burn","Premium","Multi-pack","Heated"
"TEC-CO-10002089","HTP-VAR-042085","Heated Tobacco","Heat-not-burn","Core","20-pack","Heated"
"TEC-CO-10002095","HTP-VAR-585067","Heated Tobacco","Heat-not-burn","Core","Multi-pack","Heated"
"TEC-CO-10002108","HTP-VAR-241948","Heated Tobacco","Heat-not-burn","Core","10-pack","Heated"
"TEC-CO-10002110","HTP-VAR-701561","Heated Tobacco","Heat-not-burn","Value","Multi-pack","Heated"
"TEC-CO-10002113","HTP-VAR-912977","Heated Tobacco","Heat-not-burn","Value","20-pack","Heated"
"TEC-CO-10002119","HTP-VAR-810476","Heated Tobacco","Heat-not-burn","Value","Multi-pack","Heated"
"TEC-CO-10002122","HTP-VAR-097414","Heated Tobacco","Heat-not-burn","Core","10-pack","Heated"
"TEC-CO-10002150","HTP-VAR-487114","Heated Tobacco","Heat-not-burn","Core","Multi-pack","Heated"
"TEC-CO-10002157","HTP-VAR-239248","Heated Tobacco","Heat-not-burn","Core","10-pack","Heated"
"TEC-CO-10002174","HTP-VAR-398020","Heated Tobacco","Heat-not-burn","Core","10-pack","Heated"
"TEC-CO-10002197","HTP-VAR-052661","Heated Tobacco","Heat-not-burn","Value","10-pack","Heated"
"TEC-CO-10002201","HTP-VAR-058505","Heated Tobacco","Heat-not-burn","Value","20-pack","Heated"
"TEC-CO-10002232","HTP-VAR-151314","Heated Tobacco","Heat-not-burn","Premium","10-pack","Heated"
"TEC-CO-10002240","HTP-VAR-328062","Heated Tobacco","Heat-not-burn","Premium","Multi-pack","Heated"
"TEC-CO-10002242","HTP-VAR-646613","Heated Tobacco","Heat-not-burn","Value","Multi-pack","Heated"
"TEC-CO-10002244","HTP-VAR-657330","Heated Tobacco","Heat-not-burn","Premium","30-pack","Heated"
"TEC-CO-10002269","HTP-VAR-561741","Heated Tobacco","Heat-not-burn","Premium","20-pack","Heated"
"TEC-CO-10002271","HTP-VAR-663629","Heated Tobacco","Heat-not-burn","Value","30-pack","Heated"
"TEC-CO-10002283","HTP-VAR-035062","Heated Tobacco","Heat-not-burn","Core","20-pack","Heated"
"TEC-CO-10002284","HTP-VAR-856731","Heated Tobacco","Heat-not-burn","Premium","30-pack","Heated"
"TEC-CO-10002313","HTP-VAR-296897","Heated Tobacco","Heat-not-burn","Value","Multi-pack","Heated"
"TEC-CO-10002316","HTP-VAR-280935","Heated Tobacco","Heat-not-burn","Premium","10-pack","Heated"
"TEC-CO-10002323","HTP-VAR-866125","Heated Tobacco","Heat-not-burn","Core","10-pack","Heated"
"TEC-CO-10002326","HTP-VAR-937220","Heated Tobacco","Heat-not-burn","Value","Multi-pack","Heated"
"TEC-CO-10002350","HTP-VAR-956462","Heated Tobacco","Heat-not-burn","Value","20-pack","Heated"
"TEC-CO-10002376","HTP-VAR-880581","Heated Tobacco","Heat-not-burn","Premium","30-pack","Heated"
"TEC-CO-10002379","HTP-VAR-575891","Heated Tobacco","Heat-not-burn","Value","Multi-pack","Heated"
"TEC-CO-10002380","HTP-VAR-642881","Heated Tobacco","Heat-not-burn","Value","10-pack","Heated"
"TEC-CO-10002381","HTP-VAR-215421","Heated Tobacco","Heat-not-burn","Premium","30-pack","Heated"
"TEC-CO-10002404","HTP-VAR-422368","Heated Tobacco","Heat-not-burn","Core","10-pack","Heated"
"TEC-CO-10002423","HTP-VAR-378890","Heated Tobacco","Heat-not-burn","Value","20-pack","Heated"
"TEC-CO-10002427","HTP-VAR-475625","Heated Tobacco","Heat-not-burn","Value","10-pack","Heated"
"TEC-CO-10002434","HTP-VAR-915313","Heated Tobacco","Heat-not-burn","Core","Multi-pack","Heated"
"TEC-CO-10002465","HTP-VAR-335868","Heated Tobacco","Heat-not-burn","Premium","10-pack","Heated"
"TEC-CO-10002466","HTP-VAR-299804","Heated Tobacco","Heat-not-burn","Value","30-pack","Heated"
"TEC-CO-10002467","HTP-VAR-516232","Heated Tobacco","Heat-not-burn","Core","10-pack","Heated"
"TEC-CO-10002493","HTP-VAR-212397","Heated Tobacco","Heat-not-burn","Premium","30-pack","Heated"
"TEC-CO-10002504","HTP-VAR-159420","Heated Tobacco","Heat-not-burn","Premium","Multi-pack","Heated"
"TEC-CO-10002523","HTP-VAR-414939","Heated Tobacco","Heat-not-burn","Premium","30-pack","Heated"
"TEC-CO-10002526","HTP-VAR-480205","Heated Tobacco","Heat-not-burn","Core","20-pack","Heated"
"TEC-CO-10002538","HTP-VAR-209125","Heated Tobacco","Heat-not-burn","Core","Multi-pack","Heated"
"TEC-CO-10002550","HTP-VAR-273749","Heated Tobacco","Heat-not-burn","Value","Multi-pack","Heated"
"TEC-CO-10002567","HTP-VAR-997857","Heated Tobacco","Heat-not-burn","Premium","Multi-pack","Heated"
"TEC-CO-10002571","HTP-VAR-727424","Heated Tobacco","Heat-not-burn","Value","Multi-pack","Heated"
"TEC-CO-10002578","HTP-VAR-111807","Heated Tobacco","Heat-not-burn","Premium","Multi-pack","Heated"
"TEC-CO-10002583","HTP-VAR-397064","Heated Tobacco","Heat-not-burn","Value","10-pack","Heated"
"TEC-CO-10002586","HTP-VAR-325664","Heated Tobacco","Heat-not-burn","Value","Multi-pack","Heated"
"TEC-CO-10002587","HTP-VAR-663130","Heated Tobacco","Heat-not-burn","Core","20-pack","Heated"
"TEC-CO-10002601","HTP-VAR-865347","Heated Tobacco","Heat-not-burn","Premium","20-pack","Heated"
"TEC-CO-10002617","HTP-VAR-649945","Heated Tobacco","Heat-not-burn","Core","20-pack","Heated"
"TEC-CO-10002657","HTP-VAR-258669","Heated Tobacco","Heat-not-burn","Premium","20-pack","Heated"
"TEC-CO-10002658","HTP-VAR-801200","Heated Tobacco","Heat-not-burn","Value","10-pack","Heated"
"TEC-CO-10002659","HTP-VAR-765010","Heated Tobacco","Heat-not-burn","Core","30-pack","Heated"
"TEC-CO-10002663","HTP-VAR-264301","Heated Tobacco","Heat-not-burn","Core","Multi-pack","Heated"
"TEC-CO-10002673","HTP-VAR-077411","Heated Tobacco","Heat-not-burn","Value","30-pack","Heated"
"TEC-CO-10002674","HTP-VAR-986879","Heated Tobacco","Heat-not-burn","Value","20-pack","Heated"
"TEC-CO-10002678","HTP-VAR-162857","Heated Tobacco","Heat-not-burn","Value","30-pack","Heated"
"TEC-CO-10002681","HTP-VAR-396295","Heated Tobacco","Heat-not-burn","Core","20-pack","Heated"
"TEC-CO-10002686","HTP-VAR-401178","Heated Tobacco","Heat-not-burn","Premium","30-pack","Heated"
"TEC-CO-10002696","HTP-VAR-723805","Heated Tobacco","Heat-not-burn","Core","Multi-pack","Heated"
"TEC-CO-10002697","HTP-VAR-197827","Heated Tobacco","Heat-not-burn","Core","20-pack","Heated"
"TEC-CO-10002700","HTP-VAR-779697","Heated Tobacco","Heat-not-burn","Premium","10-pack","Heated"
"TEC-CO-10002759","HTP-VAR-822665","Heated Tobacco","Heat-not-burn","Value","20-pack","Heated"
"TEC-CO-10002768","HTP-VAR-845561","Heated Tobacco","Heat-not-burn","Value","10-pack","Heated"
"TEC-CO-10002769","HTP-VAR-752183","Heated Tobacco","Heat-not-burn","Value","30-pack","Heated"
"TEC-CO-10002788","HTP-VAR-322367","Heated Tobacco","Heat-not-burn","Value","30-pack","Heated"
"TEC-CO-10002796","HTP-VAR-075307","Heated Tobacco","Heat-not-burn","Core","10-pack","Heated"
"TEC-CO-10002812","HTP-VAR-203300","Heated Tobacco","Heat-not-burn","Value","10-pack","Heated"
"TEC-CO-10002817","HTP-VAR-348369","Heated Tobacco","Heat-not-burn","Premium","Multi-pack","Heated"
"TEC-CO-10002857","HTP-VAR-478821","Heated Tobacco","Heat-not-burn","Premium","Multi-pack","Heated"
"TEC-CO-10002872","HTP-VAR-750018","Heated Tobacco","Heat-not-burn","Premium","30-pack","Heated"
"TEC-CO-10002911","HTP-VAR-758181","Heated Tobacco","Heat-not-burn","Premium","20-pack","Heated"
"TEC-CO-10002916","HTP-VAR-554855","Heated Tobacco","Heat-not-burn","Value","30-pack","Heated"
"TEC-CO-10002937","HTP-VAR-832818","Heated Tobacco","Heat-not-burn","Premium","30-pack","Heated"
"TEC-CO-10002962","HTP-VAR-270392","Heated Tobacco","Heat-not-burn","Value","10-pack","Heated"
"TEC-CO-10002981","HTP-VAR-842518","Heated Tobacco","Heat-not-burn","Core","10-pack","Heated"
"TEC-CO-10002998","HTP-VAR-838151","Heated Tobacco","Heat-not-burn","Value","20-pack","Heated"
"TEC-CO-10003002","HTP-VAR-913345","Heated Tobacco","Heat-not-burn","Core","10-pack","Heated"
"TEC-CO-10003007","HTP-VAR-605204","Heated Tobacco","Heat-not-burn","Value","Multi-pack","Heated"
"TEC-CO-10003017","HTP-VAR-678712","Heated Tobacco","Heat-not-burn","Core","30-pack","Heated"
"TEC-CO-10003019","HTP-VAR-502851","Heated Tobacco","Heat-not-burn","Premium","20-pack","Heated"
"TEC-CO-10003048","HTP-VAR-033235","Heated Tobacco","Heat-not-burn","Core","30-pack","Heated"
"TEC-CO-10003083","HTP-VAR-981014","Heated Tobacco","Heat-not-burn","Value","30-pack","Heated"
"TEC-CO-10003087","HTP-VAR-176326","Heated Tobacco","Heat-not-burn","Core","Multi-pack","Heated"
"TEC-CO-10003102","HTP-VAR-730797","Heated Tobacco","Heat-not-burn","Premium","Multi-pack","Heated"
"TEC-CO-10003113","HTP-VAR-200576","Heated Tobacco","Heat-not-burn","Value","10-pack","Heated"
"TEC-CO-10003124","HTP-VAR-347093","Heated Tobacco","Heat-not-burn","Value","10-pack","Heated"
"TEC-CO-10003135","HTP-VAR-353645","Heated Tobacco","Heat-not-burn","Value","Multi-pack","Heated"
"TEC-CO-10003142","HTP-VAR-568271","Heated Tobacco","Heat-not-burn","Value","Multi-pack","Heated"
"TEC-CO-10003158","HTP-VAR-759089","Heated Tobacco","Heat-not-burn","Value","10-pack","Heated"
"TEC-CO-10003160","HTP-VAR-358399","Heated Tobacco","Heat-not-burn","Core","20-pack","Heated"
"TEC-CO-10003166","HTP-VAR-079519","Heated Tobacco","Heat-not-burn","Core","10-pack","Heated"
"TEC-CO-10003204","HTP-VAR-333470","Heated Tobacco","Heat-not-burn","Value","Multi-pack","Heated"
"TEC-CO-10003212","HTP-VAR-061378","Heated Tobacco","Heat-not-burn","Core","Multi-pack","Heated"
"TEC-CO-10003217","HTP-VAR-052145","Heated Tobacco","Heat-not-burn","Value","10-pack","Heated"
"TEC-CO-10003226","HTP-VAR-448899","Heated Tobacco","Heat-not-burn","Premium","20-pack","Heated"
"TEC-CO-10003228","HTP-VAR-760387","Heated Tobacco","Heat-not-burn","Core","30-pack","Heated"
"TEC-CO-10003236","HTP-VAR-556453","Heated Tobacco","Heat-not-burn","Core","10-pack","Heated"
"TEC-CO-10003250","HTP-VAR-765346","Heated Tobacco","Heat-not-burn","Core","Multi-pack","Heated"
"TEC-CO-10003262","HTP-VAR-232046","Heated Tobacco","Heat-not-burn","Value","10-pack","Heated"
"TEC-CO-10003268","HTP-VAR-755220","Heated Tobacco","Heat-not-burn","Premium","30-pack","Heated"
"TEC-CO-10003298","HTP-VAR-000895","Heated Tobacco","Heat-not-burn","Core","20-pack","Heated"
"TEC-CO-10003307","HTP-VAR-677614","Heated Tobacco","Heat-not-burn","Core","30-pack","Heated"
"TEC-CO-10003318","HTP-VAR-370819","Heated Tobacco","Heat-not-burn","Core","30-pack","Heated"
"TEC-CO-10003342","HTP-VAR-607214","Heated Tobacco","Heat-not-burn","Value","20-pack","Heated"
"TEC-CO-10003346","HTP-VAR-654201","Heated Tobacco","Heat-not-burn","Premium","10-pack","Heated"
"TEC-CO-10003349","HTP-VAR-449224","Heated Tobacco","Heat-not-burn","Core","20-pack","Heated"
"TEC-CO-10003353","HTP-VAR-194881","Heated Tobacco","Heat-not-burn","Core","30-pack","Heated"
"TEC-CO-10003354","HTP-VAR-966665","Heated Tobacco","Heat-not-burn","Value","20-pack","Heated"
"TEC-CO-10003362","HTP-VAR-418672","Heated Tobacco","Heat-not-burn","Core","Multi-pack","Heated"
"TEC-CO-10003370","HTP-VAR-889598","Heated Tobacco","Heat-not-burn","Value","30-pack","Heated"
"TEC-CO-10003393","HTP-VAR-348937","Heated Tobacco","Heat-not-burn","Core","30-pack","Heated"
"TEC-CO-10003406","HTP-VAR-860544","Heated Tobacco","Heat-not-burn","Premium","20-pack","Heated"
"TEC-CO-10003410","HTP-VAR-827345","Heated Tobacco","Heat-not-burn","Value","20-pack","Heated"
"TEC-CO-10003420","HTP-VAR-507821","Heated Tobacco","Heat-not-burn","Value","30-pack","Heated"
"TEC-CO-10003448","HTP-VAR-928225","Heated Tobacco","Heat-not-burn","Core","30-pack","Heated"
"TEC-CO-10003471","HTP-VAR-714260","Heated Tobacco","Heat-not-burn","Value","20-pack","Heated"
"TEC-CO-10003474","HTP-VAR-202922","Heated Tobacco","Heat-not-burn","Value","30-pack","Heated"
"TEC-CO-10003496","HTP-VAR-374074","Heated Tobacco","Heat-not-burn","Core","10-pack","Heated"
"TEC-CO-10003506","HTP-VAR-111659","Heated Tobacco","Heat-not-burn","Value","30-pack","Heated"
"TEC-CO-10003516","HTP-VAR-702613","Heated Tobacco","Heat-not-burn","Core","Multi-pack","Heated"
"TEC-CO-10003522","HTP-VAR-017191","Heated Tobacco","Heat-not-burn","Core","20-pack","Heated"
"TEC-CO-10003523","HTP-VAR-854992","Heated Tobacco","Heat-not-burn","Core","Multi-pack","Heated"
"TEC-CO-10003525","HTP-VAR-776549","Heated Tobacco","Heat-not-burn","Value","30-pack","Heated"
"TEC-CO-10003534","HTP-VAR-127398","Heated Tobacco","Heat-not-burn","Premium","20-pack","Heated"
"TEC-CO-10003541","HTP-VAR-416944","Heated Tobacco","Heat-not-burn","Core","20-pack","Heated"
"TEC-CO-10003561","HTP-VAR-559178","Heated Tobacco","Heat-not-burn","Value","Multi-pack","Heated"
"TEC-CO-10003568","HTP-VAR-870912","Heated Tobacco","Heat-not-burn","Premium","Multi-pack","Heated"
"TEC-CO-10003570","HTP-VAR-030323","Heated Tobacco","Heat-not-burn","Value","10-pack","Heated"
"TEC-CO-10003574","HTP-VAR-724904","Heated Tobacco","Heat-not-burn","Value","20-pack","Heated"
"TEC-CO-10003587","HTP-VAR-586281","Heated Tobacco","Heat-not-burn","Premium","10-pack","Heated"
"TEC-CO-10003589","HTP-VAR-895673","Heated Tobacco","Heat-not-burn","Value","Multi-pack","Heated"
"TEC-CO-10003597","HTP-VAR-864896","Heated Tobacco","Heat-not-burn","Value","20-pack","Heated"
"TEC-CO-10003608","HTP-VAR-719457","Heated Tobacco","Heat-not-burn","Premium","10-pack","Heated"
"TEC-CO-10003622","HTP-VAR-309440","Heated Tobacco","Heat-not-burn","Value","10-pack","Heated"
"TEC-CO-10003633","HTP-VAR-314551","Heated Tobacco","Heat-not-burn","Core","Multi-pack","Heated"
"TEC-CO-10003655","HTP-VAR-690805","Heated Tobacco","Heat-not-burn","Core","10-pack","Heated"
"TEC-CO-10003678","HTP-VAR-169679","Heated Tobacco","Heat-not-burn","Value","Multi-pack","Heated"
"TEC-CO-10003682","HTP-VAR-826941","Heated Tobacco","Heat-not-burn","Premium","30-pack","Heated"
"TEC-CO-10003694","HTP-VAR-073677","Heated Tobacco","Heat-not-burn","Premium","30-pack","Heated"
"TEC-CO-10003702","HTP-VAR-931279","Heated Tobacco","Heat-not-burn","Core","20-pack","Heated"
"TEC-CO-10003759","HTP-VAR-298808","Heated Tobacco","Heat-not-burn","Value","10-pack","Heated"
"TEC-CO-10003763","HTP-VAR-560973","Heated Tobacco","Heat-not-burn","Premium","20-pack","Heated"
"TEC-CO-10003777","HTP-VAR-961705","Heated Tobacco","Heat-not-burn","Core","20-pack","Heated"
"TEC-CO-10003784","HTP-VAR-016547","Heated Tobacco","Heat-not-burn","Value","10-pack","Heated"
"TEC-CO-10003800","HTP-VAR-244609","Heated Tobacco","Heat-not-burn","Core","10-pack","Heated"
"TEC-CO-10003807","HTP-VAR-286223","Heated Tobacco","Heat-not-burn","Value","Multi-pack","Heated"
"TEC-CO-10003813","HTP-VAR-570823","Heated Tobacco","Heat-not-burn","Core","Multi-pack","Heated"
"TEC-CO-10003819","HTP-VAR-952058","Heated Tobacco","Heat-not-burn","Value","20-pack","Heated"
"TEC-CO-10003901","HTP-VAR-995597","Heated Tobacco","Heat-not-burn","Value","20-pack","Heated"
"TEC-CO-10003917","HTP-VAR-617163","Heated Tobacco","Heat-not-burn","Premium","20-pack","Heated"
"TEC-CO-10003924","HTP-VAR-710132","Heated Tobacco","Heat-not-burn","Value","10-pack","Heated"
"TEC-CO-10003931","HTP-VAR-061663","Heated Tobacco","Heat-not-burn","Core","30-pack","Heated"
"TEC-CO-10003951","HTP-VAR-772823","Heated Tobacco","Heat-not-burn","Value","10-pack","Heated"
"TEC-CO-10003964","HTP-VAR-405951","Heated Tobacco","Heat-not-burn","Premium","10-pack","Heated"
"TEC-CO-10003965","HTP-VAR-410939","Heated Tobacco","Heat-not-burn","Value","30-pack","Heated"
"TEC-CO-10003982","HTP-VAR-209318","Heated Tobacco","Heat-not-burn","Value","Multi-pack","Heated"
"TEC-CO-10003992","HTP-VAR-594255","Heated Tobacco","Heat-not-burn","Premium","30-pack","Heated"
"TEC-CO-10004005","HTP-VAR-239842","Heated Tobacco","Heat-not-burn","Core","30-pack","Heated"
"TEC-CO-10004027","HTP-VAR-179637","Heated Tobacco","Heat-not-burn","Premium","10-pack","Heated"
"TEC-CO-10004034","HTP-VAR-865085","Heated Tobacco","Heat-not-burn","Value","Multi-pack","Heated"
"TEC-CO-10004042","HTP-VAR-654378","Heated Tobacco","Heat-not-burn","Premium","20-pack","Heated"
"TEC-CO-10004045","HTP-VAR-917319","Heated Tobacco","Heat-not-burn","Premium","30-pack","Heated"
"TEC-CO-10004078","HTP-VAR-385992","Heated Tobacco","Heat-not-burn","Premium","10-pack","Heated"
"TEC-CO-10004081","HTP-VAR-773105","Heated Tobacco","Heat-not-burn","Value","Multi-pack","Heated"
"TEC-CO-10004089","HTP-VAR-059744","Heated Tobacco","Heat-not-burn","Value","20-pack","Heated"
"TEC-CO-10004099","HTP-VAR-910184","Heated Tobacco","Heat-not-burn","Value","10-pack","Heated"
"TEC-CO-10004115","HTP-VAR-916607","Heated Tobacco","Heat-not-burn","Value","10-pack","Heated"
"TEC-CO-10004125","HTP-VAR-178729","Heated Tobacco","Heat-not-burn","Core","Multi-pack","Heated"
"TEC-CO-10004128","HTP-VAR-958950","Heated Tobacco","Heat-not-burn","Premium","30-pack","Heated"
"TEC-CO-10004138","HTP-VAR-562660","Heated Tobacco","Heat-not-burn","Core","Multi-pack","Heated"
"TEC-CO-10004143","HTP-VAR-052478","Heated Tobacco","Heat-not-burn","Value","10-pack","Heated"
"TEC-CO-10004147","HTP-VAR-444145","Heated Tobacco","Heat-not-burn","Core","20-pack","Heated"
"TEC-CO-10004152","HTP-VAR-839953","Heated Tobacco","Heat-not-burn","Core","Multi-pack","Heated"
"TEC-CO-10004154","HTP-VAR-065494","Heated Tobacco","Heat-not-burn","Core","30-pack","Heated"
"TEC-CO-10004169","HTP-VAR-723360","Heated Tobacco","Heat-not-burn","Premium","10-pack","Heated"
"TEC-CO-10004170","HTP-VAR-392387","Heated Tobacco","Heat-not-burn","Value","20-pack","Heated"
"TEC-CO-10004171","HTP-VAR-331076","Heated Tobacco","Heat-not-burn","Value","Multi-pack","Heated"
"TEC-CO-10004182","HTP-VAR-515082","Heated Tobacco","Heat-not-burn","Premium","30-pack","Heated"
"TEC-CO-10004185","HTP-VAR-071747","Heated Tobacco","Heat-not-burn","Value","20-pack","Heated"
"TEC-CO-10004191","HTP-VAR-926389","Heated Tobacco","Heat-not-burn","Core","20-pack","Heated"
"TEC-CO-10004202","HTP-VAR-119278","Heated Tobacco","Heat-not-burn","Core","Multi-pack","Heated"
"TEC-CO-10004234","HTP-VAR-570216","Heated Tobacco","Heat-not-burn","Premium","20-pack","Heated"
"TEC-CO-10004252","HTP-VAR-921707","Heated Tobacco","Heat-not-burn","Value","30-pack","Heated"
"TEC-CO-10004263","HTP-VAR-754730","Heated Tobacco","Heat-not-burn","Value","Multi-pack","Heated"
"TEC-CO-10004267","HTP-VAR-528607","Heated Tobacco","Heat-not-burn","Core","30-pack","Heated"
"TEC-CO-10004306","HTP-VAR-048043","Heated Tobacco","Heat-not-burn","Core","20-pack","Heated"
"TEC-CO-10004325","HTP-VAR-549378","Heated Tobacco","Heat-not-burn","Premium","20-pack","Heated"
"TEC-CO-10004343","HTP-VAR-977660","Heated Tobacco","Heat-not-burn","Value","30-pack","Heated"
"TEC-CO-10004365","HTP-VAR-643450","Heated Tobacco","Heat-not-burn","Core","20-pack","Heated"
"TEC-CO-10004367","HTP-VAR-010152","Heated Tobacco","Heat-not-burn","Premium","20-pack","Heated"
"TEC-CO-10004377","HTP-VAR-897052","Heated Tobacco","Heat-not-burn","Core","10-pack","Heated"
"TEC-CO-10004394","HTP-VAR-309333","Heated Tobacco","Heat-not-burn","Premium","10-pack","Heated"
"TEC-CO-10004398","HTP-VAR-298815","Heated Tobacco","Heat-not-burn","Premium","Multi-pack","Heated"
"TEC-CO-10004404","HTP-VAR-836354","Heated Tobacco","Heat-not-burn","Value","10-pack","Heated"
"TEC-CO-10004406","HTP-VAR-979647","Heated Tobacco","Heat-not-burn","Premium","10-pack","Heated"
"TEC-CO-10004409","HTP-VAR-523378","Heated Tobacco","Heat-not-burn","Core","20-pack","Heated"
"TEC-CO-10004468","HTP-VAR-637991","Heated Tobacco","Heat-not-burn","Value","20-pack","Heated"
"TEC-CO-10004481","HTP-VAR-689119","Heated Tobacco","Heat-not-burn","Core","Multi-pack","Heated"
"TEC-CO-10004507","HTP-VAR-857065","Heated Tobacco","Heat-not-burn","Core","20-pack","Heated"
"TEC-CO-10004521","HTP-VAR-008422","Heated Tobacco","Heat-not-burn","Core","30-pack","Heated"
"TEC-CO-10004535","HTP-VAR-387083","Heated Tobacco","Heat-not-burn","Value","30-pack","Heated"
"TEC-CO-10004558","HTP-VAR-138141","Heated Tobacco","Heat-not-burn","Premium","20-pack","Heated"
"TEC-CO-10004563","HTP-VAR-215060","Heated Tobacco","Heat-not-burn","Value","30-pack","Heated"
"TEC-CO-10004567","HTP-VAR-322990","Heated Tobacco","Heat-not-burn","Core","Multi-pack","Heated"
"TEC-CO-10004570","HTP-VAR-671544","Heated Tobacco","Heat-not-burn","Premium","20-pack","Heated"
"TEC-CO-10004589","HTP-VAR-622819","Heated Tobacco","Heat-not-burn","Core","30-pack","Heated"
"TEC-CO-10004605","HTP-VAR-540740","Heated Tobacco","Heat-not-burn","Value","10-pack","Heated"
"TEC-CO-10004649","HTP-VAR-054487","Heated Tobacco","Heat-not-burn","Core","Multi-pack","Heated"
"TEC-CO-10004662","HTP-VAR-930466","Heated Tobacco","Heat-not-burn","Core","20-pack","Heated"
"TEC-CO-10004664","HTP-VAR-615543","Heated Tobacco","Heat-not-burn","Premium","10-pack","Heated"
"TEC-CO-10004689","HTP-VAR-784518","Heated Tobacco","Heat-not-burn","Premium","Multi-pack","Heated"
"TEC-CO-10004690","HTP-VAR-147265","Heated Tobacco","Heat-not-burn","Core","30-pack","Heated"
"TEC-CO-10004701","HTP-VAR-042658","Heated Tobacco","Heat-not-burn","Core","30-pack","Heated"
"TEC-CO-10004722","HTP-VAR-817014","Heated Tobacco","Heat-not-burn","Premium","30-pack","Heated"
"TEC-CO-10004756","HTP-VAR-235347","Heated Tobacco","Heat-not-burn","Premium","10-pack","Heated"
"TEC-CO-10004813","HTP-VAR-674254","Heated Tobacco","Heat-not-burn","Core","30-pack","Heated"
"TEC-CO-10004831","HTP-VAR-636341","Heated Tobacco","Heat-not-burn","Value","10-pack","Heated"
"TEC-CO-10004897","HTP-VAR-231341","Heated Tobacco","Heat-not-burn","Value","Multi-pack","Heated"
"TEC-CO-10004901","HTP-VAR-882546","Heated Tobacco","Heat-not-burn","Premium","10-pack","Heated"
"TEC-CO-10004904","HTP-VAR-909454","Heated Tobacco","Heat-not-burn","Core","Multi-pack","Heated"
"TEC-CO-10004928","HTP-VAR-433644","Heated Tobacco","Heat-not-burn","Premium","30-pack","Heated"
"TEC-CO-10004929","HTP-VAR-394184","Heated Tobacco","Heat-not-burn","Value","10-pack","Heated"
"TEC-CO-10004961","HTP-VAR-617742","Heated Tobacco","Heat-not-burn","Premium","30-pack","Heated"
"TEC-CO-10004976","HTP-VAR-119457","Heated Tobacco","Heat-not-burn","Premium","10-pack","Heated"
"TEC-CO-10004981","HTP-VAR-210092","Heated Tobacco","Heat-not-burn","Value","10-pack","Heated"
"TEC-CO-10004985","HTP-VAR-171684","Heated Tobacco","Heat-not-burn","Premium","20-pack","Heated"
"TEC-CO-10004997","HTP-VAR-454803","Heated Tobacco","Heat-not-burn","Premium","10-pack","Heated"
"TEC-CO-10004998","HTP-VAR-464335","Heated Tobacco","Heat-not-burn","Core","20-pack","Heated"
"TEC-ENE-10000154","HTP-VAR-866368","Heated Tobacco","Heat-not-burn","Core","Multi-pack","Heated"
"TEC-ENE-10000235","HTP-VAR-224960","Heated Tobacco","Heat-not-burn","Value","30-pack","Heated"
"TEC-ENE-10000690","HTP-VAR-479601","Heated Tobacco","Heat-not-burn","Premium","Multi-pack","Heated"
"TEC-ENE-10000817","HTP-VAR-148493","Heated Tobacco","Heat-not-burn","Value","30-pack","Heated"
"TEC-ENE-10000895","HTP-VAR-142057","Heated Tobacco","Heat-not-burn","Core","30-pack","Heated"
"TEC-ENE-10000995","HTP-VAR-890910","Heated Tobacco","Heat-not-burn","Premium","20-pack","Heated"
"TEC-ENE-10001355","HTP-VAR-814207","Heated Tobacco","Heat-not-burn","Core","30-pack","Heated"
"TEC-ENE-10001466","HTP-VAR-765156","Heated Tobacco","Heat-not-burn","Premium","30-pack","Heated"
"TEC-ENE-10001541","HTP-VAR-193506","Heated Tobacco","Heat-not-burn","Premium","10-pack","Heated"
"TEC-ENE-10002254","HTP-VAR-083228","Heated Tobacco","Heat-not-burn","Value","20-pack","Heated"
"TEC-ENE-10002686","HTP-VAR-520669","Heated Tobacco","Heat-not-burn","Core","10-pack","Heated"
"TEC-ENE-10002744","HTP-VAR-518133","Heated Tobacco","Heat-not-burn","Premium","Multi-pack","Heated"
"TEC-ENE-10003090","HTP-VAR-973558","Heated Tobacco","Heat-not-burn","Core","Multi-pack","Heated"
"TEC-ENE-10003125","HTP-VAR-461243","Heated Tobacco","Heat-not-burn","Value","10-pack","Heated"
"TEC-ENE-10003801","HTP-VAR-090076","Heated Tobacco","Heat-not-burn","Core","10-pack","Heated"
"TEC-ENE-10003873","HTP-VAR-863269","Heated Tobacco","Heat-not-burn","Core","Multi-pack","Heated"
"TEC-ENE-10004052","HTP-VAR-682954","Heated Tobacco","Heat-not-burn","Core","30-pack","Heated"
"TEC-ENE-10004192","HTP-VAR-726187","Heated Tobacco","Heat-not-burn","Core","20-pack","Heated"
"TEC-ENE-10004236","HTP-VAR-798118","Heated Tobacco","Heat-not-burn","Core","Multi-pack","Heated"
"TEC-ENE-10004509","HTP-VAR-133846","Heated Tobacco","Heat-not-burn","Core","10-pack","Heated"
"TEC-ENE-10004520","HTP-VAR-515770","Heated Tobacco","Heat-not-burn","Core","30-pack","Heated"
"TEC-ENE-10004627","HTP-VAR-715240","Heated Tobacco","Heat-not-burn","Core","10-pack","Heated"
"TEC-ENE-10004728","HTP-VAR-489829","Heated Tobacco","Heat-not-burn","Core","30-pack","Heated"
"TEC-ENE-10005000","HTP-VAR-800744","Heated Tobacco","Heat-not-burn","Value","30-pack","Heated"
"TEC-EPS-10000053","HTP-VAR-806566","Heated Tobacco","Heat-not-burn","Core","20-pack","Heated"
"TEC-EPS-10000689","HTP-VAR-748229","Heated Tobacco","Heat-not-burn","Value","10-pack","Heated"
"TEC-EPS-10000774","HTP-VAR-787735","Heated Tobacco","Heat-not-burn","Core","20-pack","Heated"
"TEC-EPS-10001129","HTP-VAR-905227","Heated Tobacco","Heat-not-burn","Core","30-pack","Heated"
"TEC-EPS-10001323","HTP-VAR-326907","Heated Tobacco","Heat-not-burn","Premium","30-pack","Heated"
"TEC-EPS-10001341","HTP-VAR-454745","Heated Tobacco","Heat-not-burn","Value","10-pack","Heated"
"TEC-EPS-10001473","HTP-VAR-400236","Heated Tobacco","Heat-not-burn","Premium","30-pack","Heated"
"TEC-EPS-10001644","HTP-VAR-724868","Heated Tobacco","Heat-not-burn","Value","10-pack","Heated"
"TEC-EPS-10001651","HTP-VAR-455363","Heated Tobacco","Heat-not-burn","Value","30-pack","Heated"
"TEC-EPS-10002212","HTP-VAR-255641","Heated Tobacco","Heat-not-burn","Value","30-pack","Heated"
"TEC-EPS-10002523","HTP-VAR-148988","Heated Tobacco","Heat-not-burn","Value","30-pack","Heated"
"TEC-EPS-10002711","HTP-VAR-766911","Heated Tobacco","Heat-not-burn","Premium","Multi-pack","Heated"
"TEC-EPS-10002920","HTP-VAR-927427","Heated Tobacco","Heat-not-burn","Core","10-pack","Heated"
"TEC-EPS-10002958","HTP-VAR-671278","Heated Tobacco","Heat-not-burn","Core","20-pack","Heated"
"TEC-EPS-10003277","HTP-VAR-553413","Heated Tobacco","Heat-not-burn","Premium","30-pack","Heated"
"TEC-EPS-10003473","HTP-VAR-145749","Heated Tobacco","Heat-not-burn","Premium","20-pack","Heated"
"TEC-EPS-10003568","HTP-VAR-711546","Heated Tobacco","Heat-not-burn","Premium","Multi-pack","Heated"
"TEC-EPS-10003962","HTP-VAR-419905","Heated Tobacco","Heat-not-burn","Core","20-pack","Heated"
"TEC-EPS-10004111","HTP-VAR-401208","Heated Tobacco","Heat-not-burn","Premium","20-pack","Heated"
"TEC-EPS-10004171","HTP-VAR-516162","Heated Tobacco","Heat-not-burn","Premium","Multi-pack","Heated"
"TEC-EPS-10004328","HTP-VAR-477086","Heated Tobacco","Heat-not-burn","Value","10-pack","Heated"
"TEC-EPS-10004558","HTP-VAR-355271","Heated Tobacco","Heat-not-burn","Value","20-pack","Heated"
"TEC-EPS-10004965","HTP-VAR-334833","Heated Tobacco","Heat-not-burn","Premium","Multi-pack","Heated"
"TEC-HEW-10000365","HTP-VAR-424473","Heated Tobacco","Heat-not-burn","Premium","Multi-pack","Heated"
"TEC-HEW-10000839","HTP-VAR-368363","Heated Tobacco","Heat-not-burn","Value","10-pack","Heated"
"TEC-HEW-10000930","HTP-VAR-659757","Heated Tobacco","Heat-not-burn","Premium","Multi-pack","Heated"
"TEC-HEW-10001056","HTP-VAR-361877","Heated Tobacco","Heat-not-burn","Value","30-pack","Heated"
"TEC-HEW-10001074","HTP-VAR-448825","Heated Tobacco","Heat-not-burn","Core","10-pack","Heated"
"TEC-HEW-10001558","HTP-VAR-695373","Heated Tobacco","Heat-not-burn","Premium","30-pack","Heated"
"TEC-HEW-10001710","HTP-VAR-845218","Heated Tobacco","Heat-not-burn","Core","30-pack","Heated"
"TEC-HEW-10001908","HTP-VAR-792511","Heated Tobacco","Heat-not-burn","Core","Multi-pack","Heated"
"TEC-HEW-10002302","HTP-VAR-668158","Heated Tobacco","Heat-not-burn","Core","20-pack","Heated"
"TEC-HEW-10002304","HTP-VAR-946500","Heated Tobacco","Heat-not-burn","Premium","10-pack","Heated"
"TEC-HEW-10002435","HTP-VAR-765769","Heated Tobacco","Heat-not-burn","Core","10-pack","Heated"
"TEC-HEW-10002501","HTP-VAR-468953","Heated Tobacco","Heat-not-burn","Value","20-pack","Heated"
"TEC-HEW-10003260","HTP-VAR-788277","Heated Tobacco","Heat-not-burn","Premium","20-pack","Heated"
"TEC-HEW-10003460","HTP-VAR-068604","Heated Tobacco","Heat-not-burn","Premium","Multi-pack","Heated"
"TEC-HEW-10003531","HTP-VAR-592887","Heated Tobacco","Heat-not-burn","Premium","Multi-pack","Heated"
"TEC-HEW-10003695","HTP-VAR-185758","Heated Tobacco","Heat-not-burn","Core","20-pack","Heated"
"TEC-HEW-10003829","HTP-VAR-848953","Heated Tobacco","Heat-not-burn","Core","Multi-pack","Heated"
"TEC-HEW-10004172","HTP-VAR-956637","Heated Tobacco","Heat-not-burn","Premium","10-pack","Heated"
"TEC-HEW-10004522","HTP-VAR-937449","Heated Tobacco","Heat-not-burn","Premium","20-pack","Heated"
"TEC-HEW-10004652","HTP-VAR-712776","Heated Tobacco","Heat-not-burn","Premium","Multi-pack","Heated"
"TEC-HEW-10004690","HTP-VAR-853569","Heated Tobacco","Heat-not-burn","Premium","Multi-pack","Heated"
"TEC-HEW-10004833","HTP-VAR-384896","Heated Tobacco","Heat-not-burn","Value","20-pack","Heated"
"TEC-HEW-10004937","HTP-VAR-608701","Heated Tobacco","Heat-not-burn","Core","Multi-pack","Heated"
"TEC-HP -10000081","HTP-VAR-532375","Heated Tobacco","Heat-not-burn","Core","20-pack","Heated"
"TEC-HP -10000464","HTP-VAR-669600","Heated Tobacco","Heat-not-burn","Premium","10-pack","Heated"
"TEC-HP -10001115","HTP-VAR-516041","Heated Tobacco","Heat-not-burn","Value","Multi-pack","Heated"
"TEC-HP -10001426","HTP-VAR-304289","Heated Tobacco","Heat-not-burn","Value","20-pack","Heated"
"TEC-HP -10001574","HTP-VAR-356171","Heated Tobacco","Heat-not-burn","Value","Multi-pack","Heated"
"TEC-HP -10001577","HTP-VAR-844745","Heated Tobacco","Heat-not-burn","Value","20-pack","Heated"
"TEC-HP -10001905","HTP-VAR-229277","Heated Tobacco","Heat-not-burn","Value","30-pack","Heated"
"TEC-HP -10002095","HTP-VAR-227003","Heated Tobacco","Heat-not-burn","Value","30-pack","Heated"
"TEC-HP -10002221","HTP-VAR-604231","Heated Tobacco","Heat-not-burn","Core","30-pack","Heated"
"TEC-HP -10002307","HTP-VAR-539390","Heated Tobacco","Heat-not-burn","Value","30-pack","Heated"
"TEC-HP -10002603","HTP-VAR-146897","Heated Tobacco","Heat-not-burn","Value","10-pack","Heated"
"TEC-HP -10003248","HTP-VAR-532202","Heated Tobacco","Heat-not-burn","Value","20-pack","Heated"
"TEC-HP -10003345","HTP-VAR-809738","Heated Tobacco","Heat-not-burn","Value","Multi-pack","Heated"
"TEC-HP -10003559","HTP-VAR-167889","Heated Tobacco","Heat-not-burn","Premium","Multi-pack","Heated"
"TEC-HP -10003618","HTP-VAR-756612","Heated Tobacco","Heat-not-burn","Premium","10-pack","Heated"
"TEC-HP -10003894","HTP-VAR-590724","Heated Tobacco","Heat-not-burn","Premium","20-pack","Heated"
"TEC-HP -10004012","HTP-VAR-376222","Heated Tobacco","Heat-not-burn","Core","20-pack","Heated"
"TEC-HP -10004082","HTP-VAR-875618","Heated Tobacco","Heat-not-burn","Value","10-pack","Heated"
"TEC-HP -10004149","HTP-VAR-831643","Heated Tobacco","Heat-not-burn","Core","Multi-pack","Heated"
"TEC-HP -10004451","HTP-VAR-357025","Heated Tobacco","Heat-not-burn","Core","Multi-pack","Heated"
"TEC-HP -10004590","HTP-VAR-346388","Heated Tobacco","Heat-not-burn","Value","30-pack","Heated"
"TEC-HP -10004801","HTP-VAR-732707","Heated Tobacco","Heat-not-burn","Value","30-pack","Heated"
"TEC-HP -10004971","HTP-VAR-422229","Heated Tobacco","Heat-not-burn","Premium","30-pack","Heated"
"TEC-KON-10000005","HTP-VAR-207538","Heated Tobacco","Heat-not-burn","Core","30-pack","Heated"
"TEC-KON-10000091","HTP-VAR-254794","Heated Tobacco","Heat-not-burn","Core","30-pack","Heated"
"TEC-KON-10000302","HTP-VAR-758272","Heated Tobacco","Heat-not-burn","Core","10-pack","Heated"
"TEC-KON-10000562","HTP-VAR-030110","Heated Tobacco","Heat-not-burn","Value","10-pack","Heated"
"TEC-KON-10000837","HTP-VAR-562630","Heated Tobacco","Heat-not-burn","Core","20-pack","Heated"
"TEC-KON-10001017","HTP-VAR-779916","Heated Tobacco","Heat-not-burn","Premium","30-pack","Heated"
"TEC-KON-10001388","HTP-VAR-177771","Heated Tobacco","Heat-not-burn","Premium","Multi-pack","Heated"
"TEC-KON-10001507","HTP-VAR-748045","Heated Tobacco","Heat-not-burn","Core","10-pack","Heated"
"TEC-KON-10001519","HTP-VAR-521339","Heated Tobacco","Heat-not-burn","Value","30-pack","Heated"
"TEC-KON-10001624","HTP-VAR-541124","Heated Tobacco","Heat-not-burn","Value","20-pack","Heated"
"TEC-KON-10002034","HTP-VAR-194850","Heated Tobacco","Heat-not-burn","Premium","10-pack","Heated"
"TEC-KON-10002050","HTP-VAR-195307","Heated Tobacco","Heat-not-burn","Core","Multi-pack","Heated"
"TEC-KON-10002052","HTP-VAR-908364","Heated Tobacco","Heat-not-burn","Premium","Multi-pack","Heated"
"TEC-KON-10002194","HTP-VAR-302873","Heated Tobacco","Heat-not-burn","Value","20-pack","Heated"
"TEC-KON-10002309","HTP-VAR-383998","Heated Tobacco","Heat-not-burn","Core","Multi-pack","Heated"
"TEC-KON-10002482","HTP-VAR-231132","Heated Tobacco","Heat-not-burn","Premium","30-pack","Heated"
"TEC-KON-10003077","HTP-VAR-191109","Heated Tobacco","Heat-not-burn","Premium","Multi-pack","Heated"
"TEC-KON-10003116","HTP-VAR-411053","Heated Tobacco","Heat-not-burn","Value","10-pack","Heated"
"TEC-KON-10003211","HTP-VAR-941403","Heated Tobacco","Heat-not-burn","Premium","30-pack","Heated"
"TEC-KON-10003726","HTP-VAR-287507","Heated Tobacco","Heat-not-burn","Value","20-pack","Heated"
"TEC-KON-10004519","HTP-VAR-940286","Heated Tobacco","Heat-not-burn","Value","10-pack","Heated"
"TEC-KON-10004735","HTP-VAR-546398","Heated Tobacco","Heat-not-burn","Value","Multi-pack","Heated"
"TEC-KON-10004774","HTP-VAR-926628","Heated Tobacco","Heat-not-burn","Premium","20-pack","Heated"
"TEC-LOG-10000368","HTP-VAR-324864","Heated Tobacco","Heat-not-burn","Premium","20-pack","Heated"
"TEC-LOG-10000546","HTP-VAR-602200","Heated Tobacco","Heat-not-burn","Core","30-pack","Heated"
"TEC-LOG-10001123","HTP-VAR-407089","Heated Tobacco","Heat-not-burn","Core","30-pack","Heated"
"TEC-LOG-10001137","HTP-VAR-071653","Heated Tobacco","Heat-not-burn","Core","30-pack","Heated"
"TEC-LOG-10001434","HTP-VAR-976141","Heated Tobacco","Heat-not-burn","Core","Multi-pack","Heated"
"TEC-LOG-10001482","HTP-VAR-437943","Heated Tobacco","Heat-not-burn","Premium","20-pack","Heated"
"TEC-LOG-10001629","HTP-VAR-975490","Heated Tobacco","Heat-not-burn","Core","20-pack","Heated"
"TEC-LOG-10001750","HTP-VAR-215416","Heated Tobacco","Heat-not-burn","Core","20-pack","Heated"
"TEC-LOG-10001871","HTP-VAR-467317","Heated Tobacco","Heat-not-burn","Core","10-pack","Heated"
"TEC-LOG-10002018","HTP-VAR-356130","Heated Tobacco","Heat-not-burn","Premium","10-pack","Heated"
"TEC-LOG-10002218","HTP-VAR-129494","Heated Tobacco","Heat-not-burn","Value","30-pack","Heated"
"TEC-LOG-10002262","HTP-VAR-866753","Heated Tobacco","Heat-not-burn","Value","Multi-pack","Heated"
"TEC-LOG-10002431","HTP-VAR-670521","Heated Tobacco","Heat-not-burn","Premium","30-pack","Heated"
"TEC-LOG-10002589","HTP-VAR-329728","Heated Tobacco","Heat-not-burn","Core","10-pack","Heated"
"TEC-LOG-10003079","HTP-VAR-285586","Heated Tobacco","Heat-not-burn","Core","20-pack","Heated"
"TEC-LOG-10003254","HTP-VAR-302632","Heated Tobacco","Heat-not-burn","Core","10-pack","Heated"
"TEC-LOG-10003539","HTP-VAR-758260","Heated Tobacco","Heat-not-burn","Core","30-pack","Heated"
"TEC-LOG-10003634","HTP-VAR-880683","Heated Tobacco","Heat-not-burn","Premium","30-pack","Heated"
"TEC-LOG-10003651","HTP-VAR-523067","Heated Tobacco","Heat-not-burn","Value","Multi-pack","Heated"
"TEC-LOG-10003896","HTP-VAR-784816","Heated Tobacco","Heat-not-burn","Core","30-pack","Heated"
"TEC-LOG-10003995","HTP-VAR-207744","Heated Tobacco","Heat-not-burn","Premium","Multi-pack","Heated"
"TEC-LOG-10004405","HTP-VAR-567282","Heated Tobacco","Heat-not-burn","Premium","10-pack","Heated"
"TEC-LOG-10004419","HTP-VAR-743710","Heated Tobacco","Heat-not-burn","Core","30-pack","Heated"
"TEC-LOG-10004917","HTP-VAR-308435","Heated Tobacco","Heat-not-burn","Value","30-pack","Heated"
"TEC-MA-10000002","HTP-VAR-595855","Heated Tobacco","Heat-not-burn","Core","Multi-pack","Heated"
"TEC-MA-10000003","HTP-VAR-418478","Heated Tobacco","Heat-not-burn","Value","20-pack","Heated"
"TEC-MA-10000010","HTP-VAR-797163","Heated Tobacco","Heat-not-burn","Premium","30-pack","Heated"
"TEC-MA-10000029","HTP-VAR-237224","Heated Tobacco","Heat-not-burn","Value","20-pack","Heated"
"TEC-MA-10000045","HTP-VAR-972294","Heated Tobacco","Heat-not-burn","Premium","10-pack","Heated"
"TEC-MA-10000087","HTP-VAR-566938","Heated Tobacco","Heat-not-burn","Core","10-pack","Heated"
"TEC-MA-10000110","HTP-VAR-371402","Heated Tobacco","Heat-not-burn","Value","20-pack","Heated"
"TEC-MA-10000112","HTP-VAR-496781","Heated Tobacco","Heat-not-burn","Value","20-pack","Heated"
"TEC-MA-10000122","HTP-VAR-644829","Heated Tobacco","Heat-not-burn","Premium","30-pack","Heated"
"TEC-MA-10000124","HTP-VAR-406166","Heated Tobacco","Heat-not-burn","Value","Multi-pack","Heated"
"TEC-MA-10000154","HTP-VAR-045594","Heated Tobacco","Heat-not-burn","Premium","10-pack","Heated"
"TEC-MA-10000161","HTP-VAR-673489","Heated Tobacco","Heat-not-burn","Core","10-pack","Heated"
"TEC-MA-10000170","HTP-VAR-094833","Heated Tobacco","Heat-not-burn","Premium","Multi-pack","Heated"
"TEC-MA-10000172","HTP-VAR-262232","Heated Tobacco","Heat-not-burn","Value","Multi-pack","Heated"
"TEC-MA-10000199","HTP-VAR-155630","Heated Tobacco","Heat-not-burn","Value","20-pack","Heated"
"TEC-MA-10000232","HTP-VAR-033364","Heated Tobacco","Heat-not-burn","Core","30-pack","Heated"
"TEC-MA-10000240","HTP-VAR-119170","Heated Tobacco","Heat-not-burn","Core","20-pack","Heated"
"TEC-MA-10000258","HTP-VAR-277711","Heated Tobacco","Heat-not-burn","Core","30-pack","Heated"
"TEC-MA-10000261","HTP-VAR-293941","Heated Tobacco","Heat-not-burn","Core","20-pack","Heated"
"TEC-MA-10000317","HTP-VAR-592790","Heated Tobacco","Heat-not-burn","Value","10-pack","Heated"
"TEC-MA-10000327","HTP-VAR-053015","Heated Tobacco","Heat-not-burn","Value","Multi-pack","Heated"
"TEC-MA-10000331","HTP-VAR-268402","Heated Tobacco","Heat-not-burn","Core","Multi-pack","Heated"
"TEC-MA-10000334","HTP-VAR-334670","Heated Tobacco","Heat-not-burn","Value","10-pack","Heated"
"TEC-MA-10000345","HTP-VAR-664442","Heated Tobacco","Heat-not-burn","Value","20-pack","Heated"
"TEC-MA-10000354","HTP-VAR-193544","Heated Tobacco","Heat-not-burn","Value","30-pack","Heated"
"TEC-MA-10000366","HTP-VAR-813564","Heated Tobacco","Heat-not-burn","Premium","20-pack","Heated"
"TEC-MA-10000374","HTP-VAR-068974","Heated Tobacco","Heat-not-burn","Core","10-pack","Heated"
"TEC-MA-10000379","HTP-VAR-057124","Heated Tobacco","Heat-not-burn","Core","20-pack","Heated"
"TEC-MA-10000418","HTP-VAR-087082","Heated Tobacco","Heat-not-burn","Core","10-pack","Heated"
"TEC-MA-10000423","HTP-VAR-391146","Heated Tobacco","Heat-not-burn","Premium","Multi-pack","Heated"
"TEC-MA-10000429","HTP-VAR-321474","Heated Tobacco","Heat-not-burn","Premium","20-pack","Heated"
"TEC-MA-10000433","HTP-VAR-875006","Heated Tobacco","Heat-not-burn","Value","30-pack","Heated"
"TEC-MA-10000461","HTP-VAR-098620","Heated Tobacco","Heat-not-burn","Core","Multi-pack","Heated"
"TEC-MA-10000473","HTP-VAR-786155","Heated Tobacco","Heat-not-burn","Value","30-pack","Heated"
"TEC-MA-10000488","HTP-VAR-905053","Heated Tobacco","Heat-not-burn","Core","20-pack","Heated"
"TEC-MA-10000555","HTP-VAR-390050","Heated Tobacco","Heat-not-burn","Value","30-pack","Heated"
"TEC-MA-10000559","HTP-VAR-240535","Heated Tobacco","Heat-not-burn","Core","20-pack","Heated"
"TEC-MA-10000560","HTP-VAR-124608","Heated Tobacco","Heat-not-burn","Premium","30-pack","Heated"
"TEC-MA-10000572","HTP-VAR-922688","Heated Tobacco","Heat-not-burn","Value","Multi-pack","Heated"
"TEC-MA-10000597","HTP-VAR-203942","Heated Tobacco","Heat-not-burn","Value","30-pack","Heated"
"TEC-MA-10000605","HTP-VAR-436780","Heated Tobacco","Heat-not-burn","Core","30-pack","Heated"
"TEC-MA-10000606","HTP-VAR-063785","Heated Tobacco","Heat-not-burn","Value","10-pack","Heated"
"TEC-MA-10000684","HTP-VAR-611972","Heated Tobacco","Heat-not-burn","Value","10-pack","Heated"
"TEC-MA-10000686","HTP-VAR-352301","Heated Tobacco","Heat-not-burn","Value","10-pack","Heated"
"TEC-MA-10000687","HTP-VAR-148360","Heated Tobacco","Heat-not-burn","Core","30-pack","Heated"
"TEC-MA-10000697","HTP-VAR-942673","Heated Tobacco","Heat-not-burn","Core","Multi-pack","Heated"
"TEC-MA-10000711","HTP-VAR-531326","Heated Tobacco","Heat-not-burn","Value","20-pack","Heated"
"TEC-MA-10000742","HTP-VAR-967975","Heated Tobacco","Heat-not-burn","Core","30-pack","Heated"
"TEC-MA-10000752","HTP-VAR-928031","Heated Tobacco","Heat-not-burn","Value","Multi-pack","Heated"
"TEC-MA-10000753","HTP-VAR-633872","Heated Tobacco","Heat-not-burn","Value","20-pack","Heated"
"TEC-MA-10000755","HTP-VAR-988668","Heated Tobacco","Heat-not-burn","Premium","10-pack","Heated"
"TEC-MA-10000765","HTP-VAR-193805","Heated Tobacco","Heat-not-burn","Value","Multi-pack","Heated"
"TEC-MA-10000768","HTP-VAR-896425","Heated Tobacco","Heat-not-burn","Core","30-pack","Heated"
"TEC-MA-10000772","HTP-VAR-625691","Heated Tobacco","Heat-not-burn","Value","20-pack","Heated"
"TEC-MA-10000776","HTP-VAR-765853","Heated Tobacco","Heat-not-burn","Core","10-pack","Heated"
"TEC-MA-10000811","HTP-VAR-466062","Heated Tobacco","Heat-not-burn","Premium","10-pack","Heated"
"TEC-MA-10000822","HTP-VAR-897445","Heated Tobacco","Heat-not-burn","Core","20-pack","Heated"
"TEC-MA-10000843","HTP-VAR-023307","Heated Tobacco","Heat-not-burn","Premium","20-pack","Heated"
"TEC-MA-10000858","HTP-VAR-110486","Heated Tobacco","Heat-not-burn","Value","10-pack","Heated"
"TEC-MA-10000864","HTP-VAR-703532","Heated Tobacco","Heat-not-burn","Value","10-pack","Heated"
"TEC-MA-10000868","HTP-VAR-393340","Heated Tobacco","Heat-not-burn","Core","Multi-pack","Heated"
"TEC-MA-10000875","HTP-VAR-806907","Heated Tobacco","Heat-not-burn","Premium","Multi-pack","Heated"
"TEC-MA-10000888","HTP-VAR-035001","Heated Tobacco","Heat-not-burn","Premium","20-pack","Heated"
"TEC-MA-10000904","HTP-VAR-861919","Heated Tobacco","Heat-not-burn","Core","20-pack","Heated"
"TEC-MA-10000946","HTP-VAR-349930","Heated Tobacco","Heat-not-burn","Core","20-pack","Heated"
"TEC-MA-10000964","HTP-VAR-016727","Heated Tobacco","Heat-not-burn","Value","Multi-pack","Heated"
"TEC-MA-10000982","HTP-VAR-826715","Heated Tobacco","Heat-not-burn","Value","10-pack","Heated"
"TEC-MA-10000984","HTP-VAR-208303","Heated Tobacco","Heat-not-burn","Core","20-pack","Heated"
"TEC-MA-10001009","HTP-VAR-355773","Heated Tobacco","Heat-not-burn","Premium","30-pack","Heated"
"TEC-MA-10001015","HTP-VAR-401897","Heated Tobacco","Heat-not-burn","Value","10-pack","Heated"
"TEC-MA-10001016","HTP-VAR-494384","Heated Tobacco","Heat-not-burn","Value","30-pack","Heated"
"TEC-MA-10001031","HTP-VAR-887056","Heated Tobacco","Heat-not-burn","Core","Multi-pack","Heated"
"TEC-MA-10001047","HTP-VAR-819834","Heated Tobacco","Heat-not-burn","Premium","20-pack","Heated"
"TEC-MA-10001080","HTP-VAR-297175","Heated Tobacco","Heat-not-burn","Core","30-pack","Heated"
"TEC-MA-10001098","HTP-VAR-527730","Heated Tobacco","Heat-not-burn","Premium","20-pack","Heated"
"TEC-MA-10001127","HTP-VAR-310029","Heated Tobacco","Heat-not-burn","Premium","10-pack","Heated"
"TEC-MA-10001128","HTP-VAR-515610","Heated Tobacco","Heat-not-burn","Premium","20-pack","Heated"
"TEC-MA-10001139","HTP-VAR-838658","Heated Tobacco","Heat-not-burn","Value","30-pack","Heated"
"TEC-MA-10001142","HTP-VAR-126738","Heated Tobacco","Heat-not-burn","Premium","20-pack","Heated"
"TEC-MA-10001148","HTP-VAR-101839","Heated Tobacco","Heat-not-burn","Core","Multi-pack","Heated"
"TEC-MA-10001187","HTP-VAR-275960","Heated Tobacco","Heat-not-burn","Value","30-pack","Heated"
"TEC-MA-10001197","HTP-VAR-433071","Heated Tobacco","Heat-not-burn","Premium","Multi-pack","Heated"
"TEC-MA-10001210","HTP-VAR-877982","Heated Tobacco","Heat-not-burn","Value","20-pack","Heated"
"TEC-MA-10001248","HTP-VAR-480379","Heated Tobacco","Heat-not-burn","Core","30-pack","Heated"
"TEC-MA-10001259","HTP-VAR-741226","Heated Tobacco","Heat-not-burn","Core","20-pack","Heated"
"TEC-MA-10001261","HTP-VAR-038165","Heated Tobacco","Heat-not-burn","Value","10-pack","Heated"
"TEC-MA-10001267","HTP-VAR-734539","Heated Tobacco","Heat-not-burn","Core","20-pack","Heated"
"TEC-MA-10001279","HTP-VAR-446807","Heated Tobacco","Heat-not-burn","Value","Multi-pack","Heated"
"TEC-MA-10001290","HTP-VAR-592675","Heated Tobacco","Heat-not-burn","Core","20-pack","Heated"
"TEC-MA-10001296","HTP-VAR-662918","Heated Tobacco","Heat-not-burn","Value","10-pack","Heated"
"TEC-MA-10001298","HTP-VAR-197993","Heated Tobacco","Heat-not-burn","Value","Multi-pack","Heated"
"TEC-MA-10001302","HTP-VAR-541171","Heated Tobacco","Heat-not-burn","Core","Multi-pack","Heated"
"TEC-MA-10001305","HTP-VAR-917774","Heated Tobacco","Heat-not-burn","Value","10-pack","Heated"
"TEC-MA-10001308","HTP-VAR-870021","Heated Tobacco","Heat-not-burn","Premium","20-pack","Heated"
"TEC-MA-10001311","HTP-VAR-900435","Heated Tobacco","Heat-not-burn","Premium","10-pack","Heated"
"TEC-MA-10001330","HTP-VAR-596904","Heated Tobacco","Heat-not-burn","Premium","10-pack","Heated"
"TEC-MA-10001335","HTP-VAR-223010","Heated Tobacco","Heat-not-burn","Value","Multi-pack","Heated"
"TEC-MA-10001358","HTP-VAR-303996","Heated Tobacco","Heat-not-burn","Premium","10-pack","Heated"
"TEC-MA-10001360","HTP-VAR-358154","Heated Tobacco","Heat-not-burn","Value","20-pack","Heated"
"TEC-MA-10001372","HTP-VAR-934426","Heated Tobacco","Heat-not-burn","Core","10-pack","Heated"
"TEC-MA-10001403","HTP-VAR-101135","Heated Tobacco","Heat-not-burn","Value","10-pack","Heated"
"TEC-MA-10001411","HTP-VAR-788776","Heated Tobacco","Heat-not-burn","Core","20-pack","Heated"
"TEC-MA-10001447","HTP-VAR-495597","Heated Tobacco","Heat-not-burn","Premium","20-pack","Heated"
"TEC-MA-10001475","HTP-VAR-112605","Heated Tobacco","Heat-not-burn","Premium","30-pack","Heated"
"TEC-MA-10001494","HTP-VAR-845740","Heated Tobacco","Heat-not-burn","Core","30-pack","Heated"
"TEC-MA-10001527","HTP-VAR-519426","Heated Tobacco","Heat-not-burn","Premium","10-pack","Heated"
"TEC-MA-10001546","HTP-VAR-121031","Heated Tobacco","Heat-not-burn","Value","10-pack","Heated"
"TEC-MA-10001569","HTP-VAR-880601","Heated Tobacco","Heat-not-burn","Value","Multi-pack","Heated"
"TEC-MA-10001570","HTP-VAR-709165","Heated Tobacco","Heat-not-burn","Core","30-pack","Heated"
"TEC-MA-10001598","HTP-VAR-034419","Heated Tobacco","Heat-not-burn","Premium","30-pack","Heated"
"TEC-MA-10001607","HTP-VAR-187191","Heated Tobacco","Heat-not-burn","Premium","Multi-pack","Heated"
"TEC-MA-10001622","HTP-VAR-844964","Heated Tobacco","Heat-not-burn","Value","30-pack","Heated"
"TEC-MA-10001624","HTP-VAR-636969","Heated Tobacco","Heat-not-burn","Premium","Multi-pack","Heated"
"TEC-MA-10001627","HTP-VAR-043001","Heated Tobacco","Heat-not-burn","Value","20-pack","Heated"
"TEC-MA-10001681","HTP-VAR-412400","Heated Tobacco","Heat-not-burn","Value","30-pack","Heated"
"TEC-MA-10001695","HTP-VAR-233729","Heated Tobacco","Heat-not-burn","Value","30-pack","Heated"
"TEC-MA-10001711","HTP-VAR-599129","Heated Tobacco","Heat-not-burn","Value","10-pack","Heated"
"TEC-MA-10001726","HTP-VAR-692712","Heated Tobacco","Heat-not-burn","Premium","10-pack","Heated"
"TEC-MA-10001727","HTP-VAR-523499","Heated Tobacco","Heat-not-burn","Value","30-pack","Heated"
"TEC-MA-10001731","HTP-VAR-376795","Heated Tobacco","Heat-not-burn","Core","30-pack","Heated"
"TEC-MA-10001752","HTP-VAR-509520","Heated Tobacco","Heat-not-burn","Premium","30-pack","Heated"
"TEC-MA-10001777","HTP-VAR-399106","Heated Tobacco","Heat-not-burn","Core","Multi-pack","Heated"
"TEC-MA-10001792","HTP-VAR-005245","Heated Tobacco","Heat-not-burn","Core","30-pack","Heated"
"TEC-MA-10001811","HTP-VAR-607427","Heated Tobacco","Heat-not-burn","Value","20-pack","Heated"
"TEC-MA-10001825","HTP-VAR-251703","Heated Tobacco","Heat-not-burn","Premium","Multi-pack","Heated"
"TEC-MA-10001831","HTP-VAR-688511","Heated Tobacco","Heat-not-burn","Value","Multi-pack","Heated"
"TEC-MA-10001832","HTP-VAR-698479","Heated Tobacco","Heat-not-burn","Core","20-pack","Heated"
"TEC-MA-10001841","HTP-VAR-342799","Heated Tobacco","Heat-not-burn","Core","10-pack","Heated"
"TEC-MA-10001856","HTP-VAR-252904","Heated Tobacco","Heat-not-burn","Core","30-pack","Heated"
"TEC-MA-10001859","HTP-VAR-318619","Heated Tobacco","Heat-not-burn","Core","Multi-pack","Heated"
"TEC-MA-10001881","HTP-VAR-773719","Heated Tobacco","Heat-not-burn","Core","10-pack","Heated"
"TEC-MA-10001922","HTP-VAR-418668","Heated Tobacco","Heat-not-burn","Premium","Multi-pack","Heated"
"TEC-MA-10001934","HTP-VAR-542996","Heated Tobacco","Heat-not-burn","Value","Multi-pack","Heated"
"TEC-MA-10001940","HTP-VAR-446017","Heated Tobacco","Heat-not-burn","Core","20-pack","Heated"
"TEC-MA-10001966","HTP-VAR-876050","Heated Tobacco","Heat-not-burn","Value","30-pack","Heated"
"TEC-MA-10001972","HTP-VAR-621101","Heated Tobacco","Heat-not-burn","Value","30-pack","Heated"
"TEC-MA-10001991","HTP-VAR-076567","Heated Tobacco","Heat-not-burn","Core","30-pack","Heated"
"TEC-MA-10002029","HTP-VAR-624256","Heated Tobacco","Heat-not-burn","Core","30-pack","Heated"
"TEC-MA-10002039","HTP-VAR-217220","Heated Tobacco","Heat-not-burn","Value","Multi-pack","Heated"
"TEC-MA-10002040","HTP-VAR-760703","Heated Tobacco","Heat-not-burn","Value","10-pack","Heated"
"TEC-MA-10002043","HTP-VAR-795251","Heated Tobacco","Heat-not-burn","Value","30-pack","Heated"
"TEC-MA-10002055","HTP-VAR-645432","Heated Tobacco","Heat-not-burn","Premium","30-pack","Heated"
"TEC-MA-10002073","HTP-VAR-724083","Heated Tobacco","Heat-not-burn","Premium","20-pack","Heated"
"TEC-MA-10002080","HTP-VAR-141215","Heated Tobacco","Heat-not-burn","Value","10-pack","Heated"
"TEC-MA-10002093","HTP-VAR-451109","Heated Tobacco","Heat-not-burn","Value","Multi-pack","Heated"
"TEC-MA-10002109","HTP-VAR-290983","Heated Tobacco","Heat-not-burn","Core","Multi-pack","Heated"
"TEC-MA-10002118","HTP-VAR-515020","Heated Tobacco","Heat-not-burn","Core","10-pack","Heated"
"TEC-MA-10002134","HTP-VAR-335411","Heated Tobacco","Heat-not-burn","Value","20-pack","Heated"
"TEC-MA-10002135","HTP-VAR-989854","Heated Tobacco","Heat-not-burn","Core","Multi-pack","Heated"
"TEC-MA-10002148","HTP-VAR-613748","Heated Tobacco","Heat-not-burn","Value","20-pack","Heated"
"TEC-MA-10002149","HTP-VAR-549810","Heated Tobacco","Heat-not-burn","Premium","Multi-pack","Heated"
"TEC-MA-10002155","HTP-VAR-904278","Heated Tobacco","Heat-not-burn","Premium","20-pack","Heated"
"TEC-MA-10002165","HTP-VAR-913062","Heated Tobacco","Heat-not-burn","Premium","30-pack","Heated"
"TEC-MA-10002178","HTP-VAR-426739","Heated Tobacco","Heat-not-burn","Core","30-pack","Heated"
"TEC-MA-10002193","HTP-VAR-192251","Heated Tobacco","Heat-not-burn","Value","10-pack","Heated"
"TEC-MA-10002195","HTP-VAR-270285","Heated Tobacco","Heat-not-burn","Premium","20-pack","Heated"
"TEC-MA-10002210","HTP-VAR-168318","Heated Tobacco","Heat-not-burn","Premium","Multi-pack","Heated"
"TEC-MA-10002226","HTP-VAR-083068","Heated Tobacco","Heat-not-burn","Core","20-pack","Heated"
"TEC-MA-10002242","HTP-VAR-539283","Heated Tobacco","Heat-not-burn","Premium","30-pack","Heated"
"TEC-MA-10002249","HTP-VAR-128143","Heated Tobacco","Heat-not-burn","Core","30-pack","Heated"
"TEC-MA-10002263","HTP-VAR-141477","Heated Tobacco","Heat-not-burn","Premium","30-pack","Heated"
"TEC-MA-10002264","HTP-VAR-295706","Heated Tobacco","Heat-not-burn","Value","20-pack","Heated"
"TEC-MA-10002267","HTP-VAR-352022","Heated Tobacco","Heat-not-burn","Value","Multi-pack","Heated"
"TEC-MA-10002268","HTP-VAR-364550","Heated Tobacco","Heat-not-burn","Value","30-pack","Heated"
"TEC-MA-10002306","HTP-VAR-246334","Heated Tobacco","Heat-not-burn","Core","10-pack","Heated"
"TEC-MA-10002316","HTP-VAR-495042","Heated Tobacco","Heat-not-burn","Premium","20-pack","Heated"
"TEC-MA-10002340","HTP-VAR-657534","Heated Tobacco","Heat-not-burn","Premium","20-pack","Heated"
"TEC-MA-10002368","HTP-VAR-677636","Heated Tobacco","Heat-not-burn","Value","20-pack","Heated"
"TEC-MA-10002389","HTP-VAR-649737","Heated Tobacco","Heat-not-burn","Premium","20-pack","Heated"
"TEC-MA-10002392","HTP-VAR-334671","Heated Tobacco","Heat-not-burn","Premium","10-pack","Heated"
"TEC-MA-10002412","HTP-VAR-115951","Heated Tobacco","Heat-not-burn","Core","20-pack","Heated"
"TEC-MA-10002413","HTP-VAR-983448","Heated Tobacco","Heat-not-burn","Premium","Multi-pack","Heated"
"TEC-MA-10002424","HTP-VAR-402152","Heated Tobacco","Heat-not-burn","Value","Multi-pack","Heated"
"TEC-MA-10002428","HTP-VAR-057949","Heated Tobacco","Heat-not-burn","Core","10-pack","Heated"
"TEC-MA-10002435","HTP-VAR-119683","Heated Tobacco","Heat-not-burn","Core","10-pack","Heated"
"TEC-MA-10002459","HTP-VAR-254547","Heated Tobacco","Heat-not-burn","Premium","20-pack","Heated"
"TEC-MA-10002464","HTP-VAR-987744","Heated Tobacco","Heat-not-burn","Premium","Multi-pack","Heated"
"TEC-MA-10002468","HTP-VAR-396954","Heated Tobacco","Heat-not-burn","Premium","10-pack","Heated"
"TEC-MA-10002471","HTP-VAR-131509","Heated Tobacco","Heat-not-burn","Core","20-pack","Heated"
"TEC-MA-10002520","HTP-VAR-449524","Heated Tobacco","Heat-not-burn","Core","20-pack","Heated"
"TEC-MA-10002521","HTP-VAR-909600","Heated Tobacco","Heat-not-burn","Premium","Multi-pack","Heated"
"TEC-MA-10002525","HTP-VAR-056920","Heated Tobacco","Heat-not-burn","Core","30-pack","Heated"
"TEC-MA-10002538","HTP-VAR-294666","Heated Tobacco","Heat-not-burn","Premium","30-pack","Heated"
"TEC-MA-10002571","HTP-VAR-046246","Heated Tobacco","Heat-not-burn","Core","30-pack","Heated"
"TEC-MA-10002614","HTP-VAR-160443","Heated Tobacco","Heat-not-burn","Premium","30-pack","Heated"
"TEC-MA-10002629","HTP-VAR-421090","Heated Tobacco","Heat-not-burn","Core","10-pack","Heated"
"TEC-MA-10002633","HTP-VAR-908318","Heated Tobacco","Heat-not-burn","Value","Multi-pack","Heated"
"TEC-MA-10002660","HTP-VAR-925202","Heated Tobacco","Heat-not-burn","Value","10-pack","Heated"
"TEC-MA-10002680","HTP-VAR-765956","Heated Tobacco","Heat-not-burn","Value","30-pack","Heated"
"TEC-MA-10002686","HTP-VAR-960913","Heated Tobacco","Heat-not-burn","Core","Multi-pack","Heated"
"TEC-MA-10002694","HTP-VAR-322789","Heated Tobacco","Heat-not-burn","Core","30-pack","Heated"
"TEC-MA-10002701","HTP-VAR-259850","Heated Tobacco","Heat-not-burn","Value","Multi-pack","Heated"
"TEC-MA-10002710","HTP-VAR-511841","Heated Tobacco","Heat-not-burn","Value","10-pack","Heated"
"TEC-MA-10002711","HTP-VAR-846151","Heated Tobacco","Heat-not-burn","Core","30-pack","Heated"
"TEC-MA-10002712","HTP-VAR-654851","Heated Tobacco","Heat-not-burn","Value","10-pack","Heated"
"TEC-MA-10002722","HTP-VAR-982867","Heated Tobacco","Heat-not-burn","Core","Multi-pack","Heated"
"TEC-MA-10002729","HTP-VAR-348085","Heated Tobacco","Heat-not-burn","Core","Multi-pack","Heated"
"TEC-MA-10002771","HTP-VAR-121119","Heated Tobacco","Heat-not-burn","Premium","10-pack","Heated"
"TEC-MA-10002779","HTP-VAR-555040","Heated Tobacco","Heat-not-burn","Core","30-pack","Heated"
"TEC-MA-10002780","HTP-VAR-018093","Heated Tobacco","Heat-not-burn","Premium","20-pack","Heated"
"TEC-MA-10002790","HTP-VAR-562477","Heated Tobacco","Heat-not-burn","Core","10-pack","Heated"
"TEC-MA-10002827","HTP-VAR-561176","Heated Tobacco","Heat-not-burn","Value","20-pack","Heated"
"TEC-MA-10002844","HTP-VAR-294642","Heated Tobacco","Heat-not-burn","Premium","20-pack","Heated"
"TEC-MA-10002859","HTP-VAR-014434","Heated Tobacco","Heat-not-burn","Core","20-pack","Heated"
"TEC-MA-10002864","HTP-VAR-144390","Heated Tobacco","Heat-not-burn","Premium","Multi-pack","Heated"
"TEC-MA-10002871","HTP-VAR-167887","Heated Tobacco","Heat-not-burn","Core","20-pack","Heated"
"TEC-MA-10002874","HTP-VAR-668719","Heated Tobacco","Heat-not-burn","Core","30-pack","Heated"
"TEC-MA-10002898","HTP-VAR-142712","Heated Tobacco","Heat-not-burn","Value","Multi-pack","Heated"
"TEC-MA-10002910","HTP-VAR-284955","Heated Tobacco","Heat-not-burn","Premium","30-pack","Heated"
"TEC-MA-10002918","HTP-VAR-117409","Heated Tobacco","Heat-not-burn","Core","10-pack","Heated"
"TEC-MA-10002927","HTP-VAR-780482","Heated Tobacco","Heat-not-burn","Value","30-pack","Heated"
"TEC-MA-10002930","HTP-VAR-962626","Heated Tobacco","Heat-not-burn","Core","10-pack","Heated"
"TEC-MA-10002931","HTP-VAR-425232","Heated Tobacco","Heat-not-burn","Premium","30-pack","Heated"
"TEC-MA-10002937","HTP-VAR-847034","Heated Tobacco","Heat-not-burn","Value","Multi-pack","Heated"
"TEC-MA-10002941","HTP-VAR-610309","Heated Tobacco","Heat-not-burn","Core","20-pack","Heated"
"TEC-MA-10002952","HTP-VAR-186673","Heated Tobacco","Heat-not-burn","Core","30-pack","Heated"
"TEC-MA-10002981","HTP-VAR-775359","Heated Tobacco","Heat-not-burn","Premium","20-pack","Heated"
"TEC-MA-10002989","HTP-VAR-817838","Heated Tobacco","Heat-not-burn","Value","Multi-pack","Heated"
"TEC-MA-10002992","HTP-VAR-444534","Heated Tobacco","Heat-not-burn","Premium","30-pack","Heated"
"TEC-MA-10002998","HTP-VAR-713876","Heated Tobacco","Heat-not-burn","Value","10-pack","Heated"
"TEC-MA-10003066","HTP-VAR-209707","Heated Tobacco","Heat-not-burn","Core","30-pack","Heated"
"TEC-MA-10003078","HTP-VAR-906772","Heated Tobacco","Heat-not-burn","Core","10-pack","Heated"
"TEC-MA-10003079","HTP-VAR-481949","Heated Tobacco","Heat-not-burn","Value","30-pack","Heated"
"TEC-MA-10003084","HTP-VAR-119669","Heated Tobacco","Heat-not-burn","Value","10-pack","Heated"
"TEC-MA-10003101","HTP-VAR-122663","Heated Tobacco","Heat-not-burn","Value","10-pack","Heated"
"TEC-MA-10003112","HTP-VAR-449085","Heated Tobacco","Heat-not-burn","Premium","Multi-pack","Heated"
"TEC-MA-10003121","HTP-VAR-522157","Heated Tobacco","Heat-not-burn","Core","30-pack","Heated"
"TEC-MA-10003146","HTP-VAR-813861","Heated Tobacco","Heat-not-burn","Premium","Multi-pack","Heated"
"TEC-MA-10003154","HTP-VAR-326217","Heated Tobacco","Heat-not-burn","Premium","30-pack","Heated"
"TEC-MA-10003170","HTP-VAR-422631","Heated Tobacco","Heat-not-burn","Premium","20-pack","Heated"
"TEC-MA-10003173","HTP-VAR-458715","Heated Tobacco","Heat-not-burn","Premium","Multi-pack","Heated"
"TEC-MA-10003176","HTP-VAR-361848","Heated Tobacco","Heat-not-burn","Premium","10-pack","Heated"
"TEC-MA-10003178","HTP-VAR-480983","Heated Tobacco","Heat-not-burn","Value","Multi-pack","Heated"
"TEC-MA-10003183","HTP-VAR-584976","Heated Tobacco","Heat-not-burn","Premium","10-pack","Heated"
"TEC-MA-10003185","HTP-VAR-088520","Heated Tobacco","Heat-not-burn","Value","20-pack","Heated"
"TEC-MA-10003198","HTP-VAR-759885","Heated Tobacco","Heat-not-burn","Premium","20-pack","Heated"
"TEC-MA-10003223","HTP-VAR-894052","Heated Tobacco","Heat-not-burn","Core","Multi-pack","Heated"
"TEC-MA-10003230","HTP-VAR-534878","Heated Tobacco","Heat-not-burn","Value","10-pack","Heated"
"TEC-MA-10003246","HTP-VAR-141218","Heated Tobacco","Heat-not-burn","Value","30-pack","Heated"
"TEC-MA-10003251","HTP-VAR-690515","Heated Tobacco","Heat-not-burn","Value","10-pack","Heated"
"TEC-MA-10003261","HTP-VAR-581701","Heated Tobacco","Heat-not-burn","Core","Multi-pack","Heated"
"TEC-MA-10003280","HTP-VAR-862864","Heated Tobacco","Heat-not-burn","Core","Multi-pack","Heated"
"TEC-MA-10003298","HTP-VAR-774071","Heated Tobacco","Heat-not-burn","Value","10-pack","Heated"
"TEC-MA-10003314","HTP-VAR-708675","Heated Tobacco","Heat-not-burn","Premium","10-pack","Heated"
"TEC-MA-10003315","HTP-VAR-171281","Heated Tobacco","Heat-not-burn","Value","30-pack","Heated"
"TEC-MA-10003326","HTP-VAR-206895","Heated Tobacco","Heat-not-burn","Premium","Multi-pack","Heated"
"TEC-MA-10003329","HTP-VAR-693928","Heated Tobacco","Heat-not-burn","Core","30-pack","Heated"
"TEC-MA-10003330","HTP-VAR-397346","Heated Tobacco","Heat-not-burn","Value","Multi-pack","Heated"
"TEC-MA-10003332","HTP-VAR-160475","Heated Tobacco","Heat-not-burn","Value","Multi-pack","Heated"
"TEC-MA-10003337","HTP-VAR-092394","Heated Tobacco","Heat-not-burn","Premium","10-pack","Heated"
"TEC-MA-10003338","HTP-VAR-006788","Heated Tobacco","Heat-not-burn","Value","20-pack","Heated"
"TEC-MA-10003349","HTP-VAR-557665","Heated Tobacco","Heat-not-burn","Core","10-pack","Heated"
"TEC-MA-10003351","HTP-VAR-388126","Heated Tobacco","Heat-not-burn","Core","Multi-pack","Heated"
"TEC-MA-10003353","HTP-VAR-836003","Heated Tobacco","Heat-not-burn","Value","Multi-pack","Heated"
"TEC-MA-10003356","HTP-VAR-111389","Heated Tobacco","Heat-not-burn","Value","10-pack","Heated"
"TEC-MA-10003361","HTP-VAR-799979","Heated Tobacco","Heat-not-burn","Value","10-pack","Heated"
"TEC-MA-10003366","HTP-VAR-559678","Heated Tobacco","Heat-not-burn","Core","Multi-pack","Heated"
"TEC-MA-10003390","HTP-VAR-511845","Heated Tobacco","Heat-not-burn","Premium","20-pack","Heated"
"TEC-MA-10003400","HTP-VAR-709015","Heated Tobacco","Heat-not-burn","Core","20-pack","Heated"
"TEC-MA-10003404","HTP-VAR-158094","Heated Tobacco","Heat-not-burn","Premium","10-pack","Heated"
"TEC-MA-10003422","HTP-VAR-945174","Heated Tobacco","Heat-not-burn","Premium","Multi-pack","Heated"
"TEC-MA-10003441","HTP-VAR-208329","Heated Tobacco","Heat-not-burn","Premium","Multi-pack","Heated"
"TEC-MA-10003461","HTP-VAR-566745","Heated Tobacco","Heat-not-burn","Premium","20-pack","Heated"
"TEC-MA-10003471","HTP-VAR-580579","Heated Tobacco","Heat-not-burn","Core","10-pack","Heated"
"TEC-MA-10003478","HTP-VAR-142551","Heated Tobacco","Heat-not-burn","Premium","10-pack","Heated"
"TEC-MA-10003486","HTP-VAR-107114","Heated Tobacco","Heat-not-burn","Value","10-pack","Heated"
"TEC-MA-10003492","HTP-VAR-648152","Heated Tobacco","Heat-not-burn","Value","10-pack","Heated"
"TEC-MA-10003493","HTP-VAR-972464","Heated Tobacco","Heat-not-burn","Value","30-pack","Heated"
"TEC-MA-10003515","HTP-VAR-802450","Heated Tobacco","Heat-not-burn","Core","10-pack","Heated"
"TEC-MA-10003536","HTP-VAR-576327","Heated Tobacco","Heat-not-burn","Premium","10-pack","Heated"
"TEC-MA-10003553","HTP-VAR-438093","Heated Tobacco","Heat-not-burn","Premium","20-pack","Heated"
"TEC-MA-10003557","HTP-VAR-360361","Heated Tobacco","Heat-not-burn","Core","10-pack","Heated"
"TEC-MA-10003558","HTP-VAR-658141","Heated Tobacco","Heat-not-burn","Core","20-pack","Heated"
"TEC-MA-10003589","HTP-VAR-413099","Heated Tobacco","Heat-not-burn","Value","30-pack","Heated"
"TEC-MA-10003607","HTP-VAR-868104","Heated Tobacco","Heat-not-burn","Premium","10-pack","Heated"
"TEC-MA-10003624","HTP-VAR-919441","Heated Tobacco","Heat-not-burn","Core","10-pack","Heated"
"TEC-MA-10003625","HTP-VAR-098665","Heated Tobacco","Heat-not-burn","Core","30-pack","Heated"
"TEC-MA-10003626","HTP-VAR-562261","Heated Tobacco","Heat-not-burn","Core","10-pack","Heated"
"TEC-MA-10003630","HTP-VAR-255378","Heated Tobacco","Heat-not-burn","Premium","10-pack","Heated"
"TEC-MA-10003631","HTP-VAR-909619","Heated Tobacco","Heat-not-burn","Core","30-pack","Heated"
"TEC-MA-10003632","HTP-VAR-849436","Heated Tobacco","Heat-not-burn","Core","10-pack","Heated"
"TEC-MA-10003673","HTP-VAR-576461","Heated Tobacco","Heat-not-burn","Value","30-pack","Heated"
"TEC-MA-10003674","HTP-VAR-117508","Heated Tobacco","Heat-not-burn","Core","20-pack","Heated"
"TEC-MA-10003682","HTP-VAR-719333","Heated Tobacco","Heat-not-burn","Value","Multi-pack","Heated"
"TEC-MA-10003698","HTP-VAR-695777","Heated Tobacco","Heat-not-burn","Value","10-pack","Heated"
"TEC-MA-10003704","HTP-VAR-472268","Heated Tobacco","Heat-not-burn","Value","20-pack","Heated"
"TEC-MA-10003730","HTP-VAR-551068","Heated Tobacco","Heat-not-burn","Core","Multi-pack","Heated"
"TEC-MA-10003743","HTP-VAR-063379","Heated Tobacco","Heat-not-burn","Core","30-pack","Heated"
"TEC-MA-10003757","HTP-VAR-832344","Heated Tobacco","Heat-not-burn","Premium","30-pack","Heated"
"TEC-MA-10003773","HTP-VAR-815317","Heated Tobacco","Heat-not-burn","Core","20-pack","Heated"
"TEC-MA-10003779","HTP-VAR-235634","Heated Tobacco","Heat-not-burn","Value","Multi-pack","Heated"
"TEC-MA-10003780","HTP-VAR-283085","Heated Tobacco","Heat-not-burn","Value","10-pack","Heated"
"TEC-MA-10003787","HTP-VAR-457699","Heated Tobacco","Heat-not-burn","Core","Multi-pack","Heated"
"TEC-MA-10003796","HTP-VAR-669607","Heated Tobacco","Heat-not-burn","Core","10-pack","Heated"
"TEC-MA-10003801","HTP-VAR-155258","Heated Tobacco","Heat-not-burn","Value","Multi-pack","Heated"
"TEC-MA-10003812","HTP-VAR-562172","Heated Tobacco","Heat-not-burn","Value","10-pack","Heated"
"TEC-MA-10003816","HTP-VAR-395008","Heated Tobacco","Heat-not-burn","Core","20-pack","Heated"
"TEC-MA-10003856","HTP-VAR-019021","Heated Tobacco","Heat-not-burn","Core","20-pack","Heated"
"TEC-MA-10003868","HTP-VAR-688367","Heated Tobacco","Heat-not-burn","Value","20-pack","Heated"
"TEC-MA-10003885","HTP-VAR-338841","Heated Tobacco","Heat-not-burn","Premium","30-pack","Heated"
"TEC-MA-10003886","HTP-VAR-808549","Heated Tobacco","Heat-not-burn","Core","10-pack","Heated"
"TEC-MA-10003909","HTP-VAR-138685","Heated Tobacco","Heat-not-burn","Core","30-pack","Heated"
"TEC-MA-10003923","HTP-VAR-624503","Heated Tobacco","Heat-not-burn","Value","30-pack","Heated"
"TEC-MA-10003927","HTP-VAR-472552","Heated Tobacco","Heat-not-burn","Core","Multi-pack","Heated"
"TEC-MA-10003936","HTP-VAR-845176","Heated Tobacco","Heat-not-burn","Core","10-pack","Heated"
"TEC-MA-10003953","HTP-VAR-762624","Heated Tobacco","Heat-not-burn","Premium","20-pack","Heated"
"TEC-MA-10003975","HTP-VAR-485216","Heated Tobacco","Heat-not-burn","Value","30-pack","Heated"
"TEC-MA-10003979","HTP-VAR-198246","Heated Tobacco","Heat-not-burn","Premium","20-pack","Heated"
"TEC-MA-10003986","HTP-VAR-071560","Heated Tobacco","Heat-not-burn","Core","Multi-pack","Heated"
"TEC-MA-10003990","HTP-VAR-823700","Heated Tobacco","Heat-not-burn","Value","Multi-pack","Heated"
"TEC-MA-10003998","HTP-VAR-197970","Heated Tobacco","Heat-not-burn","Premium","20-pack","Heated"
"TEC-MA-10004002","HTP-VAR-173549","Heated Tobacco","Heat-not-burn","Value","10-pack","Heated"
"TEC-MA-10004023","HTP-VAR-098682","Heated Tobacco","Heat-not-burn","Premium","10-pack","Heated"
"TEC-MA-10004049","HTP-VAR-601086","Heated Tobacco","Heat-not-burn","Premium","10-pack","Heated"
"TEC-MA-10004059","HTP-VAR-656904","Heated Tobacco","Heat-not-burn","Premium","20-pack","Heated"
"TEC-MA-10004063","HTP-VAR-202091","Heated Tobacco","Heat-not-burn","Value","10-pack","Heated"
"TEC-MA-10004064","HTP-VAR-377302","Heated Tobacco","Heat-not-burn","Core","Multi-pack","Heated"
"TEC-MA-10004086","HTP-VAR-989512","Heated Tobacco","Heat-not-burn","Core","20-pack","Heated"
"TEC-MA-10004116","HTP-VAR-155581","Heated Tobacco","Heat-not-burn","Core","Multi-pack","Heated"
"TEC-MA-10004125","HTP-VAR-300172","Heated Tobacco","Heat-not-burn","Core","30-pack","Heated"
"TEC-MA-10004143","HTP-VAR-972095","Heated Tobacco","Heat-not-burn","Value","20-pack","Heated"
"TEC-MA-10004168","HTP-VAR-476837","Heated Tobacco","Heat-not-burn","Value","Multi-pack","Heated"
"TEC-MA-10004172","HTP-VAR-627160","Heated Tobacco","Heat-not-burn","Core","10-pack","Heated"
"TEC-MA-10004198","HTP-VAR-323136","Heated Tobacco","Heat-not-burn","Premium","10-pack","Heated"
"TEC-MA-10004212","HTP-VAR-257487","Heated Tobacco","Heat-not-burn","Premium","Multi-pack","Heated"
"TEC-MA-10004224","HTP-VAR-654612","Heated Tobacco","Heat-not-burn","Premium","20-pack","Heated"
"TEC-MA-10004236","HTP-VAR-651311","Heated Tobacco","Heat-not-burn","Value","10-pack","Heated"
"TEC-MA-10004241","HTP-VAR-890496","Heated Tobacco","Heat-not-burn","Premium","10-pack","Heated"
"TEC-MA-10004249","HTP-VAR-229766","Heated Tobacco","Heat-not-burn","Value","30-pack","Heated"
"TEC-MA-10004255","HTP-VAR-783205","Heated Tobacco","Heat-not-burn","Core","10-pack","Heated"
"TEC-MA-10004295","HTP-VAR-957279","Heated Tobacco","Heat-not-burn","Premium","10-pack","Heated"
"TEC-MA-10004298","HTP-VAR-133587","Heated Tobacco","Heat-not-burn","Premium","20-pack","Heated"
"TEC-MA-10004303","HTP-VAR-435067","Heated Tobacco","Heat-not-burn","Core","Multi-pack","Heated"
"TEC-MA-10004323","HTP-VAR-841397","Heated Tobacco","Heat-not-burn","Value","20-pack","Heated"
"TEC-MA-10004408","HTP-VAR-262831","Heated Tobacco","Heat-not-burn","Core","30-pack","Heated"
"TEC-MA-10004414","HTP-VAR-585178","Heated Tobacco","Heat-not-burn","Core","10-pack","Heated"
"TEC-MA-10004421","HTP-VAR-918660","Heated Tobacco","Heat-not-burn","Premium","10-pack","Heated"
"TEC-MA-10004423","HTP-VAR-997768","Heated Tobacco","Heat-not-burn","Core","10-pack","Heated"
"TEC-MA-10004424","HTP-VAR-997691","Heated Tobacco","Heat-not-burn","Value","Multi-pack","Heated"
"TEC-MA-10004428","HTP-VAR-061891","Heated Tobacco","Heat-not-burn","Core","10-pack","Heated"
"TEC-MA-10004446","HTP-VAR-180534","Heated Tobacco","Heat-not-burn","Premium","20-pack","Heated"
"TEC-MA-10004452","HTP-VAR-871273","Heated Tobacco","Heat-not-burn","Core","20-pack","Heated"
"TEC-MA-10004458","HTP-VAR-578692","Heated Tobacco","Heat-not-burn","Core","Multi-pack","Heated"
"TEC-MA-10004482","HTP-VAR-848133","Heated Tobacco","Heat-not-burn","Premium","10-pack","Heated"
"TEC-MA-10004486","HTP-VAR-862354","Heated Tobacco","Heat-not-burn","Core","20-pack","Heated"
"TEC-MA-10004502","HTP-VAR-372224","Heated Tobacco","Heat-not-burn","Value","Multi-pack","Heated"
"TEC-MA-10004521","HTP-VAR-844631","Heated Tobacco","Heat-not-burn","Value","Multi-pack","Heated"
"TEC-MA-10004533","HTP-VAR-605428","Heated Tobacco","Heat-not-burn","Core","30-pack","Heated"
"TEC-MA-10004534","HTP-VAR-918197","Heated Tobacco","Heat-not-burn","Value","20-pack","Heated"
"TEC-MA-10004535","HTP-VAR-919887","Heated Tobacco","Heat-not-burn","Premium","Multi-pack","Heated"
"TEC-MA-10004552","HTP-VAR-442506","Heated Tobacco","Heat-not-burn","Premium","30-pack","Heated"
"TEC-MA-10004553","HTP-VAR-144020","Heated Tobacco","Heat-not-burn","Value","10-pack","Heated"
"TEC-MA-10004584","HTP-VAR-838725","Heated Tobacco","Heat-not-burn","Premium","30-pack","Heated"
"TEC-MA-10004587","HTP-VAR-394236","Heated Tobacco","Heat-not-burn","Premium","10-pack","Heated"
"TEC-MA-10004603","HTP-VAR-658422","Heated Tobacco","Heat-not-burn","Premium","10-pack","Heated"
"TEC-MA-10004609","HTP-VAR-598659","Heated Tobacco","Heat-not-burn","Premium","30-pack","Heated"
"TEC-MA-10004613","HTP-VAR-819586","Heated Tobacco","Heat-not-burn","Core","20-pack","Heated"
"TEC-MA-10004615","HTP-VAR-910550","Heated Tobacco","Heat-not-burn","Value","10-pack","Heated"
"TEC-MA-10004617","HTP-VAR-615950","Heated Tobacco","Heat-not-burn","Value","10-pack","Heated"
"TEC-MA-10004626","HTP-VAR-423608","Heated Tobacco","Heat-not-burn","Value","20-pack","Heated"
"TEC-MA-10004655","HTP-VAR-958804","Heated Tobacco","Heat-not-burn","Core","10-pack","Heated"
"TEC-MA-10004666","HTP-VAR-398984","Heated Tobacco","Heat-not-burn","Value","20-pack","Heated"
"TEC-MA-10004669","HTP-VAR-741755","Heated Tobacco","Heat-not-burn","Value","10-pack","Heated"
"TEC-MA-10004679","HTP-VAR-691873","Heated Tobacco","Heat-not-burn","Core","20-pack","Heated"
"TEC-MA-10004684","HTP-VAR-358204","Heated Tobacco","Heat-not-burn","Core","Multi-pack","Heated"
"TEC-MA-10004693","HTP-VAR-685674","Heated Tobacco","Heat-not-burn","Premium","20-pack","Heated"
"TEC-MA-10004772","HTP-VAR-202374","Heated Tobacco","Heat-not-burn","Premium","30-pack","Heated"
"TEC-MA-10004814","HTP-VAR-861068","Heated Tobacco","Heat-not-burn","Value","10-pack","Heated"
"TEC-MA-10004820","HTP-VAR-724950","Heated Tobacco","Heat-not-burn","Premium","30-pack","Heated"
"TEC-MA-10004822","HTP-VAR-895985","Heated Tobacco","Heat-not-burn","Value","30-pack","Heated"
"TEC-MA-10004842","HTP-VAR-351608","Heated Tobacco","Heat-not-burn","Value","10-pack","Heated"
"TEC-MA-10004857","HTP-VAR-484621","Heated Tobacco","Heat-not-burn","Core","30-pack","Heated"
"TEC-MA-10004896","HTP-VAR-414850","Heated Tobacco","Heat-not-burn","Core","10-pack","Heated"
"TEC-MA-10004897","HTP-VAR-204053","Heated Tobacco","Heat-not-burn","Value","30-pack","Heated"
"TEC-MA-10004902","HTP-VAR-531474","Heated Tobacco","Heat-not-burn","Premium","Multi-pack","Heated"
"TEC-MA-10004929","HTP-VAR-532295","Heated Tobacco","Heat-not-burn","Value","20-pack","Heated"
"TEC-MA-10004933","HTP-VAR-066627","Heated Tobacco","Heat-not-burn","Premium","30-pack","Heated"
"TEC-MA-10004954","HTP-VAR-783629","Heated Tobacco","Heat-not-burn","Value","Multi-pack","Heated"
"TEC-MA-10004955","HTP-VAR-853132","Heated Tobacco","Heat-not-burn","Core","20-pack","Heated"
"TEC-MA-10004956","HTP-VAR-250416","Heated Tobacco","Heat-not-burn","Premium","Multi-pack","Heated"
"TEC-MA-10004975","HTP-VAR-426084","Heated Tobacco","Heat-not-burn","Premium","Multi-pack","Heated"
"TEC-MA-10004985","HTP-VAR-877891","Heated Tobacco","Heat-not-burn","Core","10-pack","Heated"
"TEC-MA-10004993","HTP-VAR-289993","Heated Tobacco","Heat-not-burn","Core","10-pack","Heated"
"TEC-MA-10004997","HTP-VAR-907284","Heated Tobacco","Heat-not-burn","Premium","20-pack","Heated"
"TEC-MEM-10000178","HTP-VAR-663630","Heated Tobacco","Heat-not-burn","Premium","10-pack","Heated"
"TEC-MEM-10000263","HTP-VAR-149680","Heated Tobacco","Heat-not-burn","Core","10-pack","Heated"
"TEC-MEM-10000312","HTP-VAR-503824","Heated Tobacco","Heat-not-burn","Core","30-pack","Heated"
"TEC-MEM-10000374","HTP-VAR-206576","Heated Tobacco","Heat-not-burn","Value","20-pack","Heated"
"TEC-MEM-10000582","HTP-VAR-601804","Heated Tobacco","Heat-not-burn","Core","20-pack","Heated"
"TEC-MEM-10000649","HTP-VAR-753384","Heated Tobacco","Heat-not-burn","Premium","10-pack","Heated"
"TEC-MEM-10000723","HTP-VAR-642624","Heated Tobacco","Heat-not-burn","Premium","Multi-pack","Heated"
"TEC-MEM-10000919","HTP-VAR-261385","Heated Tobacco","Heat-not-burn","Core","10-pack","Heated"
"TEC-MEM-10001163","HTP-VAR-706358","Heated Tobacco","Heat-not-burn","Value","10-pack","Heated"
"TEC-MEM-10001409","HTP-VAR-954543","Heated Tobacco","Heat-not-burn","Premium","Multi-pack","Heated"
"TEC-MEM-10001436","HTP-VAR-942845","Heated Tobacco","Heat-not-burn","Value","20-pack","Heated"
"TEC-MEM-10001732","HTP-VAR-260136","Heated Tobacco","Heat-not-burn","Premium","20-pack","Heated"
"TEC-MEM-10002005","HTP-VAR-862465","Heated Tobacco","Heat-not-burn","Core","30-pack","Heated"
"TEC-MEM-10002202","HTP-VAR-191362","Heated Tobacco","Heat-not-burn","Core","Multi-pack","Heated"
"TEC-MEM-10002280","HTP-VAR-872053","Heated Tobacco","Heat-not-burn","Core","Multi-pack","Heated"
"TEC-MEM-10002524","HTP-VAR-084260","Heated Tobacco","Heat-not-burn","Value","20-pack","Heated"
"TEC-MEM-10002883","HTP-VAR-436947","Heated Tobacco","Heat-not-burn","Premium","Multi-pack","Heated"
"TEC-MEM-10002919","HTP-VAR-800605","Heated Tobacco","Heat-not-burn","Core","Multi-pack","Heated"
"TEC-MEM-10003302","HTP-VAR-827190","Heated Tobacco","Heat-not-burn","Premium","20-pack","Heated"
"TEC-MEM-10003743","HTP-VAR-004536","Heated Tobacco","Heat-not-burn","Premium","Multi-pack","Heated"
"TEC-MEM-10004014","HTP-VAR-838598","Heated Tobacco","Heat-not-burn","Value","20-pack","Heated"
"TEC-MEM-10004524","HTP-VAR-413680","Heated Tobacco","Heat-not-burn","Core","20-pack","Heated"
"TEC-MEM-10004782","HTP-VAR-286539","Heated Tobacco","Heat-not-burn","Premium","10-pack","Heated"
"TEC-MOT-10000554","HTP-VAR-443308","Heated Tobacco","Heat-not-burn","Core","Multi-pack","Heated"
"TEC-MOT-10000851","HTP-VAR-832918","Heated Tobacco","Heat-not-burn","Core","Multi-pack","Heated"
"TEC-MOT-10000939","HTP-VAR-076739","Heated Tobacco","Heat-not-burn","Value","10-pack","Heated"
"TEC-MOT-10001088","HTP-VAR-741235","Heated Tobacco","Heat-not-burn","Core","Multi-pack","Heated"
"TEC-MOT-10001178","HTP-VAR-215225","Heated Tobacco","Heat-not-burn","Value","Multi-pack","Heated"
"TEC-MOT-10001196","HTP-VAR-696782","Heated Tobacco","Heat-not-burn","Value","30-pack","Heated"
"TEC-MOT-10001244","HTP-VAR-728081","Heated Tobacco","Heat-not-burn","Value","30-pack","Heated"
"TEC-MOT-10001342","HTP-VAR-620617","Heated Tobacco","Heat-not-burn","Core","10-pack","Heated"
"TEC-MOT-10001535","HTP-VAR-781246","Heated Tobacco","Heat-not-burn","Core","30-pack","Heated"
"TEC-MOT-10001927","HTP-VAR-643025","Heated Tobacco","Heat-not-burn","Value","Multi-pack","Heated"
"TEC-MOT-10001950","HTP-VAR-816573","Heated Tobacco","Heat-not-burn","Premium","Multi-pack","Heated"
"TEC-MOT-10002260","HTP-VAR-109326","Heated Tobacco","Heat-not-burn","Premium","Multi-pack","Heated"
"TEC-MOT-10002272","HTP-VAR-400362","Heated Tobacco","Heat-not-burn","Premium","30-pack","Heated"
"TEC-MOT-10002372","HTP-VAR-679696","Heated Tobacco","Heat-not-burn","Core","20-pack","Heated"
"TEC-MOT-10002560","HTP-VAR-604753","Heated Tobacco","Heat-not-burn","Core","30-pack","Heated"
"TEC-MOT-10002689","HTP-VAR-457421","Heated Tobacco","Heat-not-burn","Value","20-pack","Heated"
"TEC-MOT-10002855","HTP-VAR-517766","Heated Tobacco","Heat-not-burn","Value","20-pack","Heated"
"TEC-MOT-10003050","HTP-VAR-937581","Heated Tobacco","Heat-not-burn","Premium","Multi-pack","Heated"
"TEC-MOT-10003348","HTP-VAR-562086","Heated Tobacco","Heat-not-burn","Premium","20-pack","Heated"
"TEC-MOT-10003366","HTP-VAR-170409","Heated Tobacco","Heat-not-burn","Premium","10-pack","Heated"
"TEC-MOT-10004111","HTP-VAR-768624","Heated Tobacco","Heat-not-burn","Premium","Multi-pack","Heated"
"TEC-MOT-10004136","HTP-VAR-111657","Heated Tobacco","Heat-not-burn","Premium","30-pack","Heated"
"TEC-MOT-10004345","HTP-VAR-884607","Heated Tobacco","Heat-not-burn","Premium","20-pack","Heated"
"TEC-MOT-10004682","HTP-VAR-731409","Heated Tobacco","Heat-not-burn","Premium","20-pack","Heated"
"TEC-NOK-10000002","HTP-VAR-501032","Heated Tobacco","Heat-not-burn","Value","20-pack","Heated"
"TEC-NOK-10000534","HTP-VAR-452202","Heated Tobacco","Heat-not-burn","Premium","10-pack","Heated"
"TEC-NOK-10000784","HTP-VAR-699520","Heated Tobacco","Heat-not-burn","Core","20-pack","Heated"
"TEC-NOK-10001058","HTP-VAR-424277","Heated Tobacco","Heat-not-burn","Value","Multi-pack","Heated"
"TEC-NOK-10001070","HTP-VAR-282032","Heated Tobacco","Heat-not-burn","Value","Multi-pack","Heated"
"TEC-NOK-10001172","HTP-VAR-112701","Heated Tobacco","Heat-not-burn","Premium","10-pack","Heated"
"TEC-NOK-10001219","HTP-VAR-150488","Heated Tobacco","Heat-not-burn","Value","Multi-pack","Heated"
"TEC-NOK-10001282","HTP-VAR-937477","Heated Tobacco","Heat-not-burn","Core","30-pack","Heated"
"TEC-NOK-10001283","HTP-VAR-971977","Heated Tobacco","Heat-not-burn","Core","10-pack","Heated"
"TEC-NOK-10001319","HTP-VAR-720660","Heated Tobacco","Heat-not-burn","Premium","10-pack","Heated"
"TEC-NOK-10001678","HTP-VAR-338895","Heated Tobacco","Heat-not-burn","Premium","Multi-pack","Heated"
"TEC-NOK-10001844","HTP-VAR-308480","Heated Tobacco","Heat-not-burn","Value","20-pack","Heated"
"TEC-NOK-10002555","HTP-VAR-437591","Heated Tobacco","Heat-not-burn","Value","Multi-pack","Heated"
"TEC-NOK-10002716","HTP-VAR-061992","Heated Tobacco","Heat-not-burn","Premium","Multi-pack","Heated"
"TEC-NOK-10003034","HTP-VAR-988225","Heated Tobacco","Heat-not-burn","Core","20-pack","Heated"
"TEC-NOK-10003341","HTP-VAR-091619","Heated Tobacco","Heat-not-burn","Value","10-pack","Heated"
"TEC-NOK-10003560","HTP-VAR-047911","Heated Tobacco","Heat-not-burn","Core","30-pack","Heated"
"TEC-NOK-10003562","HTP-VAR-797907","Heated Tobacco","Heat-not-burn","Premium","30-pack","Heated"
"TEC-NOK-10003743","HTP-VAR-973284","Heated Tobacco","Heat-not-burn","Premium","10-pack","Heated"
"TEC-NOK-10004183","HTP-VAR-061287","Heated Tobacco","Heat-not-burn","Premium","Multi-pack","Heated"
"TEC-NOK-10004278","HTP-VAR-879315","Heated Tobacco","Heat-not-burn","Premium","20-pack","Heated"
"TEC-NOK-10004339","HTP-VAR-957077","Heated Tobacco","Heat-not-burn","Value","10-pack","Heated"
"TEC-NOK-10004541","HTP-VAR-926741","Heated Tobacco","Heat-not-burn","Value","Multi-pack","Heated"
"TEC-OKI-10000372","HTP-VAR-983706","Heated Tobacco","Heat-not-burn","Premium","Multi-pack","Heated"
"TEC-OKI-10000592","HTP-VAR-937659","Heated Tobacco","Heat-not-burn","Premium","Multi-pack","Heated"
"TEC-OKI-10000616","HTP-VAR-746664","Heated Tobacco","Heat-not-burn","Premium","Multi-pack","Heated"
"TEC-OKI-10000794","HTP-VAR-243692","Heated Tobacco","Heat-not-burn","Value","10-pack","Heated"
"TEC-OKI-10001062","HTP-VAR-437878","Heated Tobacco","Heat-not-burn","Core","30-pack","Heated"
"TEC-OKI-10001385","HTP-VAR-655866","Heated Tobacco","Heat-not-burn","Premium","30-pack","Heated"
"TEC-OKI-10001433","HTP-VAR-847438","Heated Tobacco","Heat-not-burn","Core","20-pack","Heated"
"TEC-OKI-10001454","HTP-VAR-758601","Heated Tobacco","Heat-not-burn","Premium","10-pack","Heated"
"TEC-OKI-10002547","HTP-VAR-854921","Heated Tobacco","Heat-not-burn","Value","30-pack","Heated"
"TEC-OKI-10002736","HTP-VAR-427335","Heated Tobacco","Heat-not-burn","Premium","20-pack","Heated"
"TEC-OKI-10002750","HTP-VAR-567847","Heated Tobacco","Heat-not-burn","Core","30-pack","Heated"
"TEC-OKI-10002752","HTP-VAR-020703","Heated Tobacco","Heat-not-burn","Premium","30-pack","Heated"
"TEC-OKI-10003050","HTP-VAR-820003","Heated Tobacco","Heat-not-burn","Core","30-pack","Heated"
"TEC-OKI-10003124","HTP-VAR-275603","Heated Tobacco","Heat-not-burn","Value","Multi-pack","Heated"
"TEC-OKI-10003221","HTP-VAR-511214","Heated Tobacco","Heat-not-burn","Value","20-pack","Heated"
"TEC-OKI-10003433","HTP-VAR-264056","Heated Tobacco","Heat-not-burn","Value","30-pack","Heated"
"TEC-OKI-10003655","HTP-VAR-563847","Heated Tobacco","Heat-not-burn","Premium","Multi-pack","Heated"
"TEC-OKI-10003770","HTP-VAR-150922","Heated Tobacco","Heat-not-burn","Core","20-pack","Heated"
"TEC-OKI-10003868","HTP-VAR-181102","Heated Tobacco","Heat-not-burn","Core","Multi-pack","Heated"
"TEC-OKI-10004199","HTP-VAR-606885","Heated Tobacco","Heat-not-burn","Premium","10-pack","Heated"
"TEC-OKI-10004464","HTP-VAR-061763","Heated Tobacco","Heat-not-burn","Value","20-pack","Heated"
"TEC-OKI-10004735","HTP-VAR-770767","Heated Tobacco","Heat-not-burn","Core","Multi-pack","Heated"
"TEC-PAN-10000092","HTP-VAR-309074","Heated Tobacco","Heat-not-burn","Value","10-pack","Heated"
"TEC-PAN-10000131","HTP-VAR-222233","Heated Tobacco","Heat-not-burn","Value","Multi-pack","Heated"
"TEC-PAN-10000377","HTP-VAR-893269","Heated Tobacco","Heat-not-burn","Core","10-pack","Heated"
"TEC-PAN-10000391","HTP-VAR-209810","Heated Tobacco","Heat-not-burn","Value","Multi-pack","Heated"
"TEC-PAN-10000577","HTP-VAR-931906","Heated Tobacco","Heat-not-burn","Core","30-pack","Heated"
"TEC-PAN-10000878","HTP-VAR-226098","Heated Tobacco","Heat-not-burn","Premium","10-pack","Heated"
"TEC-PAN-10000979","HTP-VAR-019071","Heated Tobacco","Heat-not-burn","Premium","20-pack","Heated"
"TEC-PAN-10001172","HTP-VAR-589912","Heated Tobacco","Heat-not-burn","Core","10-pack","Heated"
"TEC-PAN-10001593","HTP-VAR-816075","Heated Tobacco","Heat-not-burn","Premium","10-pack","Heated"
"TEC-PAN-10001674","HTP-VAR-489116","Heated Tobacco","Heat-not-burn","Value","10-pack","Heated"
"TEC-PAN-10002365","HTP-VAR-354443","Heated Tobacco","Heat-not-burn","Value","30-pack","Heated"
"TEC-PAN-10002454","HTP-VAR-602952","Heated Tobacco","Heat-not-burn","Premium","30-pack","Heated"
"TEC-PAN-10002583","HTP-VAR-902908","Heated Tobacco","Heat-not-burn","Core","Multi-pack","Heated"
"TEC-PAN-10002613","HTP-VAR-275921","Heated Tobacco","Heat-not-burn","Value","Multi-pack","Heated"
"TEC-PAN-10002690","HTP-VAR-539797","Heated Tobacco","Heat-not-burn","Core","20-pack","Heated"
"TEC-PAN-10002756","HTP-VAR-420113","Heated Tobacco","Heat-not-burn","Value","Multi-pack","Heated"
"TEC-PAN-10002884","HTP-VAR-316335","Heated Tobacco","Heat-not-burn","Premium","Multi-pack","Heated"
"TEC-PAN-10003382","HTP-VAR-015929","Heated Tobacco","Heat-not-burn","Value","30-pack","Heated"
"TEC-PAN-10003688","HTP-VAR-846419","Heated Tobacco","Heat-not-burn","Value","Multi-pack","Heated"
"TEC-PAN-10004279","HTP-VAR-182180","Heated Tobacco","Heat-not-burn","Value","Multi-pack","Heated"
"TEC-PAN-10004360","HTP-VAR-393928","Heated Tobacco","Heat-not-burn","Core","20-pack","Heated"
"TEC-PAN-10004404","HTP-VAR-283190","Heated Tobacco","Heat-not-burn","Value","Multi-pack","Heated"
"TEC-PAN-10004651","HTP-VAR-402150","Heated Tobacco","Heat-not-burn","Premium","Multi-pack","Heated"
"TEC-PH-10000004","HTP-VAR-957460","Heated Tobacco","Heat-not-burn","Core","10-pack","Heated"
"TEC-PH-10000011","HTP-VAR-512219","Heated Tobacco","Heat-not-burn","Value","30-pack","Heated"
"TEC-PH-10000014","HTP-VAR-626259","Heated Tobacco","Heat-not-burn","Premium","20-pack","Heated"
"TEC-PH-10000018","HTP-VAR-998328","Heated Tobacco","Heat-not-burn","Premium","30-pack","Heated"
"TEC-PH-10000019","HTP-VAR-715106","Heated Tobacco","Heat-not-burn","Value","10-pack","Heated"
"TEC-PH-10000026","HTP-VAR-534626","Heated Tobacco","Heat-not-burn","Value","30-pack","Heated"
"TEC-PH-10000030","HTP-VAR-810862","Heated Tobacco","Heat-not-burn","Core","30-pack","Heated"
"TEC-PH-10000036","HTP-VAR-559687","Heated Tobacco","Heat-not-burn","Core","Multi-pack","Heated"
"TEC-PH-10000037","HTP-VAR-331787","Heated Tobacco","Heat-not-burn","Value","20-pack","Heated"
"TEC-PH-10000038","HTP-VAR-567693","Heated Tobacco","Heat-not-burn","Premium","10-pack","Heated"
"TEC-PH-10000070","HTP-VAR-141913","Heated Tobacco","Heat-not-burn","Core","30-pack","Heated"
"TEC-PH-10000072","HTP-VAR-273620","Heated Tobacco","Heat-not-burn","Value","30-pack","Heated"
"TEC-PH-10000087","HTP-VAR-716476","Heated Tobacco","Heat-not-burn","Core","30-pack","Heated"
"TEC-PH-10000100","HTP-VAR-282478","Heated Tobacco","Heat-not-burn","Core","30-pack","Heated"
"TEC-PH-10000106","HTP-VAR-510428","Heated Tobacco","Heat-not-burn","Value","Multi-pack","Heated"
"TEC-PH-10000127","HTP-VAR-134923","Heated Tobacco","Heat-not-burn","Core","Multi-pack","Heated"
"TEC-PH-10000141","HTP-VAR-321980","Heated Tobacco","Heat-not-burn","Value","10-pack","Heated"
"TEC-PH-10000148","HTP-VAR-734718","Heated Tobacco","Heat-not-burn","Premium","10-pack","Heated"
"TEC-PH-10000149","HTP-VAR-927361","Heated Tobacco","Heat-not-burn","Core","30-pack","Heated"
"TEC-PH-10000158","HTP-VAR-871946","Heated Tobacco","Heat-not-burn","Value","20-pack","Heated"
"TEC-PH-10000160","HTP-VAR-501631","Heated Tobacco","Heat-not-burn","Core","10-pack","Heated"
"TEC-PH-10000169","HTP-VAR-043601","Heated Tobacco","Heat-not-burn","Value","10-pack","Heated"
"TEC-PH-10000193","HTP-VAR-089272","Heated Tobacco","Heat-not-burn","Core","20-pack","Heated"
"TEC-PH-10000213","HTP-VAR-178441","Heated Tobacco","Heat-not-burn","Core","10-pack","Heated"
"TEC-PH-10000214","HTP-VAR-549338","Heated Tobacco","Heat-not-burn","Value","Multi-pack","Heated"
"TEC-PH-10000215","HTP-VAR-886840","Heated Tobacco","Heat-not-burn","Core","20-pack","Heated"
"TEC-PH-10000237","HTP-VAR-216545","Heated Tobacco","Heat-not-burn","Value","Multi-pack","Heated"
"TEC-PH-10000258","HTP-VAR-818862","Heated Tobacco","Heat-not-burn","Premium","10-pack","Heated"
"TEC-PH-10000270","HTP-VAR-176486","Heated Tobacco","Heat-not-burn","Value","10-pack","Heated"
"TEC-PH-10000286","HTP-VAR-800276","Heated Tobacco","Heat-not-burn","Value","30-pack","Heated"
"TEC-PH-10000289","HTP-VAR-390436","Heated Tobacco","Heat-not-burn","Core","Multi-pack","Heated"
"TEC-PH-10000292","HTP-VAR-358219","Heated Tobacco","Heat-not-burn","Core","30-pack","Heated"
"TEC-PH-10000297","HTP-VAR-467528","Heated Tobacco","Heat-not-burn","Value","20-pack","Heated"
"TEC-PH-10000298","HTP-VAR-435507","Heated Tobacco","Heat-not-burn","Premium","10-pack","Heated"
"TEC-PH-10000303","HTP-VAR-943168","Heated Tobacco","Heat-not-burn","Core","30-pack","Heated"
"TEC-PH-10000307","HTP-VAR-280759","Heated Tobacco","Heat-not-burn","Core","Multi-pack","Heated"
"TEC-PH-10000309","HTP-VAR-667487","Heated Tobacco","Heat-not-burn","Value","10-pack","Heated"
"TEC-PH-10000332","HTP-VAR-210422","Heated Tobacco","Heat-not-burn","Value","Multi-pack","Heated"
"TEC-PH-10000342","HTP-VAR-944331","Heated Tobacco","Heat-not-burn","Premium","10-pack","Heated"
"TEC-PH-10000347","HTP-VAR-595253","Heated Tobacco","Heat-not-burn","Value","Multi-pack","Heated"
"TEC-PH-10000358","HTP-VAR-762241","Heated Tobacco","Heat-not-burn","Core","Multi-pack","Heated"
"TEC-PH-10000365","HTP-VAR-969014","Heated Tobacco","Heat-not-burn","Value","20-pack","Heated"
"TEC-PH-10000369","HTP-VAR-901247","Heated Tobacco","Heat-not-burn","Value","30-pack","Heated"
"TEC-PH-10000373","HTP-VAR-408003","Heated Tobacco","Heat-not-burn","Premium","20-pack","Heated"
"TEC-PH-10000376","HTP-VAR-347748","Heated Tobacco","Heat-not-burn","Premium","30-pack","Heated"
"TEC-PH-10000381","HTP-VAR-210157","Heated Tobacco","Heat-not-burn","Core","30-pack","Heated"
"TEC-PH-10000412","HTP-VAR-433463","Heated Tobacco","Heat-not-burn","Value","10-pack","Heated"
"TEC-PH-10000419","HTP-VAR-723376","Heated Tobacco","Heat-not-burn","Core","10-pack","Heated"
"TEC-PH-10000437","HTP-VAR-165322","Heated Tobacco","Heat-not-burn","Core","20-pack","Heated"
"TEC-PH-10000439","HTP-VAR-377761","Heated Tobacco","Heat-not-burn","Core","30-pack","Heated"
"TEC-PH-10000441","HTP-VAR-211634","Heated Tobacco","Heat-not-burn","Value","Multi-pack","Heated"
"TEC-PH-10000455","HTP-VAR-737322","Heated Tobacco","Heat-not-burn","Premium","Multi-pack","Heated"
"TEC-PH-10000458","HTP-VAR-953670","Heated Tobacco","Heat-not-burn","Premium","30-pack","Heated"
"TEC-PH-10000486","HTP-VAR-386216","Heated Tobacco","Heat-not-burn","Value","10-pack","Heated"
"TEC-PH-10000490","HTP-VAR-213917","Heated Tobacco","Heat-not-burn","Value","10-pack","Heated"
"TEC-PH-10000493","HTP-VAR-648057","Heated Tobacco","Heat-not-burn","Premium","30-pack","Heated"
"TEC-PH-10000494","HTP-VAR-708440","Heated Tobacco","Heat-not-burn","Value","20-pack","Heated"
"TEC-PH-10000497","HTP-VAR-746821","Heated Tobacco","Heat-not-burn","Core","Multi-pack","Heated"
"TEC-PH-10000499","HTP-VAR-662330","Heated Tobacco","Heat-not-burn","Value","10-pack","Heated"
"TEC-PH-10000505","HTP-VAR-162096","Heated Tobacco","Heat-not-burn","Premium","20-pack","Heated"
"TEC-PH-10000526","HTP-VAR-731547","Heated Tobacco","Heat-not-burn","Premium","20-pack","Heated"
"TEC-PH-10000560","HTP-VAR-570913","Heated Tobacco","Heat-not-burn","Core","10-pack","Heated"
"TEC-PH-10000562","HTP-VAR-891542","Heated Tobacco","Heat-not-burn","Value","10-pack","Heated"
"TEC-PH-10000571","HTP-VAR-347871","Heated Tobacco","Heat-not-burn","Premium","Multi-pack","Heated"
"TEC-PH-10000576","HTP-VAR-141725","Heated Tobacco","Heat-not-burn","Value","10-pack","Heated"
"TEC-PH-10000577","HTP-VAR-717624","Heated Tobacco","Heat-not-burn","Premium","30-pack","Heated"
"TEC-PH-10000586","HTP-VAR-309770","Heated Tobacco","Heat-not-burn","Value","Multi-pack","Heated"
"TEC-PH-10000599","HTP-VAR-897070","Heated Tobacco","Heat-not-burn","Core","Multi-pack","Heated"
"TEC-PH-10000611","HTP-VAR-360821","Heated Tobacco","Heat-not-burn","Value","10-pack","Heated"
"TEC-PH-10000641","HTP-VAR-484522","Heated Tobacco","Heat-not-burn","Core","20-pack","Heated"
"TEC-PH-10000647","HTP-VAR-600634","Heated Tobacco","Heat-not-burn","Core","10-pack","Heated"
"TEC-PH-10000673","HTP-VAR-955722","Heated Tobacco","Heat-not-burn","Premium","30-pack","Heated"
"TEC-PH-10000675","HTP-VAR-340500","Heated Tobacco","Heat-not-burn","Premium","Multi-pack","Heated"
"TEC-PH-10000688","HTP-VAR-854285","Heated Tobacco","Heat-not-burn","Value","20-pack","Heated"
"TEC-PH-10000693","HTP-VAR-801157","Heated Tobacco","Heat-not-burn","Core","10-pack","Heated"
"TEC-PH-10000702","HTP-VAR-922168","Heated Tobacco","Heat-not-burn","Core","10-pack","Heated"
"TEC-PH-10000705","HTP-VAR-799502","Heated Tobacco","Heat-not-burn","Value","Multi-pack","Heated"
"TEC-PH-10000720","HTP-VAR-376428","Heated Tobacco","Heat-not-burn","Premium","30-pack","Heated"
"TEC-PH-10000730","HTP-VAR-005638","Heated Tobacco","Heat-not-burn","Core","Multi-pack","Heated"
"TEC-PH-10000774","HTP-VAR-977216","Heated Tobacco","Heat-not-burn","Value","30-pack","Heated"
"TEC-PH-10000780","HTP-VAR-657047","Heated Tobacco","Heat-not-burn","Value","10-pack","Heated"
"TEC-PH-10000785","HTP-VAR-789168","Heated Tobacco","Heat-not-burn","Premium","Multi-pack","Heated"
"TEC-PH-10000788","HTP-VAR-724525","Heated Tobacco","Heat-not-burn","Core","30-pack","Heated"
"TEC-PH-10000800","HTP-VAR-597497","Heated Tobacco","Heat-not-burn","Value","20-pack","Heated"
"TEC-PH-10000808","HTP-VAR-358659","Heated Tobacco","Heat-not-burn","Premium","Multi-pack","Heated"
"TEC-PH-10000810","HTP-VAR-942689","Heated Tobacco","Heat-not-burn","Value","10-pack","Heated"
"TEC-PH-10000822","HTP-VAR-853592","Heated Tobacco","Heat-not-burn","Value","Multi-pack","Heated"
"TEC-PH-10000824","HTP-VAR-120836","Heated Tobacco","Heat-not-burn","Value","30-pack","Heated"
"TEC-PH-10000840","HTP-VAR-073532","Heated Tobacco","Heat-not-burn","Value","20-pack","Heated"
"TEC-PH-10000841","HTP-VAR-473845","Heated Tobacco","Heat-not-burn","Core","Multi-pack","Heated"
"TEC-PH-10000879","HTP-VAR-075107","Heated Tobacco","Heat-not-burn","Value","30-pack","Heated"
"TEC-PH-10000895","HTP-VAR-383491","Heated Tobacco","Heat-not-burn","Core","Multi-pack","Heated"
"TEC-PH-10000896","HTP-VAR-936192","Heated Tobacco","Heat-not-burn","Premium","20-pack","Heated"
"TEC-PH-10000912","HTP-VAR-408562","Heated Tobacco","Heat-not-burn","Core","Multi-pack","Heated"
"TEC-PH-10000922","HTP-VAR-521501","Heated Tobacco","Heat-not-burn","Value","10-pack","Heated"
"TEC-PH-10000923","HTP-VAR-375176","Heated Tobacco","Heat-not-burn","Value","30-pack","Heated"
"TEC-PH-10000931","HTP-VAR-126628","Heated Tobacco","Heat-not-burn","Core","Multi-pack","Heated"
"TEC-PH-10000956","HTP-VAR-757013","Heated Tobacco","Heat-not-burn","Value","30-pack","Heated"
"TEC-PH-10000960","HTP-VAR-172007","Heated Tobacco","Heat-not-burn","Value","10-pack","Heated"
"TEC-PH-10000984","HTP-VAR-702019","Heated Tobacco","Heat-not-burn","Core","Multi-pack","Heated"
"TEC-PH-10000990","HTP-VAR-859964","Heated Tobacco","Heat-not-burn","Value","Multi-pack","Heated"
"TEC-PH-10001002","HTP-VAR-046427","Heated Tobacco","Heat-not-burn","Value","10-pack","Heated"
"TEC-PH-10001014","HTP-VAR-422874","Heated Tobacco","Heat-not-burn","Premium","10-pack","Heated"
"TEC-PH-10001051","HTP-VAR-239324","Heated Tobacco","Heat-not-burn","Value","Multi-pack","Heated"
"TEC-PH-10001061","HTP-VAR-106943","Heated Tobacco","Heat-not-burn","Value","10-pack","Heated"
"TEC-PH-10001063","HTP-VAR-405382","Heated Tobacco","Heat-not-burn","Core","10-pack","Heated"
"TEC-PH-10001066","HTP-VAR-619814","Heated Tobacco","Heat-not-burn","Value","Multi-pack","Heated"
"TEC-PH-10001070","HTP-VAR-736131","Heated Tobacco","Heat-not-burn","Premium","Multi-pack","Heated"
"TEC-PH-10001071","HTP-VAR-026018","Heated Tobacco","Heat-not-burn","Value","20-pack","Heated"
"TEC-PH-10001076","HTP-VAR-224034","Heated Tobacco","Heat-not-burn","Premium","30-pack","Heated"
"TEC-PH-10001079","HTP-VAR-103998","Heated Tobacco","Heat-not-burn","Premium","Multi-pack","Heated"
"TEC-PH-10001084","HTP-VAR-313636","Heated Tobacco","Heat-not-burn","Core","20-pack","Heated"
"TEC-PH-10001087","HTP-VAR-397033","Heated Tobacco","Heat-not-burn","Core","Multi-pack","Heated"
"TEC-PH-10001095","HTP-VAR-111674","Heated Tobacco","Heat-not-burn","Value","30-pack","Heated"
"TEC-PH-10001117","HTP-VAR-173021","Heated Tobacco","Heat-not-burn","Value","20-pack","Heated"
"TEC-PH-10001128","HTP-VAR-448118","Heated Tobacco","Heat-not-burn","Value","Multi-pack","Heated"
"TEC-PH-10001137","HTP-VAR-485031","Heated Tobacco","Heat-not-burn","Premium","Multi-pack","Heated"
"TEC-PH-10001146","HTP-VAR-238331","Heated Tobacco","Heat-not-burn","Value","30-pack","Heated"
"TEC-PH-10001148","HTP-VAR-434656","Heated Tobacco","Heat-not-burn","Core","20-pack","Heated"
"TEC-PH-10001163","HTP-VAR-495713","Heated Tobacco","Heat-not-burn","Value","Multi-pack","Heated"
"TEC-PH-10001183","HTP-VAR-308090","Heated Tobacco","Heat-not-burn","Value","20-pack","Heated"
"TEC-PH-10001187","HTP-VAR-307662","Heated Tobacco","Heat-not-burn","Premium","10-pack","Heated"
"TEC-PH-10001198","HTP-VAR-798699","Heated Tobacco","Heat-not-burn","Premium","10-pack","Heated"
"TEC-PH-10001254","HTP-VAR-480053","Heated Tobacco","Heat-not-burn","Value","30-pack","Heated"
"TEC-PH-10001264","HTP-VAR-331842","Heated Tobacco","Heat-not-burn","Premium","20-pack","Heated"
"TEC-PH-10001284","HTP-VAR-276597","Heated Tobacco","Heat-not-burn","Premium","Multi-pack","Heated"
"TEC-PH-10001288","HTP-VAR-790907","Heated Tobacco","Heat-not-burn","Value","10-pack","Heated"
"TEC-PH-10001289","HTP-VAR-365307","Heated Tobacco","Heat-not-burn","Premium","30-pack","Heated"
"TEC-PH-10001298","HTP-VAR-725281","Heated Tobacco","Heat-not-burn","Core","20-pack","Heated"
"TEC-PH-10001299","HTP-VAR-013031","Heated Tobacco","Heat-not-burn","Value","Multi-pack","Heated"
"TEC-PH-10001300","HTP-VAR-944460","Heated Tobacco","Heat-not-burn","Premium","20-pack","Heated"
"TEC-PH-10001304","HTP-VAR-190668","Heated Tobacco","Heat-not-burn","Premium","10-pack","Heated"
"TEC-PH-10001305","HTP-VAR-640319","Heated Tobacco","Heat-not-burn","Value","30-pack","Heated"
"TEC-PH-10001321","HTP-VAR-320562","Heated Tobacco","Heat-not-burn","Premium","20-pack","Heated"
"TEC-PH-10001329","HTP-VAR-928769","Heated Tobacco","Heat-not-burn","Value","Multi-pack","Heated"
"TEC-PH-10001336","HTP-VAR-761699","Heated Tobacco","Heat-not-burn","Value","Multi-pack","Heated"
"TEC-PH-10001354","HTP-VAR-735197","Heated Tobacco","Heat-not-burn","Value","20-pack","Heated"
"TEC-PH-10001360","HTP-VAR-373185","Heated Tobacco","Heat-not-burn","Premium","Multi-pack","Heated"
"TEC-PH-10001362","HTP-VAR-118204","Heated Tobacco","Heat-not-burn","Core","Multi-pack","Heated"
"TEC-PH-10001363","HTP-VAR-420892","Heated Tobacco","Heat-not-burn","Core","20-pack","Heated"
"TEC-PH-10001382","HTP-VAR-947028","Heated Tobacco","Heat-not-burn","Premium","20-pack","Heated"
"TEC-PH-10001396","HTP-VAR-052930","Heated Tobacco","Heat-not-burn","Core","20-pack","Heated"
"TEC-PH-10001413","HTP-VAR-276265","Heated Tobacco","Heat-not-burn","Core","Multi-pack","Heated"
"TEC-PH-10001424","HTP-VAR-607401","Heated Tobacco","Heat-not-burn","Premium","Multi-pack","Heated"
"TEC-PH-10001425","HTP-VAR-885809","Heated Tobacco","Heat-not-burn","Value","20-pack","Heated"
"TEC-PH-10001427","HTP-VAR-696277","Heated Tobacco","Heat-not-burn","Core","20-pack","Heated"
"TEC-PH-10001428","HTP-VAR-103080","Heated Tobacco","Heat-not-burn","Premium","10-pack","Heated"
"TEC-PH-10001432","HTP-VAR-220060","Heated Tobacco","Heat-not-burn","Core","Multi-pack","Heated"
"TEC-PH-10001433","HTP-VAR-606762","Heated Tobacco","Heat-not-burn","Premium","20-pack","Heated"
"TEC-PH-10001448","HTP-VAR-838539","Heated Tobacco","Heat-not-burn","Premium","30-pack","Heated"
"TEC-PH-10001457","HTP-VAR-671245","Heated Tobacco","Heat-not-burn","Core","30-pack","Heated"
"TEC-PH-10001459","HTP-VAR-735561","Heated Tobacco","Heat-not-burn","Premium","20-pack","Heated"
"TEC-PH-10001468","HTP-VAR-051933","Heated Tobacco","Heat-not-burn","Premium","10-pack","Heated"
"TEC-PH-10001470","HTP-VAR-662085","Heated Tobacco","Heat-not-burn","Premium","Multi-pack","Heated"
"TEC-PH-10001475","HTP-VAR-991766","Heated Tobacco","Heat-not-burn","Value","10-pack","Heated"
"TEC-PH-10001478","HTP-VAR-883996","Heated Tobacco","Heat-not-burn","Core","20-pack","Heated"
"TEC-PH-10001492","HTP-VAR-585393","Heated Tobacco","Heat-not-burn","Premium","20-pack","Heated"
"TEC-PH-10001494","HTP-VAR-238833","Heated Tobacco","Heat-not-burn","Premium","10-pack","Heated"
"TEC-PH-10001527","HTP-VAR-766126","Heated Tobacco","Heat-not-burn","Core","30-pack","Heated"
"TEC-PH-10001530","HTP-VAR-224318","Heated Tobacco","Heat-not-burn","Value","10-pack","Heated"
"TEC-PH-10001535","HTP-VAR-353157","Heated Tobacco","Heat-not-burn","Premium","Multi-pack","Heated"
"TEC-PH-10001536","HTP-VAR-544133","Heated Tobacco","Heat-not-burn","Value","20-pack","Heated"
"TEC-PH-10001548","HTP-VAR-093716","Heated Tobacco","Heat-not-burn","Value","20-pack","Heated"
"TEC-PH-10001552","HTP-VAR-216303","Heated Tobacco","Heat-not-burn","Premium","30-pack","Heated"
"TEC-PH-10001555","HTP-VAR-040019","Heated Tobacco","Heat-not-burn","Value","20-pack","Heated"
"TEC-PH-10001557","HTP-VAR-574211","Heated Tobacco","Heat-not-burn","Value","20-pack","Heated"
"TEC-PH-10001573","HTP-VAR-494686","Heated Tobacco","Heat-not-burn","Core","30-pack","Heated"
"TEC-PH-10001574","HTP-VAR-898039","Heated Tobacco","Heat-not-burn","Core","20-pack","Heated"
"TEC-PH-10001575","HTP-VAR-895832","Heated Tobacco","Heat-not-burn","Value","Multi-pack","Heated"
"TEC-PH-10001578","HTP-VAR-552965","Heated Tobacco","Heat-not-burn","Value","30-pack","Heated"
"TEC-PH-10001580","HTP-VAR-971473","Heated Tobacco","Heat-not-burn","Core","Multi-pack","Heated"
"TEC-PH-10001585","HTP-VAR-482076","Heated Tobacco","Heat-not-burn","Premium","10-pack","Heated"
"TEC-PH-10001587","HTP-VAR-135743","Heated Tobacco","Heat-not-burn","Value","10-pack","Heated"
"TEC-PH-10001590","HTP-VAR-810309","Heated Tobacco","Heat-not-burn","Premium","30-pack","Heated"
"TEC-PH-10001602","HTP-VAR-591751","Heated Tobacco","Heat-not-burn","Core","30-pack","Heated"
"TEC-PH-10001614","HTP-VAR-027048","Heated Tobacco","Heat-not-burn","Premium","30-pack","Heated"
"TEC-PH-10001615","HTP-VAR-917017","Heated Tobacco","Heat-not-burn","Core","10-pack","Heated"
"TEC-PH-10001619","HTP-VAR-287321","Heated Tobacco","Heat-not-burn","Value","Multi-pack","Heated"
"TEC-PH-10001640","HTP-VAR-340336","Heated Tobacco","Heat-not-burn","Core","30-pack","Heated"
"TEC-PH-10001644","HTP-VAR-014498","Heated Tobacco","Heat-not-burn","Value","Multi-pack","Heated"
"TEC-PH-10001651","HTP-VAR-076511","Heated Tobacco","Heat-not-burn","Value","20-pack","Heated"
"TEC-PH-10001664","HTP-VAR-501812","Heated Tobacco","Heat-not-burn","Value","20-pack","Heated"
"TEC-PH-10001670","HTP-VAR-635564","Heated Tobacco","Heat-not-burn","Value","20-pack","Heated"
"TEC-PH-10001677","HTP-VAR-811848","Heated Tobacco","Heat-not-burn","Premium","30-pack","Heated"
"TEC-PH-10001699","HTP-VAR-803481","Heated Tobacco","Heat-not-burn","Premium","Multi-pack","Heated"
"TEC-PH-10001700","HTP-VAR-241679","Heated Tobacco","Heat-not-burn","Value","20-pack","Heated"
"TEC-PH-10001708","HTP-VAR-728092","Heated Tobacco","Heat-not-burn","Core","Multi-pack","Heated"
"TEC-PH-10001712","HTP-VAR-884717","Heated Tobacco","Heat-not-burn","Value","10-pack","Heated"
"TEC-PH-10001725","HTP-VAR-509299","Heated Tobacco","Heat-not-burn","Core","10-pack","Heated"
"TEC-PH-10001730","HTP-VAR-117212","Heated Tobacco","Heat-not-burn","Value","30-pack","Heated"
"TEC-PH-10001732","HTP-VAR-601640","Heated Tobacco","Heat-not-burn","Value","30-pack","Heated"
"TEC-PH-10001750","HTP-VAR-680346","Heated Tobacco","Heat-not-burn","Premium","10-pack","Heated"
"TEC-PH-10001751","HTP-VAR-613887","Heated Tobacco","Heat-not-burn","Premium","30-pack","Heated"
"TEC-PH-10001754","HTP-VAR-858419","Heated Tobacco","Heat-not-burn","Value","20-pack","Heated"
"TEC-PH-10001760","HTP-VAR-648589","Heated Tobacco","Heat-not-burn","Core","Multi-pack","Heated"
"TEC-PH-10001795","HTP-VAR-381776","Heated Tobacco","Heat-not-burn","Value","Multi-pack","Heated"
"TEC-PH-10001805","HTP-VAR-292905","Heated Tobacco","Heat-not-burn","Premium","Multi-pack","Heated"
"TEC-PH-10001809","HTP-VAR-813343","Heated Tobacco","Heat-not-burn","Core","10-pack","Heated"
"TEC-PH-10001817","HTP-VAR-732159","Heated Tobacco","Heat-not-burn","Premium","30-pack","Heated"
"TEC-PH-10001819","HTP-VAR-704171","Heated Tobacco","Heat-not-burn","Value","20-pack","Heated"
"TEC-PH-10001824","HTP-VAR-329538","Heated Tobacco","Heat-not-burn","Premium","Multi-pack","Heated"
"TEC-PH-10001835","HTP-VAR-204825","Heated Tobacco","Heat-not-burn","Premium","10-pack","Heated"
"TEC-PH-10001845","HTP-VAR-406854","Heated Tobacco","Heat-not-burn","Premium","Multi-pack","Heated"
"TEC-PH-10001846","HTP-VAR-961605","Heated Tobacco","Heat-not-burn","Premium","20-pack","Heated"
"TEC-PH-10001870","HTP-VAR-283659","Heated Tobacco","Heat-not-burn","Premium","Multi-pack","Heated"
"TEC-PH-10001884","HTP-VAR-919881","Heated Tobacco","Heat-not-burn","Premium","20-pack","Heated"
"TEC-PH-10001900","HTP-VAR-166950","Heated Tobacco","Heat-not-burn","Premium","Multi-pack","Heated"
"TEC-PH-10001917","HTP-VAR-083663","Heated Tobacco","Heat-not-burn","Value","20-pack","Heated"
"TEC-PH-10001918","HTP-VAR-214809","Heated Tobacco","Heat-not-burn","Premium","10-pack","Heated"
"TEC-PH-10001921","HTP-VAR-087193","Heated Tobacco","Heat-not-burn","Core","Multi-pack","Heated"
"TEC-PH-10001924","HTP-VAR-682031","Heated Tobacco","Heat-not-burn","Value","10-pack","Heated"
"TEC-PH-10001937","HTP-VAR-089240","Heated Tobacco","Heat-not-burn","Value","Multi-pack","Heated"
"TEC-PH-10001944","HTP-VAR-561434","Heated Tobacco","Heat-not-burn","Value","30-pack","Heated"
"TEC-PH-10001949","HTP-VAR-506341","Heated Tobacco","Heat-not-burn","Core","Multi-pack","Heated"
"TEC-PH-10001961","HTP-VAR-739930","Heated Tobacco","Heat-not-burn","Core","Multi-pack","Heated"
"TEC-PH-10001963","HTP-VAR-946358","Heated Tobacco","Heat-not-burn","Value","Multi-pack","Heated"
"TEC-PH-10001990","HTP-VAR-454265","Heated Tobacco","Heat-not-burn","Value","30-pack","Heated"
"TEC-PH-10002018","HTP-VAR-537749","Heated Tobacco","Heat-not-burn","Value","20-pack","Heated"
"TEC-PH-10002033","HTP-VAR-551902","Heated Tobacco","Heat-not-burn","Core","Multi-pack","Heated"
"TEC-PH-10002035","HTP-VAR-068418","Heated Tobacco","Heat-not-burn","Premium","30-pack","Heated"
"TEC-PH-10002042","HTP-VAR-438667","Heated Tobacco","Heat-not-burn","Core","30-pack","Heated"
"TEC-PH-10002068","HTP-VAR-057245","Heated Tobacco","Heat-not-burn","Value","30-pack","Heated"
"TEC-PH-10002070","HTP-VAR-989825","Heated Tobacco","Heat-not-burn","Value","20-pack","Heated"
"TEC-PH-10002075","HTP-VAR-688899","Heated Tobacco","Heat-not-burn","Premium","30-pack","Heated"
"TEC-PH-10002076","HTP-VAR-751324","Heated Tobacco","Heat-not-burn","Core","10-pack","Heated"
"TEC-PH-10002079","HTP-VAR-637546","Heated Tobacco","Heat-not-burn","Core","20-pack","Heated"
"TEC-PH-10002085","HTP-VAR-345236","Heated Tobacco","Heat-not-burn","Value","20-pack","Heated"
"TEC-PH-10002094","HTP-VAR-793520","Heated Tobacco","Heat-not-burn","Value","30-pack","Heated"
"TEC-PH-10002102","HTP-VAR-584148","Heated Tobacco","Heat-not-burn","Premium","20-pack","Heated"
"TEC-PH-10002103","HTP-VAR-158921","Heated Tobacco","Heat-not-burn","Value","Multi-pack","Heated"
"TEC-PH-10002104","HTP-VAR-511340","Heated Tobacco","Heat-not-burn","Value","10-pack","Heated"
"TEC-PH-10002114","HTP-VAR-865364","Heated Tobacco","Heat-not-burn","Value","20-pack","Heated"
"TEC-PH-10002115","HTP-VAR-576904","Heated Tobacco","Heat-not-burn","Core","Multi-pack","Heated"
"TEC-PH-10002119","HTP-VAR-260349","Heated Tobacco","Heat-not-burn","Premium","10-pack","Heated"
"TEC-PH-10002121","HTP-VAR-534864","Heated Tobacco","Heat-not-burn","Premium","20-pack","Heated"
"TEC-PH-10002127","HTP-VAR-772441","Heated Tobacco","Heat-not-burn","Core","10-pack","Heated"
"TEC-PH-10002138","HTP-VAR-797425","Heated Tobacco","Heat-not-burn","Core","10-pack","Heated"
"TEC-PH-10002152","HTP-VAR-367406","Heated Tobacco","Heat-not-burn","Value","10-pack","Heated"
"TEC-PH-10002154","HTP-VAR-412221","Heated Tobacco","Heat-not-burn","Premium","20-pack","Heated"
"TEC-PH-10002170","HTP-VAR-081668","Heated Tobacco","Heat-not-burn","Value","30-pack","Heated"
"TEC-PH-10002183","HTP-VAR-627998","Heated Tobacco","Heat-not-burn","Value","Multi-pack","Heated"
"TEC-PH-10002185","HTP-VAR-252332","Heated Tobacco","Heat-not-burn","Value","30-pack","Heated"
"TEC-PH-10002200","HTP-VAR-128988","Heated Tobacco","Heat-not-burn","Premium","10-pack","Heated"
"TEC-PH-10002217","HTP-VAR-301836","Heated Tobacco","Heat-not-burn","Premium","30-pack","Heated"
"TEC-PH-10002218","HTP-VAR-589994","Heated Tobacco","Heat-not-burn","Value","Multi-pack","Heated"
"TEC-PH-10002222","HTP-VAR-146517","Heated Tobacco","Heat-not-burn","Premium","30-pack","Heated"
"TEC-PH-10002251","HTP-VAR-017689","Heated Tobacco","Heat-not-burn","Core","Multi-pack","Heated"
"TEC-PH-10002255","HTP-VAR-162985","Heated Tobacco","Heat-not-burn","Core","30-pack","Heated"
"TEC-PH-10002262","HTP-VAR-163368","Heated Tobacco","Heat-not-burn","Premium","30-pack","Heated"
"TEC-PH-10002275","HTP-VAR-608405","Heated Tobacco","Heat-not-burn","Value","10-pack","Heated"
"TEC-PH-10002292","HTP-VAR-950387","Heated Tobacco","Heat-not-burn","Value","20-pack","Heated"
"TEC-PH-10002293","HTP-VAR-989599","Heated Tobacco","Heat-not-burn","Core","Multi-pack","Heated"
"TEC-PH-10002296","HTP-VAR-427084","Heated Tobacco","Heat-not-burn","Core","10-pack","Heated"
"TEC-PH-10002299","HTP-VAR-077228","Heated Tobacco","Heat-not-burn","Value","20-pack","Heated"
"TEC-PH-10002306","HTP-VAR-613409","Heated Tobacco","Heat-not-burn","Value","30-pack","Heated"
"TEC-PH-10002310","HTP-VAR-145663","Heated Tobacco","Heat-not-burn","Core","30-pack","Heated"
"TEC-PH-10002312","HTP-VAR-243827","Heated Tobacco","Heat-not-burn","Value","30-pack","Heated"
"TEC-PH-10002320","HTP-VAR-377473","Heated Tobacco","Heat-not-burn","Core","20-pack","Heated"
"TEC-PH-10002332","HTP-VAR-646921","Heated Tobacco","Heat-not-burn","Core","10-pack","Heated"
"TEC-PH-10002350","HTP-VAR-231780","Heated Tobacco","Heat-not-burn","Premium","30-pack","Heated"
"TEC-PH-10002352","HTP-VAR-895817","Heated Tobacco","Heat-not-burn","Value","30-pack","Heated"
"TEC-PH-10002353","HTP-VAR-342750","Heated Tobacco","Heat-not-burn","Premium","10-pack","Heated"
"TEC-PH-10002365","HTP-VAR-109636","Heated Tobacco","Heat-not-burn","Core","30-pack","Heated"
"TEC-PH-10002387","HTP-VAR-662035","Heated Tobacco","Heat-not-burn","Core","10-pack","Heated"
"TEC-PH-10002392","HTP-VAR-491868","Heated Tobacco","Heat-not-burn","Premium","30-pack","Heated"
"TEC-PH-10002398","HTP-VAR-384075","Heated Tobacco","Heat-not-burn","Premium","10-pack","Heated"
"TEC-PH-10002415","HTP-VAR-237304","Heated Tobacco","Heat-not-burn","Core","10-pack","Heated"
"TEC-PH-10002419","HTP-VAR-992851","Heated Tobacco","Heat-not-burn","Core","Multi-pack","Heated"
"TEC-PH-10002428","HTP-VAR-044855","Heated Tobacco","Heat-not-burn","Value","30-pack","Heated"
"TEC-PH-10002443","HTP-VAR-747996","Heated Tobacco","Heat-not-burn","Premium","10-pack","Heated"
"TEC-PH-10002447","HTP-VAR-179321","Heated Tobacco","Heat-not-burn","Value","20-pack","Heated"
"TEC-PH-10002456","HTP-VAR-233701","Heated Tobacco","Heat-not-burn","Core","30-pack","Heated"
"TEC-PH-10002468","HTP-VAR-342175","Heated Tobacco","Heat-not-burn","Core","30-pack","Heated"
"TEC-PH-10002483","HTP-VAR-935662","Heated Tobacco","Heat-not-burn","Core","10-pack","Heated"
"TEC-PH-10002491","HTP-VAR-673865","Heated Tobacco","Heat-not-burn","Value","20-pack","Heated"
"TEC-PH-10002493","HTP-VAR-529010","Heated Tobacco","Heat-not-burn","Value","20-pack","Heated"
"TEC-PH-10002496","HTP-VAR-057828","Heated Tobacco","Heat-not-burn","Premium","30-pack","Heated"
"TEC-PH-10002517","HTP-VAR-117303","Heated Tobacco","Heat-not-burn","Premium","Multi-pack","Heated"
"TEC-PH-10002538","HTP-VAR-099418","Heated Tobacco","Heat-not-burn","Core","10-pack","Heated"
"TEC-PH-10002549","HTP-VAR-115888","Heated Tobacco","Heat-not-burn","Core","20-pack","Heated"
"TEC-PH-10002555","HTP-VAR-627164","Heated Tobacco","Heat-not-burn","Value","Multi-pack","Heated"
"TEC-PH-10002563","HTP-VAR-768979","Heated Tobacco","Heat-not-burn","Core","20-pack","Heated"
"TEC-PH-10002564","HTP-VAR-636010","Heated Tobacco","Heat-not-burn","Core","30-pack","Heated"
"TEC-PH-10002565","HTP-VAR-808733","Heated Tobacco","Heat-not-burn","Value","10-pack","Heated"
"TEC-PH-10002570","HTP-VAR-409873","Heated Tobacco","Heat-not-burn","Core","30-pack","Heated"
"TEC-PH-10002572","HTP-VAR-397220","Heated Tobacco","Heat-not-burn","Value","30-pack","Heated"
"TEC-PH-10002574","HTP-VAR-644559","Heated Tobacco","Heat-not-burn","Premium","Multi-pack","Heated"
"TEC-PH-10002583","HTP-VAR-712256","Heated Tobacco","Heat-not-burn","Value","Multi-pack","Heated"
"TEC-PH-10002584","HTP-VAR-026101","Heated Tobacco","Heat-not-burn","Core","10-pack","Heated"
"TEC-PH-10002586","HTP-VAR-427990","Heated Tobacco","Heat-not-burn","Core","10-pack","Heated"
"TEC-PH-10002590","HTP-VAR-135523","Heated Tobacco","Heat-not-burn","Core","10-pack","Heated"
"TEC-PH-10002597","HTP-VAR-421284","Heated Tobacco","Heat-not-burn","Premium","Multi-pack","Heated"
"TEC-PH-10002601","HTP-VAR-184241","Heated Tobacco","Heat-not-burn","Value","30-pack","Heated"
"TEC-PH-10002602","HTP-VAR-551398","Heated Tobacco","Heat-not-burn","Core","10-pack","Heated"
"TEC-PH-10002623","HTP-VAR-510449","Heated Tobacco","Heat-not-burn","Value","10-pack","Heated"
"TEC-PH-10002624","HTP-VAR-284425","Heated Tobacco","Heat-not-burn","Core","Multi-pack","Heated"
"TEC-PH-10002641","HTP-VAR-023945","Heated Tobacco","Heat-not-burn","Value","30-pack","Heated"
"TEC-PH-10002645","HTP-VAR-212686","Heated Tobacco","Heat-not-burn","Core","Multi-pack","Heated"
"TEC-PH-10002647","HTP-VAR-150482","Heated Tobacco","Heat-not-burn","Value","Multi-pack","Heated"
"TEC-PH-10002652","HTP-VAR-350299","Heated Tobacco","Heat-not-burn","Core","20-pack","Heated"
"TEC-PH-10002658","HTP-VAR-080328","Heated Tobacco","Heat-not-burn","Premium","Multi-pack","Heated"
"TEC-PH-10002660","HTP-VAR-935995","Heated Tobacco","Heat-not-burn","Core","30-pack","Heated"
"TEC-PH-10002663","HTP-VAR-937008","Heated Tobacco","Heat-not-burn","Premium","10-pack","Heated"
"TEC-PH-10002672","HTP-VAR-932191","Heated Tobacco","Heat-not-burn","Core","Multi-pack","Heated"
"TEC-PH-10002680","HTP-VAR-997631","Heated Tobacco","Heat-not-burn","Value","10-pack","Heated"
"TEC-PH-10002683","HTP-VAR-531722","Heated Tobacco","Heat-not-burn","Value","30-pack","Heated"
"TEC-PH-10002695","HTP-VAR-485296","Heated Tobacco","Heat-not-burn","Core","30-pack","Heated"
"TEC-PH-10002699","HTP-VAR-574835","Heated Tobacco","Heat-not-burn","Value","20-pack","Heated"
"TEC-PH-10002708","HTP-VAR-312938","Heated Tobacco","Heat-not-burn","Value","20-pack","Heated"
"TEC-PH-10002713","HTP-VAR-171615","Heated Tobacco","Heat-not-burn","Premium","10-pack","Heated"
"TEC-PH-10002715","HTP-VAR-903819","Heated Tobacco","Heat-not-burn","Premium","20-pack","Heated"
"TEC-PH-10002726","HTP-VAR-305417","Heated Tobacco","Heat-not-burn","Value","10-pack","Heated"
"TEC-PH-10002742","HTP-VAR-943288","Heated Tobacco","Heat-not-burn","Core","Multi-pack","Heated"
"TEC-PH-10002755","HTP-VAR-179821","Heated Tobacco","Heat-not-burn","Core","20-pack","Heated"
"TEC-PH-10002759","HTP-VAR-830650","Heated Tobacco","Heat-not-burn","Core","30-pack","Heated"
"TEC-PH-10002774","HTP-VAR-618166","Heated Tobacco","Heat-not-burn","Core","20-pack","Heated"
"TEC-PH-10002780","HTP-VAR-551434","Heated Tobacco","Heat-not-burn","Core","Multi-pack","Heated"
"TEC-PH-10002789","HTP-VAR-387500","Heated Tobacco","Heat-not-burn","Value","Multi-pack","Heated"
"TEC-PH-10002799","HTP-VAR-481899","Heated Tobacco","Heat-not-burn","Premium","30-pack","Heated"
"TEC-PH-10002806","HTP-VAR-262972","Heated Tobacco","Heat-not-burn","Core","Multi-pack","Heated"
"TEC-PH-10002807","HTP-VAR-354117","Heated Tobacco","Heat-not-burn","Premium","20-pack","Heated"
"TEC-PH-10002815","HTP-VAR-936773","Heated Tobacco","Heat-not-burn","Value","10-pack","Heated"
"TEC-PH-10002816","HTP-VAR-456455","Heated Tobacco","Heat-not-burn","Value","30-pack","Heated"
"TEC-PH-10002817","HTP-VAR-741703","Heated Tobacco","Heat-not-burn","Core","10-pack","Heated"
"TEC-PH-10002824","HTP-VAR-858783","Heated Tobacco","Heat-not-burn","Premium","20-pack","Heated"
"TEC-PH-10002834","HTP-VAR-342772","Heated Tobacco","Heat-not-burn","Core","10-pack","Heated"
"TEC-PH-10002844","HTP-VAR-209750","Heated Tobacco","Heat-not-burn","Value","Multi-pack","Heated"
"TEC-PH-10002867","HTP-VAR-714497","Heated Tobacco","Heat-not-burn","Value","Multi-pack","Heated"
"TEC-PH-10002871","HTP-VAR-932911","Heated Tobacco","Heat-not-burn","Core","Multi-pack","Heated"
"TEC-PH-10002885","HTP-VAR-576293","Heated Tobacco","Heat-not-burn","Value","20-pack","Heated"
"TEC-PH-10002890","HTP-VAR-401159","Heated Tobacco","Heat-not-burn","Value","Multi-pack","Heated"
"TEC-PH-10002892","HTP-VAR-763389","Heated Tobacco","Heat-not-burn","Premium","Multi-pack","Heated"
"TEC-PH-10002898","HTP-VAR-893605","Heated Tobacco","Heat-not-burn","Core","20-pack","Heated"
"TEC-PH-10002904","HTP-VAR-148731","Heated Tobacco","Heat-not-burn","Premium","10-pack","Heated"
"TEC-PH-10002907","HTP-VAR-663117","Heated Tobacco","Heat-not-burn","Premium","30-pack","Heated"
"TEC-PH-10002916","HTP-VAR-765477","Heated Tobacco","Heat-not-burn","Premium","20-pack","Heated"
"TEC-PH-10002922","HTP-VAR-941303","Heated Tobacco","Heat-not-burn","Value","Multi-pack","Heated"
"TEC-PH-10002923","HTP-VAR-559757","Heated Tobacco","Heat-not-burn","Value","20-pack","Heated"
"TEC-PH-10002932","HTP-VAR-991576","Heated Tobacco","Heat-not-burn","Core","30-pack","Heated"
"TEC-PH-10002935","HTP-VAR-160926","Heated Tobacco","Heat-not-burn","Premium","20-pack","Heated"
"TEC-PH-10002936","HTP-VAR-997814","Heated Tobacco","Heat-not-burn","Value","Multi-pack","Heated"
"TEC-PH-10002962","HTP-VAR-910268","Heated Tobacco","Heat-not-burn","Value","Multi-pack","Heated"
"TEC-PH-10002991","HTP-VAR-764434","Heated Tobacco","Heat-not-burn","Core","30-pack","Heated"
"TEC-PH-10003002","HTP-VAR-524427","Heated Tobacco","Heat-not-burn","Premium","Multi-pack","Heated"
"TEC-PH-10003011","HTP-VAR-947725","Heated Tobacco","Heat-not-burn","Core","10-pack","Heated"
"TEC-PH-10003012","HTP-VAR-780813","Heated Tobacco","Heat-not-burn","Premium","30-pack","Heated"
"TEC-PH-10003055","HTP-VAR-164579","Heated Tobacco","Heat-not-burn","Value","20-pack","Heated"
"TEC-PH-10003062","HTP-VAR-932658","Heated Tobacco","Heat-not-burn","Premium","20-pack","Heated"
"TEC-PH-10003072","HTP-VAR-418137","Heated Tobacco","Heat-not-burn","Premium","10-pack","Heated"
"TEC-PH-10003075","HTP-VAR-538615","Heated Tobacco","Heat-not-burn","Core","Multi-pack","Heated"
"TEC-PH-10003078","HTP-VAR-810967","Heated Tobacco","Heat-not-burn","Core","30-pack","Heated"
"TEC-PH-10003092","HTP-VAR-148616","Heated Tobacco","Heat-not-burn","Value","30-pack","Heated"
"TEC-PH-10003095","HTP-VAR-912095","Heated Tobacco","Heat-not-burn","Value","20-pack","Heated"
"TEC-PH-10003102","HTP-VAR-411047","Heated Tobacco","Heat-not-burn","Value","10-pack","Heated"
"TEC-PH-10003137","HTP-VAR-187403","Heated Tobacco","Heat-not-burn","Value","10-pack","Heated"
"TEC-PH-10003153","HTP-VAR-879481","Heated Tobacco","Heat-not-burn","Core","Multi-pack","Heated"
"TEC-PH-10003157","HTP-VAR-284349","Heated Tobacco","Heat-not-burn","Premium","30-pack","Heated"
"TEC-PH-10003171","HTP-VAR-036645","Heated Tobacco","Heat-not-burn","Premium","20-pack","Heated"
"TEC-PH-10003174","HTP-VAR-372878","Heated Tobacco","Heat-not-burn","Value","30-pack","Heated"
"TEC-PH-10003177","HTP-VAR-769083","Heated Tobacco","Heat-not-burn","Premium","10-pack","Heated"
"TEC-PH-10003182","HTP-VAR-622969","Heated Tobacco","Heat-not-burn","Core","10-pack","Heated"
"TEC-PH-10003187","HTP-VAR-861365","Heated Tobacco","Heat-not-burn","Value","Multi-pack","Heated"
"TEC-PH-10003215","HTP-VAR-219938","Heated Tobacco","Heat-not-burn","Value","Multi-pack","Heated"
"TEC-PH-10003220","HTP-VAR-571892","Heated Tobacco","Heat-not-burn","Value","Multi-pack","Heated"
"TEC-PH-10003239","HTP-VAR-790218","Heated Tobacco","Heat-not-burn","Premium","30-pack","Heated"
"TEC-PH-10003254","HTP-VAR-943047","Heated Tobacco","Heat-not-burn","Premium","20-pack","Heated"
"TEC-PH-10003273","HTP-VAR-379561","Heated Tobacco","Heat-not-burn","Core","10-pack","Heated"
"TEC-PH-10003303","HTP-VAR-063954","Heated Tobacco","Heat-not-burn","Premium","10-pack","Heated"
"TEC-PH-10003312","HTP-VAR-839033","Heated Tobacco","Heat-not-burn","Value","Multi-pack","Heated"
"TEC-PH-10003325","HTP-VAR-974353","Heated Tobacco","Heat-not-burn","Core","Multi-pack","Heated"
"TEC-PH-10003348","HTP-VAR-968129","Heated Tobacco","Heat-not-burn","Value","10-pack","Heated"
"TEC-PH-10003353","HTP-VAR-809798","Heated Tobacco","Heat-not-burn","Value","20-pack","Heated"
"TEC-PH-10003356","HTP-VAR-850865","Heated Tobacco","Heat-not-burn","Value","30-pack","Heated"
"TEC-PH-10003357","HTP-VAR-123253","Heated Tobacco","Heat-not-burn","Core","10-pack","Heated"
"TEC-PH-10003361","HTP-VAR-557750","Heated Tobacco","Heat-not-burn","Value","30-pack","Heated"
"TEC-PH-10003368","HTP-VAR-739467","Heated Tobacco","Heat-not-burn","Premium","30-pack","Heated"
"TEC-PH-10003400","HTP-VAR-173016","Heated Tobacco","Heat-not-burn","Premium","Multi-pack","Heated"
"TEC-PH-10003405","HTP-VAR-733717","Heated Tobacco","Heat-not-burn","Core","10-pack","Heated"
"TEC-PH-10003416","HTP-VAR-112405","Heated Tobacco","Heat-not-burn","Core","Multi-pack","Heated"
"TEC-PH-10003430","HTP-VAR-549219","Heated Tobacco","Heat-not-burn","Premium","10-pack","Heated"
"TEC-PH-10003437","HTP-VAR-875559","Heated Tobacco","Heat-not-burn","Premium","Multi-pack","Heated"
"TEC-PH-10003439","HTP-VAR-127725","Heated Tobacco","Heat-not-burn","Premium","10-pack","Heated"
"TEC-PH-10003442","HTP-VAR-089134","Heated Tobacco","Heat-not-burn","Core","Multi-pack","Heated"
"TEC-PH-10003457","HTP-VAR-537475","Heated Tobacco","Heat-not-burn","Core","20-pack","Heated"
"TEC-PH-10003481","HTP-VAR-557378","Heated Tobacco","Heat-not-burn","Value","20-pack","Heated"
"TEC-PH-10003484","HTP-VAR-347291","Heated Tobacco","Heat-not-burn","Value","30-pack","Heated"
"TEC-PH-10003486","HTP-VAR-305938","Heated Tobacco","Heat-not-burn","Core","30-pack","Heated"
"TEC-PH-10003487","HTP-VAR-307616","Heated Tobacco","Heat-not-burn","Value","10-pack","Heated"
"TEC-PH-10003488","HTP-VAR-600945","Heated Tobacco","Heat-not-burn","Premium","20-pack","Heated"
"TEC-PH-10003491","HTP-VAR-920104","Heated Tobacco","Heat-not-burn","Core","10-pack","Heated"
"TEC-PH-10003492","HTP-VAR-900118","Heated Tobacco","Heat-not-burn","Core","30-pack","Heated"
"TEC-PH-10003505","HTP-VAR-773928","Heated Tobacco","Heat-not-burn","Premium","Multi-pack","Heated"
"TEC-PH-10003511","HTP-VAR-946582","Heated Tobacco","Heat-not-burn","Core","Multi-pack","Heated"
"TEC-PH-10003513","HTP-VAR-292037","Heated Tobacco","Heat-not-burn","Value","Multi-pack","Heated"
"TEC-PH-10003522","HTP-VAR-459398","Heated Tobacco","Heat-not-burn","Value","30-pack","Heated"
"TEC-PH-10003535","HTP-VAR-493255","Heated Tobacco","Heat-not-burn","Core","10-pack","Heated"
"TEC-PH-10003546","HTP-VAR-684790","Heated Tobacco","Heat-not-burn","Core","20-pack","Heated"
"TEC-PH-10003549","HTP-VAR-771349","Heated Tobacco","Heat-not-burn","Core","10-pack","Heated"
"TEC-PH-10003555","HTP-VAR-403421","Heated Tobacco","Heat-not-burn","Value","30-pack","Heated"
"TEC-PH-10003556","HTP-VAR-709849","Heated Tobacco","Heat-not-burn","Core","10-pack","Heated"
"TEC-PH-10003560","HTP-VAR-366829","Heated Tobacco","Heat-not-burn","Core","30-pack","Heated"
"TEC-PH-10003572","HTP-VAR-691014","Heated Tobacco","Heat-not-burn","Premium","Multi-pack","Heated"
"TEC-PH-10003580","HTP-VAR-236575","Heated Tobacco","Heat-not-burn","Core","10-pack","Heated"
"TEC-PH-10003589","HTP-VAR-977679","Heated Tobacco","Heat-not-burn","Premium","10-pack","Heated"
"TEC-PH-10003601","HTP-VAR-902300","Heated Tobacco","Heat-not-burn","Value","Multi-pack","Heated"
"TEC-PH-10003613","HTP-VAR-380886","Heated Tobacco","Heat-not-burn","Premium","30-pack","Heated"
"TEC-PH-10003620","HTP-VAR-178415","Heated Tobacco","Heat-not-burn","Value","Multi-pack","Heated"
"TEC-PH-10003636","HTP-VAR-161983","Heated Tobacco","Heat-not-burn","Core","Multi-pack","Heated"
"TEC-PH-10003645","HTP-VAR-674161","Heated Tobacco","Heat-not-burn","Core","30-pack","Heated"
"TEC-PH-10003646","HTP-VAR-298040","Heated Tobacco","Heat-not-burn","Value","10-pack","Heated"
"TEC-PH-10003652","HTP-VAR-195972","Heated Tobacco","Heat-not-burn","Premium","10-pack","Heated"
"TEC-PH-10003655","HTP-VAR-738064","Heated Tobacco","Heat-not-burn","Core","Multi-pack","Heated"
"TEC-PH-10003683","HTP-VAR-293058","Heated Tobacco","Heat-not-burn","Premium","Multi-pack","Heated"
"TEC-PH-10003691","HTP-VAR-946569","Heated Tobacco","Heat-not-burn","Premium","30-pack","Heated"
"TEC-PH-10003698","HTP-VAR-220863","Heated Tobacco","Heat-not-burn","Premium","30-pack","Heated"
"TEC-PH-10003713","HTP-VAR-065277","Heated Tobacco","Heat-not-burn","Premium","20-pack","Heated"
"TEC-PH-10003723","HTP-VAR-050896","Heated Tobacco","Heat-not-burn","Core","30-pack","Heated"
"TEC-PH-10003752","HTP-VAR-291944","Heated Tobacco","Heat-not-burn","Value","Multi-pack","Heated"
"TEC-PH-10003762","HTP-VAR-653141","Heated Tobacco","Heat-not-burn","Value","10-pack","Heated"
"TEC-PH-10003764","HTP-VAR-280871","Heated Tobacco","Heat-not-burn","Value","20-pack","Heated"
"TEC-PH-10003770","HTP-VAR-043230","Heated Tobacco","Heat-not-burn","Premium","20-pack","Heated"
"TEC-PH-10003772","HTP-VAR-618784","Heated Tobacco","Heat-not-burn","Core","20-pack","Heated"
"TEC-PH-10003774","HTP-VAR-403266","Heated Tobacco","Heat-not-burn","Premium","10-pack","Heated"
"TEC-PH-10003784","HTP-VAR-460170","Heated Tobacco","Heat-not-burn","Premium","Multi-pack","Heated"
"TEC-PH-10003793","HTP-VAR-608268","Heated Tobacco","Heat-not-burn","Premium","20-pack","Heated"
"TEC-PH-10003794","HTP-VAR-742794","Heated Tobacco","Heat-not-burn","Premium","30-pack","Heated"
"TEC-PH-10003796","HTP-VAR-583424","Heated Tobacco","Heat-not-burn","Value","30-pack","Heated"
"TEC-PH-10003800","HTP-VAR-426440","Heated Tobacco","Heat-not-burn","Value","Multi-pack","Heated"
"TEC-PH-10003811","HTP-VAR-749196","Heated Tobacco","Heat-not-burn","Premium","10-pack","Heated"
"TEC-PH-10003813","HTP-VAR-708015","Heated Tobacco","Heat-not-burn","Premium","10-pack","Heated"
"TEC-PH-10003823","HTP-VAR-924330","Heated Tobacco","Heat-not-burn","Premium","Multi-pack","Heated"
"TEC-PH-10003847","HTP-VAR-860522","Heated Tobacco","Heat-not-burn","Value","10-pack","Heated"
"TEC-PH-10003856","HTP-VAR-133514","Heated Tobacco","Heat-not-burn","Value","Multi-pack","Heated"
"TEC-PH-10003870","HTP-VAR-973866","Heated Tobacco","Heat-not-burn","Premium","10-pack","Heated"
"TEC-PH-10003875","HTP-VAR-273672","Heated Tobacco","Heat-not-burn","Premium","Multi-pack","Heated"
"TEC-PH-10003877","HTP-VAR-533199","Heated Tobacco","Heat-not-burn","Premium","Multi-pack","Heated"
"TEC-PH-10003885","HTP-VAR-070547","Heated Tobacco","Heat-not-burn","Value","10-pack","Heated"
"TEC-PH-10003891","HTP-VAR-234321","Heated Tobacco","Heat-not-burn","Premium","10-pack","Heated"
"TEC-PH-10003913","HTP-VAR-889609","Heated Tobacco","Heat-not-burn","Core","Multi-pack","Heated"
"TEC-PH-10003916","HTP-VAR-775309","Heated Tobacco","Heat-not-burn","Core","10-pack","Heated"
"TEC-PH-10003927","HTP-VAR-186668","Heated Tobacco","Heat-not-burn","Value","20-pack","Heated"
"TEC-PH-10003931","HTP-VAR-850674","Heated Tobacco","Heat-not-burn","Premium","20-pack","Heated"
"TEC-PH-10003932","HTP-VAR-038047","Heated Tobacco","Heat-not-burn","Core","Multi-pack","Heated"
"TEC-PH-10003935","HTP-VAR-210372","Heated Tobacco","Heat-not-burn","Premium","10-pack","Heated"
"TEC-PH-10003945","HTP-VAR-722374","Heated Tobacco","Heat-not-burn","Core","Multi-pack","Heated"
"TEC-PH-10003946","HTP-VAR-321258","Heated Tobacco","Heat-not-burn","Premium","20-pack","Heated"
"TEC-PH-10003954","HTP-VAR-351853","Heated Tobacco","Heat-not-burn","Core","10-pack","Heated"
"TEC-PH-10003960","HTP-VAR-948152","Heated Tobacco","Heat-not-burn","Value","30-pack","Heated"
"TEC-PH-10003963","HTP-VAR-603789","Heated Tobacco","Heat-not-burn","Premium","10-pack","Heated"
"TEC-PH-10003970","HTP-VAR-010950","Heated Tobacco","Heat-not-burn","Premium","Multi-pack","Heated"
"TEC-PH-10003980","HTP-VAR-979694","Heated Tobacco","Heat-not-burn","Value","10-pack","Heated"
"TEC-PH-10003982","HTP-VAR-119532","Heated Tobacco","Heat-not-burn","Premium","10-pack","Heated"
"TEC-PH-10003988","HTP-VAR-725625","Heated Tobacco","Heat-not-burn","Premium","30-pack","Heated"
"TEC-PH-10003994","HTP-VAR-761265","Heated Tobacco","Heat-not-burn","Premium","10-pack","Heated"
"TEC-PH-10003995","HTP-VAR-473123","Heated Tobacco","Heat-not-burn","Value","30-pack","Heated"
"TEC-PH-10004006","HTP-VAR-111024","Heated Tobacco","Heat-not-burn","Premium","Multi-pack","Heated"
"TEC-PH-10004028","HTP-VAR-512054","Heated Tobacco","Heat-not-burn","Value","30-pack","Heated"
"TEC-PH-10004042","HTP-VAR-436822","Heated Tobacco","Heat-not-burn","Core","30-pack","Heated"
"TEC-PH-10004048","HTP-VAR-148013","Heated Tobacco","Heat-not-burn","Value","10-pack","Heated"
"TEC-PH-10004057","HTP-VAR-675229","Heated Tobacco","Heat-not-burn","Core","10-pack","Heated"
"TEC-PH-10004071","HTP-VAR-419726","Heated Tobacco","Heat-not-burn","Value","Multi-pack","Heated"
"TEC-PH-10004074","HTP-VAR-668596","Heated Tobacco","Heat-not-burn","Core","10-pack","Heated"
"TEC-PH-10004080","HTP-VAR-243372","Heated Tobacco","Heat-not-burn","Premium","30-pack","Heated"
"TEC-PH-10004085","HTP-VAR-164478","Heated Tobacco","Heat-not-burn","Premium","20-pack","Heated"
"TEC-PH-10004093","HTP-VAR-671271","Heated Tobacco","Heat-not-burn","Premium","20-pack","Heated"
"TEC-PH-10004094","HTP-VAR-525049","Heated Tobacco","Heat-not-burn","Core","30-pack","Heated"
"TEC-PH-10004100","HTP-VAR-399456","Heated Tobacco","Heat-not-burn","Premium","20-pack","Heated"
"TEC-PH-10004105","HTP-VAR-064712","Heated Tobacco","Heat-not-burn","Value","30-pack","Heated"
"TEC-PH-10004120","HTP-VAR-870299","Heated Tobacco","Heat-not-burn","Value","Multi-pack","Heated"
"TEC-PH-10004144","HTP-VAR-628145","Heated Tobacco","Heat-not-burn","Value","10-pack","Heated"
"TEC-PH-10004152","HTP-VAR-881048","Heated Tobacco","Heat-not-burn","Value","10-pack","Heated"
"TEC-PH-10004162","HTP-VAR-248251","Heated Tobacco","Heat-not-burn","Core","Multi-pack","Heated"
"TEC-PH-10004165","HTP-VAR-034144","Heated Tobacco","Heat-not-burn","Core","10-pack","Heated"
"TEC-PH-10004182","HTP-VAR-414219","Heated Tobacco","Heat-not-burn","Premium","20-pack","Heated"
"TEC-PH-10004184","HTP-VAR-983656","Heated Tobacco","Heat-not-burn","Core","10-pack","Heated"
"TEC-PH-10004188","HTP-VAR-965785","Heated Tobacco","Heat-not-burn","Core","Multi-pack","Heated"
"TEC-PH-10004196","HTP-VAR-891426","Heated Tobacco","Heat-not-burn","Premium","20-pack","Heated"
"TEC-PH-10004200","HTP-VAR-567501","Heated Tobacco","Heat-not-burn","Premium","10-pack","Heated"
"TEC-PH-10004211","HTP-VAR-890911","Heated Tobacco","Heat-not-burn","Core","Multi-pack","Heated"
"TEC-PH-10004221","HTP-VAR-055103","Heated Tobacco","Heat-not-burn","Value","10-pack","Heated"
"TEC-PH-10004223","HTP-VAR-102585","Heated Tobacco","Heat-not-burn","Premium","10-pack","Heated"
"TEC-PH-10004235","HTP-VAR-729322","Heated Tobacco","Heat-not-burn","Core","10-pack","Heated"
"TEC-PH-10004237","HTP-VAR-404626","Heated Tobacco","Heat-not-burn","Core","10-pack","Heated"
"TEC-PH-10004241","HTP-VAR-875129","Heated Tobacco","Heat-not-burn","Value","30-pack","Heated"
"TEC-PH-10004242","HTP-VAR-299056","Heated Tobacco","Heat-not-burn","Core","10-pack","Heated"
"TEC-PH-10004251","HTP-VAR-842909","Heated Tobacco","Heat-not-burn","Value","Multi-pack","Heated"
"TEC-PH-10004261","HTP-VAR-918925","Heated Tobacco","Heat-not-burn","Core","10-pack","Heated"
"TEC-PH-10004263","HTP-VAR-980965","Heated Tobacco","Heat-not-burn","Core","10-pack","Heated"
"TEC-PH-10004271","HTP-VAR-866650","Heated Tobacco","Heat-not-burn","Core","20-pack","Heated"
"TEC-PH-10004272","HTP-VAR-342694","Heated Tobacco","Heat-not-burn","Core","Multi-pack","Heated"
"TEC-PH-10004281","HTP-VAR-193611","Heated Tobacco","Heat-not-burn","Premium","30-pack","Heated"
"TEC-PH-10004287","HTP-VAR-686991","Heated Tobacco","Heat-not-burn","Premium","Multi-pack","Heated"
"TEC-PH-10004297","HTP-VAR-951697","Heated Tobacco","Heat-not-burn","Core","30-pack","Heated"
"TEC-PH-10004300","HTP-VAR-069639","Heated Tobacco","Heat-not-burn","Premium","Multi-pack","Heated"
"TEC-PH-10004327","HTP-VAR-289078","Heated Tobacco","Heat-not-burn","Core","30-pack","Heated"
"TEC-PH-10004328","HTP-VAR-828132","Heated Tobacco","Heat-not-burn","Premium","Multi-pack","Heated"
"TEC-PH-10004345","HTP-VAR-599874","Heated Tobacco","Heat-not-burn","Premium","10-pack","Heated"
"TEC-PH-10004348","HTP-VAR-311632","Heated Tobacco","Heat-not-burn","Core","20-pack","Heated"
"TEC-PH-10004350","HTP-VAR-079046","Heated Tobacco","Heat-not-burn","Value","30-pack","Heated"
"TEC-PH-10004358","HTP-VAR-750477","Heated Tobacco","Heat-not-burn","Premium","10-pack","Heated"
"TEC-PH-10004389","HTP-VAR-845618","Heated Tobacco","Heat-not-burn","Value","Multi-pack","Heated"
"TEC-PH-10004402","HTP-VAR-675961","Heated Tobacco","Heat-not-burn","Core","30-pack","Heated"
"TEC-PH-10004404","HTP-VAR-529271","Heated Tobacco","Heat-not-burn","Value","Multi-pack","Heated"
"TEC-PH-10004434","HTP-VAR-571029","Heated Tobacco","Heat-not-burn","Premium","10-pack","Heated"
"TEC-PH-10004437","HTP-VAR-125273","Heated Tobacco","Heat-not-burn","Value","30-pack","Heated"
"TEC-PH-10004447","HTP-VAR-229991","Heated Tobacco","Heat-not-burn","Value","20-pack","Heated"
"TEC-PH-10004450","HTP-VAR-543538","Heated Tobacco","Heat-not-burn","Core","Multi-pack","Heated"
"TEC-PH-10004503","HTP-VAR-369665","Heated Tobacco","Heat-not-burn","Value","Multi-pack","Heated"
"TEC-PH-10004505","HTP-VAR-513904","Heated Tobacco","Heat-not-burn","Core","30-pack","Heated"
"TEC-PH-10004509","HTP-VAR-319511","Heated Tobacco","Heat-not-burn","Value","20-pack","Heated"
"TEC-PH-10004522","HTP-VAR-673220","Heated Tobacco","Heat-not-burn","Value","Multi-pack","Heated"
"TEC-PH-10004531","HTP-VAR-330606","Heated Tobacco","Heat-not-burn","Premium","10-pack","Heated"
"TEC-PH-10004536","HTP-VAR-140700","Heated Tobacco","Heat-not-burn","Premium","Multi-pack","Heated"
"TEC-PH-10004539","HTP-VAR-672757","Heated Tobacco","Heat-not-burn","Core","30-pack","Heated"
"TEC-PH-10004544","HTP-VAR-392599","Heated Tobacco","Heat-not-burn","Core","10-pack","Heated"
"TEC-PH-10004552","HTP-VAR-628711","Heated Tobacco","Heat-not-burn","Core","10-pack","Heated"
"TEC-PH-10004553","HTP-VAR-581093","Heated Tobacco","Heat-not-burn","Value","30-pack","Heated"
"TEC-PH-10004554","HTP-VAR-081921","Heated Tobacco","Heat-not-burn","Premium","20-pack","Heated"
"TEC-PH-10004559","HTP-VAR-829201","Heated Tobacco","Heat-not-burn","Core","10-pack","Heated"
"TEC-PH-10004570","HTP-VAR-537793","Heated Tobacco","Heat-not-burn","Core","30-pack","Heated"
"TEC-PH-10004575","HTP-VAR-359059","Heated Tobacco","Heat-not-burn","Core","20-pack","Heated"
"TEC-PH-10004577","HTP-VAR-062601","Heated Tobacco","Heat-not-burn","Premium","20-pack","Heated"
"TEC-PH-10004578","HTP-VAR-107553","Heated Tobacco","Heat-not-burn","Premium","10-pack","Heated"
"TEC-PH-10004583","HTP-VAR-162847","Heated Tobacco","Heat-not-burn","Core","Multi-pack","Heated"
"TEC-PH-10004586","HTP-VAR-886271","Heated Tobacco","Heat-not-burn","Value","10-pack","Heated"
"TEC-PH-10004597","HTP-VAR-355424","Heated Tobacco","Heat-not-burn","Value","Multi-pack","Heated"
"TEC-PH-10004601","HTP-VAR-565183","Heated Tobacco","Heat-not-burn","Core","30-pack","Heated"
"TEC-PH-10004614","HTP-VAR-363378","Heated Tobacco","Heat-not-burn","Premium","10-pack","Heated"
"TEC-PH-10004618","HTP-VAR-086435","Heated Tobacco","Heat-not-burn","Value","Multi-pack","Heated"
"TEC-PH-10004626","HTP-VAR-195290","Heated Tobacco","Heat-not-burn","Value","Multi-pack","Heated"
"TEC-PH-10004631","HTP-VAR-065130","Heated Tobacco","Heat-not-burn","Premium","20-pack","Heated"
"TEC-PH-10004635","HTP-VAR-606787","Heated Tobacco","Heat-not-burn","Core","10-pack","Heated"
"TEC-PH-10004636","HTP-VAR-130640","Heated Tobacco","Heat-not-burn","Value","30-pack","Heated"
"TEC-PH-10004655","HTP-VAR-897638","Heated Tobacco","Heat-not-burn","Value","30-pack","Heated"
"TEC-PH-10004664","HTP-VAR-832815","Heated Tobacco","Heat-not-burn","Premium","Multi-pack","Heated"
"TEC-PH-10004667","HTP-VAR-825380","Heated Tobacco","Heat-not-burn","Value","20-pack","Heated"
"TEC-PH-10004675","HTP-VAR-202464","Heated Tobacco","Heat-not-burn","Premium","10-pack","Heated"
"TEC-PH-10004680","HTP-VAR-710261","Heated Tobacco","Heat-not-burn","Value","10-pack","Heated"
"TEC-PH-10004682","HTP-VAR-353389","Heated Tobacco","Heat-not-burn","Core","10-pack","Heated"
"TEC-PH-10004700","HTP-VAR-899788","Heated Tobacco","Heat-not-burn","Core","Multi-pack","Heated"
"TEC-PH-10004707","HTP-VAR-506464","Heated Tobacco","Heat-not-burn","Core","10-pack","Heated"
"TEC-PH-10004714","HTP-VAR-099406","Heated Tobacco","Heat-not-burn","Core","Multi-pack","Heated"
"TEC-PH-10004732","HTP-VAR-757690","Heated Tobacco","Heat-not-burn","Core","10-pack","Heated"
"TEC-PH-10004760","HTP-VAR-010419","Heated Tobacco","Heat-not-burn","Premium","20-pack","Heated"
"TEC-PH-10004772","HTP-VAR-342105","Heated Tobacco","Heat-not-burn","Premium","10-pack","Heated"
"TEC-PH-10004774","HTP-VAR-552329","Heated Tobacco","Heat-not-burn","Value","20-pack","Heated"
"TEC-PH-10004800","HTP-VAR-320882","Heated Tobacco","Heat-not-burn","Value","30-pack","Heated"
"TEC-PH-10004810","HTP-VAR-038130","Heated Tobacco","Heat-not-burn","Premium","Multi-pack","Heated"
"TEC-PH-10004823","HTP-VAR-726741","Heated Tobacco","Heat-not-burn","Premium","30-pack","Heated"
"TEC-PH-10004825","HTP-VAR-642784","Heated Tobacco","Heat-not-burn","Core","Multi-pack","Heated"
"TEC-PH-10004827","HTP-VAR-640906","Heated Tobacco","Heat-not-burn","Core","Multi-pack","Heated"
"TEC-PH-10004830","HTP-VAR-008063","Heated Tobacco","Heat-not-burn","Value","20-pack","Heated"
"TEC-PH-10004833","HTP-VAR-137919","Heated Tobacco","Heat-not-burn","Premium","Multi-pack","Heated"
"TEC-PH-10004871","HTP-VAR-034132","Heated Tobacco","Heat-not-burn","Core","Multi-pack","Heated"
"TEC-PH-10004875","HTP-VAR-345016","Heated Tobacco","Heat-not-burn","Core","30-pack","Heated"
"TEC-PH-10004879","HTP-VAR-468496","Heated Tobacco","Heat-not-burn","Core","20-pack","Heated"
"TEC-PH-10004880","HTP-VAR-561699","Heated Tobacco","Heat-not-burn","Premium","30-pack","Heated"
"TEC-PH-10004882","HTP-VAR-382486","Heated Tobacco","Heat-not-burn","Core","30-pack","Heated"
"TEC-PH-10004888","HTP-VAR-559406","Heated Tobacco","Heat-not-burn","Value","10-pack","Heated"
"TEC-PH-10004896","HTP-VAR-018177","Heated Tobacco","Heat-not-burn","Premium","30-pack","Heated"
"TEC-PH-10004897","HTP-VAR-167187","Heated Tobacco","Heat-not-burn","Premium","10-pack","Heated"
"TEC-PH-10004901","HTP-VAR-979291","Heated Tobacco","Heat-not-burn","Core","Multi-pack","Heated"
"TEC-PH-10004908","HTP-VAR-699669","Heated Tobacco","Heat-not-burn","Premium","Multi-pack","Heated"
"TEC-PH-10004910","HTP-VAR-301134","Heated Tobacco","Heat-not-burn","Premium","10-pack","Heated"
"TEC-PH-10004912","HTP-VAR-697774","Heated Tobacco","Heat-not-burn","Core","10-pack","Heated"
"TEC-PH-10004915","HTP-VAR-935329","Heated Tobacco","Heat-not-burn","Core","Multi-pack","Heated"
"TEC-PH-10004922","HTP-VAR-852915","Heated Tobacco","Heat-not-burn","Premium","Multi-pack","Heated"
"TEC-PH-10004924","HTP-VAR-769462","Heated Tobacco","Heat-not-burn","Core","30-pack","Heated"
"TEC-PH-10004933","HTP-VAR-234845","Heated Tobacco","Heat-not-burn","Value","10-pack","Heated"
"TEC-PH-10004940","HTP-VAR-576490","Heated Tobacco","Heat-not-burn","Core","20-pack","Heated"
"TEC-PH-10004959","HTP-VAR-114371","Heated Tobacco","Heat-not-burn","Value","10-pack","Heated"
"TEC-PH-10004970","HTP-VAR-172238","Heated Tobacco","Heat-not-burn","Value","30-pack","Heated"
"TEC-PH-10004977","HTP-VAR-074850","Heated Tobacco","Heat-not-burn","Premium","20-pack","Heated"
"TEC-PH-10004992","HTP-VAR-038192","Heated Tobacco","Heat-not-burn","Value","10-pack","Heated"
"TEC-SAM-10000345","HTP-VAR-052903","Heated Tobacco","Heat-not-burn","Core","10-pack","Heated"
"TEC-SAM-10000588","HTP-VAR-888433","Heated Tobacco","Heat-not-burn","Core","Multi-pack","Heated"
"TEC-SAM-10000613","HTP-VAR-492891","Heated Tobacco","Heat-not-burn","Premium","Multi-pack","Heated"
"TEC-SAM-10000765","HTP-VAR-323886","Heated Tobacco","Heat-not-burn","Premium","30-pack","Heated"
"TEC-SAM-10000779","HTP-VAR-965019","Heated Tobacco","Heat-not-burn","Premium","10-pack","Heated"
"TEC-SAM-10001013","HTP-VAR-313599","Heated Tobacco","Heat-not-burn","Premium","10-pack","Heated"
"TEC-SAM-10001017","HTP-VAR-786868","Heated Tobacco","Heat-not-burn","Core","20-pack","Heated"
"TEC-SAM-10001131","HTP-VAR-865965","Heated Tobacco","Heat-not-burn","Premium","20-pack","Heated"
"TEC-SAM-10001843","HTP-VAR-990253","Heated Tobacco","Heat-not-burn","Core","20-pack","Heated"
"TEC-SAM-10001935","HTP-VAR-478234","Heated Tobacco","Heat-not-burn","Core","10-pack","Heated"
"TEC-SAM-10001985","HTP-VAR-280745","Heated Tobacco","Heat-not-burn","Value","Multi-pack","Heated"
"TEC-SAM-10002496","HTP-VAR-782132","Heated Tobacco","Heat-not-burn","Value","20-pack","Heated"
"TEC-SAM-10002682","HTP-VAR-603552","Heated Tobacco","Heat-not-burn","Premium","Multi-pack","Heated"
"TEC-SAM-10003205","HTP-VAR-403612","Heated Tobacco","Heat-not-burn","Core","20-pack","Heated"
"TEC-SAM-10003493","HTP-VAR-574252","Heated Tobacco","Heat-not-burn","Core","Multi-pack","Heated"
"TEC-SAM-10003520","HTP-VAR-188598","Heated Tobacco","Heat-not-burn","Premium","20-pack","Heated"
"TEC-SAM-10003538","HTP-VAR-027281","Heated Tobacco","Heat-not-burn","Value","30-pack","Heated"
"TEC-SAM-10003891","HTP-VAR-680480","Heated Tobacco","Heat-not-burn","Value","Multi-pack","Heated"
"TEC-SAM-10003948","HTP-VAR-219864","Heated Tobacco","Heat-not-burn","Premium","20-pack","Heated"
"TEC-SAM-10004230","HTP-VAR-514173","Heated Tobacco","Heat-not-burn","Premium","10-pack","Heated"
"TEC-SAM-10004384","HTP-VAR-507140","Heated Tobacco","Heat-not-burn","Value","20-pack","Heated"
"TEC-SAM-10004785","HTP-VAR-197923","Heated Tobacco","Heat-not-burn","Core","Multi-pack","Heated"
"TEC-SAM-10004851","HTP-VAR-470805","Heated Tobacco","Heat-not-burn","Premium","30-pack","Heated"
"TEC-SAM-10004940","HTP-VAR-706143","Heated Tobacco","Heat-not-burn","Premium","30-pack","Heated"
"TEC-SAN-10000060","HTP-VAR-299558","Heated Tobacco","Heat-not-burn","Value","Multi-pack","Heated"
"TEC-SAN-10000142","HTP-VAR-020299","Heated Tobacco","Heat-not-burn","Core","30-pack","Heated"
"TEC-SAN-10000235","HTP-VAR-025525","Heated Tobacco","Heat-not-burn","Core","Multi-pack","Heated"
"TEC-SAN-10000250","HTP-VAR-366771","Heated Tobacco","Heat-not-burn","Premium","30-pack","Heated"
"TEC-SAN-10000260","HTP-VAR-328131","Heated Tobacco","Heat-not-burn","Premium","20-pack","Heated"
"TEC-SAN-10000740","HTP-VAR-899046","Heated Tobacco","Heat-not-burn","Premium","10-pack","Heated"
"TEC-SAN-10001506","HTP-VAR-230319","Heated Tobacco","Heat-not-burn","Premium","30-pack","Heated"
"TEC-SAN-10001738","HTP-VAR-920527","Heated Tobacco","Heat-not-burn","Core","10-pack","Heated"
"TEC-SAN-10001899","HTP-VAR-072436","Heated Tobacco","Heat-not-burn","Core","20-pack","Heated"
"TEC-SAN-10002254","HTP-VAR-005788","Heated Tobacco","Heat-not-burn","Core","10-pack","Heated"
"TEC-SAN-10002477","HTP-VAR-088216","Heated Tobacco","Heat-not-burn","Core","30-pack","Heated"
"TEC-SAN-10002684","HTP-VAR-134097","Heated Tobacco","Heat-not-burn","Premium","20-pack","Heated"
"TEC-SAN-10002871","HTP-VAR-234524","Heated Tobacco","Heat-not-burn","Value","Multi-pack","Heated"
"TEC-SAN-10002954","HTP-VAR-670330","Heated Tobacco","Heat-not-burn","Core","20-pack","Heated"
"TEC-SAN-10003238","HTP-VAR-044192","Heated Tobacco","Heat-not-burn","Value","10-pack","Heated"
"TEC-SAN-10003336","HTP-VAR-918356","Heated Tobacco","Heat-not-burn","Value","10-pack","Heated"
"TEC-SAN-10003793","HTP-VAR-230230","Heated Tobacco","Heat-not-burn","Core","20-pack","Heated"
"TEC-SAN-10004027","HTP-VAR-875211","Heated Tobacco","Heat-not-burn","Premium","Multi-pack","Heated"
"TEC-SAN-10004181","HTP-VAR-285437","Heated Tobacco","Heat-not-burn","Value","Multi-pack","Heated"
"TEC-SAN-10004215","HTP-VAR-865092","Heated Tobacco","Heat-not-burn","Premium","30-pack","Heated"
"TEC-SAN-10004424","HTP-VAR-412730","Heated Tobacco","Heat-not-burn","Value","20-pack","Heated"
"TEC-SAN-10004721","HTP-VAR-953816","Heated Tobacco","Heat-not-burn","Value","Multi-pack","Heated"
"TEC-SAN-10004885","HTP-VAR-945458","Heated Tobacco","Heat-not-burn","Value","20-pack","Heated"
"TEC-SAN-10004999","HTP-VAR-830630","Heated Tobacco","Heat-not-burn","Value","10-pack","Heated"
"TEC-SHA-10000052","HTP-VAR-716175","Heated Tobacco","Heat-not-burn","Premium","10-pack","Heated"
"TEC-SHA-10000244","HTP-VAR-343258","Heated Tobacco","Heat-not-burn","Core","30-pack","Heated"
"TEC-SHA-10000306","HTP-VAR-726407","Heated Tobacco","Heat-not-burn","Value","20-pack","Heated"
"TEC-SHA-10000479","HTP-VAR-948226","Heated Tobacco","Heat-not-burn","Core","30-pack","Heated"
"TEC-SHA-10000501","HTP-VAR-299189","Heated Tobacco","Heat-not-burn","Value","10-pack","Heated"
"TEC-SHA-10000971","HTP-VAR-452994","Heated Tobacco","Heat-not-burn","Premium","Multi-pack","Heated"
"TEC-SHA-10001103","HTP-VAR-713422","Heated Tobacco","Heat-not-burn","Core","20-pack","Heated"
"TEC-SHA-10001231","HTP-VAR-197692","Heated Tobacco","Heat-not-burn","Core","Multi-pack","Heated"
"TEC-SHA-10001309","HTP-VAR-266977","Heated Tobacco","Heat-not-burn","Core","20-pack","Heated"
"TEC-SHA-10001413","HTP-VAR-296369","Heated Tobacco","Heat-not-burn","Value","Multi-pack","Heated"
"TEC-SHA-10001976","HTP-VAR-397823","Heated Tobacco","Heat-not-burn","Value","20-pack","Heated"
"TEC-SHA-10002034","HTP-VAR-263460","Heated Tobacco","Heat-not-burn","Premium","10-pack","Heated"
"TEC-SHA-10002696","HTP-VAR-858786","Heated Tobacco","Heat-not-burn","Premium","10-pack","Heated"
"TEC-SHA-10002753","HTP-VAR-184678","Heated Tobacco","Heat-not-burn","Core","10-pack","Heated"
"TEC-SHA-10003039","HTP-VAR-379715","Heated Tobacco","Heat-not-burn","Value","10-pack","Heated"
"TEC-SHA-10003353","HTP-VAR-684294","Heated Tobacco","Heat-not-burn","Premium","20-pack","Heated"
"TEC-SHA-10003670","HTP-VAR-193135","Heated Tobacco","Heat-not-burn","Core","30-pack","Heated"
"TEC-SHA-10004083","HTP-VAR-288568","Heated Tobacco","Heat-not-burn","Core","10-pack","Heated"
"TEC-SHA-10004151","HTP-VAR-759086","Heated Tobacco","Heat-not-burn","Value","30-pack","Heated"
"TEC-SHA-10004184","HTP-VAR-998600","Heated Tobacco","Heat-not-burn","Value","10-pack","Heated"
"TEC-SHA-10004390","HTP-VAR-084447","Heated Tobacco","Heat-not-burn","Premium","30-pack","Heated"
"TEC-SHA-10004658","HTP-VAR-291226","Heated Tobacco","Heat-not-burn","Core","Multi-pack","Heated"
"TEC-SHA-10004874","HTP-VAR-891426","Heated Tobacco","Heat-not-burn","Premium","10-pack","Heated"
"TEC-STA-10000008","HTP-VAR-337496","Heated Tobacco","Heat-not-burn","Value","Multi-pack","Heated"
"TEC-STA-10000546","HTP-VAR-125296","Heated Tobacco","Heat-not-burn","Core","Multi-pack","Heated"
"TEC-STA-10000699","HTP-VAR-127656","Heated Tobacco","Heat-not-burn","Premium","30-pack","Heated"
"TEC-STA-10000893","HTP-VAR-244839","Heated Tobacco","Heat-not-burn","Premium","30-pack","Heated"
"TEC-STA-10001232","HTP-VAR-230068","Heated Tobacco","Heat-not-burn","Core","20-pack","Heated"
"TEC-STA-10001407","HTP-VAR-195161","Heated Tobacco","Heat-not-burn","Value","Multi-pack","Heated"
"TEC-STA-10001487","HTP-VAR-299948","Heated Tobacco","Heat-not-burn","Value","Multi-pack","Heated"
"TEC-STA-10001994","HTP-VAR-076202","Heated Tobacco","Heat-not-burn","Value","Multi-pack","Heated"
"TEC-STA-10002286","HTP-VAR-430599","Heated Tobacco","Heat-not-burn","Premium","20-pack","Heated"
"TEC-STA-10002459","HTP-VAR-154316","Heated Tobacco","Heat-not-burn","Value","Multi-pack","Heated"
"TEC-STA-10002497","HTP-VAR-703385","Heated Tobacco","Heat-not-burn","Value","10-pack","Heated"
"TEC-STA-10002650","HTP-VAR-317901","Heated Tobacco","Heat-not-burn","Premium","20-pack","Heated"
"TEC-STA-10003065","HTP-VAR-345502","Heated Tobacco","Heat-not-burn","Core","30-pack","Heated"
"TEC-STA-10003081","HTP-VAR-455701","Heated Tobacco","Heat-not-burn","Core","20-pack","Heated"
"TEC-STA-10003330","HTP-VAR-948499","Heated Tobacco","Heat-not-burn","Core","20-pack","Heated"
"TEC-STA-10003386","HTP-VAR-486109","Heated Tobacco","Heat-not-burn","Core","Multi-pack","Heated"
"TEC-STA-10003447","HTP-VAR-295616","Heated Tobacco","Heat-not-burn","Value","10-pack","Heated"
"TEC-STA-10003550","HTP-VAR-730486","Heated Tobacco","Heat-not-burn","Core","20-pack","Heated"
"TEC-STA-10003925","HTP-VAR-747939","Heated Tobacco","Heat-not-burn","Premium","20-pack","Heated"
"TEC-STA-10004181","HTP-VAR-902728","Heated Tobacco","Heat-not-burn","Core","Multi-pack","Heated"
"TEC-STA-10004536","HTP-VAR-350892","Heated Tobacco","Heat-not-burn","Premium","Multi-pack","Heated"
"TEC-STA-10004542","HTP-VAR-206213","Heated Tobacco","Heat-not-burn","Value","20-pack","Heated"
"TEC-STA-10004834","HTP-VAR-060565","Heated Tobacco","Heat-not-burn","Core","10-pack","Heated"
"TEC-STA-10004927","HTP-VAR-163679","Heated Tobacco","Heat-not-burn","Value","10-pack","Heated"
