operating_country,channel_name,pmi_product_family,brand_tier,wholesaler_tier,weeks,shipments_units,avg_price_realization,avg_list_price,avg_net_price,avg_leakage_per_unit
South Korea,Key Accounts,Oral Nicotine,Core,T1,1,7,0.2,320,64,256
Lithuania,E-Commerce,Oral Nicotine,Core,T3,1,6,0.299999242,52.7778,15.8333,36.9445
Tajikistan,Retail,Heated Tobacco,Core,T2,1,12,0.299999387,65.2778,19.5833,45.6945
Yemen,Key Accounts,Heated Tobacco,Core,T1,1,6,0.299999596,49.4444,14.8333,34.6111
Lithuania,E-Commerce,Cigarettes,Core,T3,1,7,0.299999645,44.28567143,13.28568571,30.99998571
Uganda,Retail,Oral Nicotine,Value,T2,1,6,0.299999674,122.7778,36.8333,85.9445
Trinidad and Tobago,Key Accounts,Heated Tobacco,Value,T1,1,4,0.299999727,36.6667,11,25.6667
Uganda,E-Commerce,Cigarettes,Value,T3,1,5,0.299999727,22.00002,6.6,15.40002
Lithuania,Retail,Oral Nicotine,Premium,T2,1,2,0.29999976,41.6667,12.5,29.1667
Kazakhstan,E-Commerce,Oral Nicotine,Value,T3,1,1,0.299999786,46.6667,14,32.6667
Turkmenistan,E-Commerce,Cigarettes,Core,T3,1,1,0.299999786,46.6667,14,32.6667
Trinidad and Tobago,E-Commerce,Heated Tobacco,Premium,T3,1,3,0.299999878,164.4444,49.3333,115.1111
Yemen,Key Accounts,Cigarettes,Core,T1,1,3,0.299999897,32.22223333,9.666666667,22.55556667
Uganda,Key Accounts,Heated Tobacco,Premium,T1,1,2,0.299999921,126.6667,38,88.6667
Uganda,E-Commerce,Oral Nicotine,Value,T3,1,2,0.299999932,146.6667,44,102.6667
Zimbabwe,E-Commerce,Oral Nicotine,Core,T3,1,14,0.299999933,149.2857,44.7857,104.5
Lithuania,Key Accounts,Oral Nicotine,Core,T1,1,2,0.29999994,166.6667,50,116.6667
Uganda,Retail,Heated Tobacco,Core,T2,1,1,0.29999994,166.6667,50,116.6667
Zimbabwe,Retail,Oral Nicotine,Core,T2,1,1,0.29999994,166.6667,50,116.6667
Uganda,Key Accounts,Oral Nicotine,Premium,T1,1,1,0.299999943,176.6667,53,123.6667
Turkmenistan,Key Accounts,Heated Tobacco,Premium,T1,1,1,0.299999963,266.6667,80,186.6667
Turkmenistan,Key Accounts,Heated Tobacco,Value,T1,1,1,0.299999963,266.6667,80,186.6667
Kazakhstan,Key Accounts,Oral Nicotine,Premium,T1,1,2,0.299999966,148.33335,44.5,103.83335
Lithuania,E-Commerce,Heated Tobacco,Premium,T3,1,1,0.299999966,296.6667,89,207.6667
United Arab Emirates,Retail,Cigarettes,Premium,T2,1,2,0.29999997,168.33335,50.5,117.83335
Yemen,Retail,Heated Tobacco,Core,T2,1,2,0.299999972,356.6667,107,249.6667
Uganda,Key Accounts,Oral Nicotine,Value,T1,1,1,0.299999977,436.6667,131,305.6667
Lithuania,Key Accounts,Heated Tobacco,Core,T1,1,1,0.3,170,51,119
Lithuania,Key Accounts,Oral Nicotine,Premium,T1,1,1,0.3,460,138,322
Lithuania,Retail,Oral Nicotine,Core,T2,1,1,0.3,470,141,329
Tajikistan,Retail,Cigarettes,Core,T2,1,1,0.3,10,3,7
Turkmenistan,E-Commerce,Cigarettes,Premium,T3,1,1,0.3,50,15,35
Turkmenistan,Key Accounts,Cigarettes,Core,T1,1,4,0.3,17.5,5.25,12.25
Turkmenistan,Key Accounts,Cigarettes,Value,T1,1,1,0.3,10,3,7
Turkmenistan,Retail,Heated Tobacco,Premium,T2,1,1,0.3,120,36,84
Uganda,E-Commerce,Cigarettes,Core,T3,1,2,0.3,50,15,35
Uganda,Key Accounts,Cigarettes,Value,T1,1,2,0.3,30,9,21
United Arab Emirates,Retail,Heated Tobacco,Core,T2,1,4,0.3,80,24,56
United Arab Emirates,Retail,Oral Nicotine,Premium,T2,1,6,0.3,125,37.5,87.5
Yemen,Key Accounts,Cigarettes,Premium,T1,1,4,0.3,55,16.5,38.5
Yemen,Retail,Heated Tobacco,Value,T2,1,1,0.3,140,42,98
Zimbabwe,E-Commerce,Heated Tobacco,Premium,T3,1,2,0.3,170,51,119
Zimbabwe,E-Commerce,Heated Tobacco,Value,T3,1,1,0.3,260,78,182
Zimbabwe,Key Accounts,Oral Nicotine,Premium,T1,1,1,0.3,170,51,119
Uganda,Retail,Heated Tobacco,Premium,T2,1,4,0.300000012,200.833325,60.25,140.583325
Turkmenistan,Retail,Oral Nicotine,Value,T2,1,2,0.300000028,363.3333,109,254.3333
Lithuania,Key Accounts,Cigarettes,Core,T1,1,5,0.300000046,174.66664,52.4,122.26664
Uganda,Retail,Heated Tobacco,Value,T2,1,2,0.300000059,168.3333,50.5,117.8333
Zimbabwe,Key Accounts,Oral Nicotine,Value,T1,1,2,0.30000007,143.3333,43,100.3333
Turkmenistan,E-Commerce,Heated Tobacco,Value,T3,1,1,0.300000097,103.3333,31,72.3333
Yemen,Retail,Oral Nicotine,Value,T2,1,1,0.30000012,83.3333,25,58.3333
Kazakhstan,E-Commerce,Heated Tobacco,Value,T3,1,4,0.300000132,75.8333,22.75,53.0833
Turkmenistan,Retail,Heated Tobacco,Value,T2,1,6,0.300000136,73.3333,22,51.3333
Zimbabwe,Key Accounts,Heated Tobacco,Value,T1,1,1,0.300000136,73.3333,22,51.3333
Turkmenistan,E-Commerce,Oral Nicotine,Premium,T3,1,6,0.300000183,163.8889,49.1667,114.7222
Kazakhstan,E-Commerce,Cigarettes,Premium,T3,1,1,0.300000188,53.3333,16,37.3333
Turkmenistan,Key Accounts,Cigarettes,Premium,T1,1,1,0.300000188,53.3333,16,37.3333
Turkmenistan,Key Accounts,Oral Nicotine,Core,T1,1,1,0.300000188,53.3333,16,37.3333
Yemen,E-Commerce,Cigarettes,Premium,T3,1,6,0.300000203,197.2222,59.1667,138.0555
United Arab Emirates,Retail,Heated Tobacco,Premium,T2,1,6,0.300000231,43.3333,13,30.3333
Zimbabwe,Retail,Oral Nicotine,Premium,T2,1,1,0.300000231,43.3333,13,30.3333
United Arab Emirates,Key Accounts,Cigarettes,Value,T1,1,2,0.300000353,28.3333,8.5,19.8333
United Arab Emirates,Key Accounts,Cigarettes,Core,T1,1,1,0.300000429,23.3333,7,16.3333
Haiti,Key Accounts,Oral Nicotine,Core,T1,1,1,0.30000075,13.3333,4,9.3333
Tajikistan,Retail,Cigarettes,Value,T2,1,1,0.30000075,13.3333,4,9.3333
Uganda,Key Accounts,Cigarettes,Core,T1,1,5,0.30000075,13.3333,4,9.3333
Lithuania,E-Commerce,Cigarettes,Value,T3,1,4,0.300000923,10.8333,3.25,7.5833
Papua New Guinea,E-Commerce,Cigarettes,Value,T3,1,6,0.499999348,38.33335,19.16665,19.1667
South Korea,E-Commerce,Heated Tobacco,Premium,T3,1,11,0.499999519,66.18184545,33.09089091,33.09095455
South Korea,Key Accounts,Heated Tobacco,Premium,T1,1,7,0.499999708,73.42858571,36.71427143,36.71431429
Portugal,Key Accounts,Oral Nicotine,Premium,T1,1,6,0.499999887,440.6667,220.3333,220.3334
Denmark,E-Commerce,Cigarettes,Core,T3,1,1,0.5,50,25,25
Denmark,Key Accounts,Cigarettes,Core,T1,1,2,0.5,17,8.5,8.5
Denmark,Key Accounts,Oral Nicotine,Core,T1,1,3,0.5,58,29,29
Denmark,Retail,Oral Nicotine,Premium,T2,1,4,0.5,460,230,230
Ireland,Key Accounts,Heated Tobacco,Value,T1,1,5,0.5,65.2,32.6,32.6
Netherlands,E-Commerce,Heated Tobacco,Core,T3,1,2,0.5,320,160,160
Netherlands,E-Commerce,Heated Tobacco,Premium,T3,1,3,0.5,72,36,36
Pakistan,E-Commerce,Heated Tobacco,Premium,T3,1,3,0.5,44.66666667,22.33333333,22.33333333
Papua New Guinea,E-Commerce,Cigarettes,Core,T3,1,7,0.5,4,2,2
Papua New Guinea,E-Commerce,Cigarettes,Premium,T3,1,4,0.5,11,5.5,5.5
Papua New Guinea,Key Accounts,Cigarettes,Premium,T1,1,4,0.5,34,17,17
Papua New Guinea,Key Accounts,Heated Tobacco,Value,T1,1,2,0.5,80,40,40
Papua New Guinea,Retail,Heated Tobacco,Premium,T2,1,2,0.5,103,51.5,51.5
Portugal,E-Commerce,Cigarettes,Premium,T3,1,2,0.5,69,34.5,34.5
Portugal,Retail,Heated Tobacco,Value,T2,1,5,0.5,74.4,37.2,37.2
South Korea,E-Commerce,Heated Tobacco,Core,T3,1,8,0.5,362.25,181.125,181.125
Sweden,E-Commerce,Oral Nicotine,Value,T3,1,4,0.5,148.5,74.25,74.25
Ireland,E-Commerce,Heated Tobacco,Value,T3,1,3,0.500000339,147.3333,73.6667,73.6666
Denmark,Key Accounts,Heated Tobacco,Core,T1,1,8,0.500000526,71.249975,35.625025,35.62495
Portugal,Key Accounts,Oral Nicotine,Core,T1,1,7,0.500001224,40.8571,20.4286,20.4285
Portugal,Key Accounts,Heated Tobacco,Premium,T1,1,9,0.500001844,27.1111,13.5556,13.5555
Haiti,E-Commerce,Oral Nicotine,Premium,T3,1,9,0.527999578,32.40743333,17.11111111,15.29632222
Venezuela,Key Accounts,Heated Tobacco,Core,T1,1,5,0.597999908,252.5084,151,101.5084
Lithuania,Retail,Cigarettes,Core,T2,2,3,0.599998853,35,10.5,24.5
Haiti,Retail,Heated Tobacco,Premium,T2,1,2,0.59999925,26.6667,16,10.6667
Haiti,E-Commerce,Cigarettes,Premium,T3,1,2,0.599999415,34.1667,20.5,13.6667
Lithuania,Retail,Oral Nicotine,Value,T2,2,10,0.599999478,384.1667,115.25,268.9167
Haiti,E-Commerce,Oral Nicotine,Core,T3,1,3,0.599999523,83.8889,50.3333,33.5556
Turkmenistan,Retail,Heated Tobacco,Core,T2,2,8,0.599999652,161.1111,48.3333,112.7778
Syria,E-Commerce,Heated Tobacco,Core,T3,1,2,0.599999769,86.6667,52,34.6667
Uganda,E-Commerce,Heated Tobacco,Value,T3,2,2,0.599999811,323.3334,97,226.3334
Kazakhstan,Key Accounts,Heated Tobacco,Core,T1,2,2,0.599999867,303.3334,91,212.3334
Kazakhstan,Retail,Heated Tobacco,Value,T2,2,6,0.599999929,461.6667,138.5,323.1667
Lithuania,Retail,Heated Tobacco,Value,T2,2,3,0.59999994,281.6667,84.5,197.1667
Turkmenistan,Retail,Cigarettes,Core,T2,2,9,0.599999947,108.75,32.625,76.125
Syria,Key Accounts,Heated Tobacco,Premium,T1,1,4,0.599999969,654.1667,392.5,261.6667
Uganda,E-Commerce,Oral Nicotine,Core,T3,2,2,0.599999973,426.6667,128,298.6667
Zimbabwe,Key Accounts,Oral Nicotine,Core,T1,2,3,0.599999979,496.6667,149,347.6667
Lithuania,Retail,Heated Tobacco,Core,T2,2,7,0.599999985,681.6667,204.5,477.1667
Yemen,Key Accounts,Cigarettes,Value,T1,2,11,0.599999996,311.2963,93.38888889,217.9074111
Haiti,E-Commerce,Cigarettes,Value,T3,1,3,0.6,35,21,14
Peru,E-Commerce,Oral Nicotine,Value,T3,1,2,0.6,290,174,116
Peru,Key Accounts,Heated Tobacco,Premium,T1,1,8,0.6,93.125,55.875,37.25
Uganda,E-Commerce,Cigarettes,Premium,T3,2,6,0.6,80,24,56
Uganda,Key Accounts,Oral Nicotine,Core,T1,2,2,0.6,460,138,322
United Arab Emirates,Retail,Cigarettes,Value,T2,2,4,0.6,20,6,14
Yemen,Retail,Oral Nicotine,Core,T2,2,3,0.6,275,82.5,192.5
Zimbabwe,Retail,Heated Tobacco,Value,T2,2,4,0.600000058,293.3333,88,205.3333
Lithuania,Key Accounts,Heated Tobacco,Value,T1,2,2,0.600000063,400,120,280
Lithuania,Key Accounts,Heated Tobacco,Premium,T1,2,5,0.600000066,611.6666,183.5,428.1666
Zimbabwe,Retail,Heated Tobacco,Core,T2,2,5,0.600000078,178.3333,53.5,124.8333
Kazakhstan,Key Accounts,Heated Tobacco,Value,T1,2,5,0.600000088,178.3333,53.5,124.8333
Kazakhstan,Key Accounts,Oral Nicotine,Value,T1,2,3,0.60000012,133.3333,40,93.3333
Kazakhstan,Key Accounts,Oral Nicotine,Core,T1,2,8,0.600000175,300.5556,90.1667,210.3889
Kazakhstan,Key Accounts,Heated Tobacco,Premium,T1,2,2,0.600000198,236.6666,71,165.6666
Zimbabwe,Key Accounts,Heated Tobacco,Premium,T1,2,11,0.600000204,221.6666,66.5,155.1666
Yemen,Retail,Oral Nicotine,Premium,T2,2,2,0.600000338,136.6666,41,95.6666
Haiti,E-Commerce,Heated Tobacco,Core,T3,1,3,0.600000375,53.3333,32,21.3333
Haiti,Key Accounts,Heated Tobacco,Core,T1,1,3,0.600000375,53.3333,32,21.3333
Uganda,Retail,Cigarettes,Premium,T2,2,7,0.60000075,33.3333,10,23.3333
Syria,Retail,Heated Tobacco,Core,T2,1,3,0.68243524,270.1111,184.3333333,85.77776667
Myanmar (Burma),E-Commerce,Oral Nicotine,Core,T3,1,7,0.730000326,147.1624,107.4286,39.7338
Denmark,Retail,Oral Nicotine,Core,T2,2,10,0.8,95.3125,38.125,57.1875
Papua New Guinea,Key Accounts,Oral Nicotine,Core,T1,1,2,0.8,135,108,27
South Korea,Key Accounts,Oral Nicotine,Premium,T1,1,4,0.8,123.125,98.5,24.625
Papua New Guinea,Retail,Oral Nicotine,Core,T2,1,3,0.8,48.75,39,9.75
Papua New Guinea,Key Accounts,Oral Nicotine,Premium,T1,1,7,0.800000371,53.9286,43.1429,10.7857
Ecuador,E-Commerce,Oral Nicotine,Value,T3,1,10,0.825725825,328.075,270.9,57.175
Bolivia,E-Commerce,Oral Nicotine,Premium,T3,1,12,0.838139565,179.1667,150.1667,29
Haiti,Retail,Heated Tobacco,Value,T2,2,5,0.897999949,247.3746,137.5,109.8746
Haiti,E-Commerce,Heated Tobacco,Premium,T3,2,4,0.898000035,288.9186,139,149.9186
Uganda,Retail,Cigarettes,Core,T2,3,3,0.899997231,56.6667,17,39.6667
Venezuela,E-Commerce,Oral Nicotine,Premium,T3,2,11,0.8999988,329.0477,103.7143,225.3334
Zimbabwe,E-Commerce,Cigarettes,Core,T3,3,8,0.899998827,308.3334,92.5,215.8334
Lithuania,Key Accounts,Cigarettes,Premium,T1,3,3,0.899999625,356.6667,107,249.6667
Yemen,Retail,Cigarettes,Value,T2,3,3,0.899999625,166.6667,50,116.6667
Tanzania,Key Accounts,Heated Tobacco,Premium,T1,1,2,0.899999802,151.6667,136.5,15.1667
Kazakhstan,E-Commerce,Oral Nicotine,Premium,T3,3,5,0.899999992,440,132,308
Haiti,Key Accounts,Heated Tobacco,Value,T1,2,12,0.9,88.75,43.5,45.25
Denmark,Key Accounts,Oral Nicotine,Premium,T1,2,6,0.9,141.75,66.5,75.25
Sweden,Key Accounts,Oral Nicotine,Core,T1,2,7,0.9,113,50.7,62.3
Lithuania,Key Accounts,Oral Nicotine,Value,T1,3,12,0.90000001,1149.5833,344.875,804.7083
Yemen,Retail,Heated Tobacco,Premium,T2,3,10,0.900000105,511.6666,153.5,358.1666
Lithuania,Key Accounts,Cigarettes,Value,T1,3,11,0.90000075,47.77774444,14.33333333,33.44441111
Kazakhstan,Retail,Oral Nicotine,Premium,T2,3,11,0.900000776,238.8889,71.6667,167.2222
Venezuela,E-Commerce,Oral Nicotine,Value,T3,2,11,0.90599436,415.33332,146.20002,269.1333
Trinidad and Tobago,Key Accounts,Heated Tobacco,Core,T1,1,4,0.997999784,213.4269,213,0.4269
Trinidad and Tobago,E-Commerce,Heated Tobacco,Value,T3,1,3,0.997999968,99.1984,99,0.1984
Barbados,Key Accounts,Heated Tobacco,Premium,T1,1,6,0.998000101,128.2565,128,0.2565
Martinique,Retail,Heated Tobacco,Premium,T2,1,4,0.998000109,128.507,128.25,0.257
Barbados,Retail,Heated Tobacco,Premium,T2,1,2,0.998000233,212.4248,212,0.4248
Jamaica,Key Accounts,Heated Tobacco,Premium,T1,1,3,0.998000233,212.4248,212,0.4248
Paraguay,E-Commerce,Heated Tobacco,Core,T3,1,3,0.998000385,212.0908,211.6667,0.4241
Portugal,Key Accounts,Cigarettes,Core,T1,2,13,0.999999202,107.0667,53.5333,53.5334
Denmark,Key Accounts,Heated Tobacco,Premium,T1,2,6,0.999999639,360.6667,180.3333,180.3334
Afghanistan,E-Commerce,Cigarettes,Core,T3,1,4,1,11.25,11.25,0
Afghanistan,E-Commerce,Cigarettes,Premium,T3,1,1,1,14,14,0
Afghanistan,E-Commerce,Cigarettes,Value,T3,1,5,1,17.6,17.6,0
Afghanistan,E-Commerce,Oral Nicotine,Core,T3,1,2,1,366,366,0
Afghanistan,E-Commerce,Oral Nicotine,Premium,T3,1,5,1,414,414,0
Afghanistan,E-Commerce,Oral Nicotine,Value,T3,1,4,1,42.5,42.5,0
Afghanistan,Key Accounts,Heated Tobacco,Value,T1,1,6,1,245.1667,245.1667,0
Afghanistan,Key Accounts,Oral Nicotine,Value,T1,1,3,1,44,44,0
Afghanistan,Retail,Heated Tobacco,Core,T2,1,3,1,142.3333,142.3333,0
Afghanistan,Retail,Heated Tobacco,Value,T2,1,6,1,26,26,0
Afghanistan,Retail,Oral Nicotine,Core,T2,1,2,1,110,110,0
Afghanistan,Retail,Oral Nicotine,Premium,T2,1,6,1,69.5,69.5,0
Afghanistan,Retail,Oral Nicotine,Value,T2,1,2,1,42.5,42.5,0
Albania,E-Commerce,Heated Tobacco,Premium,T3,1,4,1,138.5,138.5,0
Albania,Key Accounts,Cigarettes,Premium,T1,1,3,1,20.33333333,20.33333333,0
Albania,Key Accounts,Cigarettes,Value,T1,1,1,1,11,11,0
Albania,Key Accounts,Heated Tobacco,Premium,T1,1,1,1,85,85,0
Albania,Key Accounts,Heated Tobacco,Value,T1,1,10,1,161.9,161.9,0
Albania,Key Accounts,Oral Nicotine,Premium,T1,1,1,1,58,58,0
Albania,Key Accounts,Oral Nicotine,Value,T1,1,1,1,364,364,0
Albania,Retail,Cigarettes,Core,T2,1,4,1,54.75,54.75,0
Albania,Retail,Cigarettes,Premium,T2,1,6,1,29,29,0
Albania,Retail,Cigarettes,Value,T2,1,1,1,19,19,0
Albania,Retail,Heated Tobacco,Premium,T2,1,1,1,182,182,0
Albania,Retail,Oral Nicotine,Premium,T2,1,1,1,414,414,0
Algeria,E-Commerce,Oral Nicotine,Core,T3,1,1,1,116,116,0
Algeria,E-Commerce,Oral Nicotine,Premium,T3,1,2,1,144,144,0
Algeria,E-Commerce,Oral Nicotine,Value,T3,1,1,1,18,18,0
Algeria,Key Accounts,Heated Tobacco,Premium,T1,1,4,1,80.5,80.5,0
Algeria,Key Accounts,Oral Nicotine,Core,T1,1,1,1,147,147,0
Algeria,Key Accounts,Oral Nicotine,Premium,T1,1,4,1,139.75,139.75,0
Algeria,Key Accounts,Oral Nicotine,Value,T1,1,2,1,412,412,0
Algeria,Retail,Heated Tobacco,Core,T2,1,8,1,126,126,0
Angola,E-Commerce,Heated Tobacco,Core,T3,1,8,1,178.375,178.375,0
Angola,E-Commerce,Heated Tobacco,Premium,T3,1,4,1,167,167,0
Angola,E-Commerce,Heated Tobacco,Value,T3,1,2,1,134.5,134.5,0
Angola,E-Commerce,Oral Nicotine,Core,T3,1,1,1,169,169,0
Angola,Key Accounts,Heated Tobacco,Value,T1,1,1,1,167,167,0
Angola,Retail,Heated Tobacco,Premium,T2,1,8,1,183.375,183.375,0
Armenia,Retail,Cigarettes,Premium,T2,1,1,1,20,20,0
Armenia,Retail,Oral Nicotine,Premium,T2,1,1,1,42,42,0
Armenia,Retail,Oral Nicotine,Value,T2,1,1,1,94,94,0
Azerbaijan,Key Accounts,Cigarettes,Value,T1,1,1,1,13,13,0
Azerbaijan,Retail,Cigarettes,Value,T2,1,1,1,8,8,0
Azerbaijan,Retail,Heated Tobacco,Premium,T2,1,1,1,52,52,0
Azerbaijan,Retail,Oral Nicotine,Value,T2,1,4,1,514.5,514.5,0
Bahrain,Key Accounts,Cigarettes,Premium,T1,1,4,1,11,11,0
Bahrain,Key Accounts,Heated Tobacco,Premium,T1,1,2,1,312.5,312.5,0
Bangladesh,E-Commerce,Heated Tobacco,Premium,T3,1,2,1,381.5,381.5,0
Bangladesh,Key Accounts,Heated Tobacco,Core,T1,1,2,1,637.5,637.5,0
Bangladesh,Key Accounts,Heated Tobacco,Premium,T1,1,2,1,136.5,136.5,0
Bangladesh,Key Accounts,Oral Nicotine,Core,T1,1,2,1,166,166,0
Barbados,Key Accounts,Cigarettes,Premium,T1,1,5,1,33.6,33.6,0
Barbados,Key Accounts,Cigarettes,Value,T1,1,7,1,33.5714,33.5714,0
Barbados,Key Accounts,Oral Nicotine,Value,T1,1,2,1,38.5,38.5,0
Barbados,Retail,Cigarettes,Value,T2,1,3,1,59.33333333,59.33333333,0
Belarus,E-Commerce,Oral Nicotine,Premium,T3,1,1,1,172,172,0
Belarus,Key Accounts,Cigarettes,Value,T1,1,1,1,32,32,0
Belarus,Key Accounts,Heated Tobacco,Core,T1,1,1,1,50,50,0
Belarus,Retail,Heated Tobacco,Premium,T2,1,1,1,170,170,0
Belarus,Retail,Heated Tobacco,Value,T2,1,1,1,301,301,0
Belarus,Retail,Oral Nicotine,Core,T2,1,1,1,88,88,0
Belgium,E-Commerce,Oral Nicotine,Premium,T3,1,3,1,84.3333,84.3333,0
Belgium,E-Commerce,Oral Nicotine,Value,T3,1,6,1,124.5,124.5,0
Belgium,Retail,Heated Tobacco,Value,T2,1,8,1,166.875,166.875,0
Belgium,Retail,Oral Nicotine,Premium,T2,1,3,1,124.3333,124.3333,0
Benin,E-Commerce,Cigarettes,Value,T3,1,1,1,39,39,0
Benin,Key Accounts,Heated Tobacco,Premium,T1,1,2,1,152.5,152.5,0
Benin,Key Accounts,Heated Tobacco,Value,T1,1,2,1,243.5,243.5,0
Benin,Key Accounts,Oral Nicotine,Premium,T1,1,2,1,252,252,0
Benin,Retail,Cigarettes,Value,T2,1,1,1,20,20,0
Bolivia,E-Commerce,Cigarettes,Value,T3,1,2,1,26.5,26.5,0
Bolivia,E-Commerce,Oral Nicotine,Core,T3,1,4,1,97.25,97.25,0
Bolivia,Key Accounts,Cigarettes,Core,T1,1,4,1,350.5,350.5,0
Bolivia,Key Accounts,Oral Nicotine,Premium,T1,1,1,1,114,114,0
Bolivia,Retail,Heated Tobacco,Core,T2,1,9,1,55.3333,55.3333,0
Bolivia,Retail,Heated Tobacco,Value,T2,1,5,1,77.2,77.2,0
Bosnia and Herzegovina,Key Accounts,Oral Nicotine,Core,T1,1,8,1,43.625,43.625,0
Bosnia and Herzegovina,Retail,Cigarettes,Premium,T2,1,3,1,31.33333333,31.33333333,0
Bosnia and Herzegovina,Retail,Heated Tobacco,Core,T2,1,1,1,104,104,0
Bosnia and Herzegovina,Retail,Heated Tobacco,Premium,T2,1,1,1,262,262,0
Bulgaria,E-Commerce,Cigarettes,Value,T3,1,2,1,40,40,0
Bulgaria,E-Commerce,Oral Nicotine,Core,T3,1,1,1,48,48,0
Bulgaria,Key Accounts,Cigarettes,Core,T1,1,1,1,4,4,0
Bulgaria,Key Accounts,Heated Tobacco,Value,T1,1,1,1,75,75,0
Bulgaria,Key Accounts,Oral Nicotine,Core,T1,1,1,1,250,250,0
Bulgaria,Key Accounts,Oral Nicotine,Value,T1,1,2,1,196,196,0
Bulgaria,Retail,Heated Tobacco,Value,T2,1,4,1,171,171,0
Bulgaria,Retail,Oral Nicotine,Core,T2,1,1,1,59,59,0
Burundi,Retail,Oral Nicotine,Core,T2,1,2,1,108.5,108.5,0
Burundi,Retail,Oral Nicotine,Premium,T2,1,2,1,25.5,25.5,0
Cambodia,E-Commerce,Cigarettes,Core,T3,1,2,1,11.5,11.5,0
Cambodia,E-Commerce,Cigarettes,Premium,T3,1,6,1,14.6667,14.6667,0
Cambodia,E-Commerce,Cigarettes,Value,T3,1,5,1,15.2,15.2,0
Cambodia,E-Commerce,Heated Tobacco,Value,T3,1,3,1,300,300,0
Cambodia,E-Commerce,Oral Nicotine,Premium,T3,1,5,1,18.6,18.6,0
Cambodia,E-Commerce,Oral Nicotine,Value,T3,1,3,1,443.3333,443.3333,0
Cambodia,Key Accounts,Cigarettes,Value,T1,1,2,1,24.5,24.5,0
Cambodia,Key Accounts,Heated Tobacco,Value,T1,1,2,1,320,320,0
Cambodia,Retail,Oral Nicotine,Core,T2,1,4,1,389.75,389.75,0
Cambodia,Retail,Oral Nicotine,Value,T2,1,1,1,122,122,0
Cameroon,E-Commerce,Oral Nicotine,Core,T3,1,1,1,167,167,0
Cameroon,Key Accounts,Heated Tobacco,Premium,T1,1,1,1,137,137,0
Cameroon,Key Accounts,Oral Nicotine,Core,T1,1,1,1,480,480,0
Cameroon,Key Accounts,Oral Nicotine,Value,T1,1,1,1,465,465,0
Canada,E-Commerce,Oral Nicotine,Core,T3,1,6,1,124,124,0
Central African Republic,Key Accounts,Cigarettes,Core,T1,1,2,1,500,500,0
Central African Republic,Key Accounts,Cigarettes,Premium,T1,1,2,1,38,38,0
Central African Republic,Key Accounts,Cigarettes,Value,T1,1,1,1,23,23,0
Central African Republic,Key Accounts,Heated Tobacco,Value,T1,1,1,1,176,176,0
Central African Republic,Retail,Cigarettes,Premium,T2,1,1,1,49,49,0
Central African Republic,Retail,Cigarettes,Value,T2,1,4,1,19,19,0
Central African Republic,Retail,Heated Tobacco,Core,T2,1,4,1,244,244,0
Chad,E-Commerce,Cigarettes,Premium,T3,1,11,1,119.7272727,119.7272727,0
Chile,E-Commerce,Oral Nicotine,Value,T3,1,3,1,82.3333,82.3333,0
Chile,Key Accounts,Heated Tobacco,Premium,T1,1,4,1,171,171,0
Chile,Key Accounts,Oral Nicotine,Value,T1,1,8,1,82.25,82.25,0
Cote d'Ivoire,E-Commerce,Heated Tobacco,Core,T3,1,1,1,30,30,0
Cote d'Ivoire,E-Commerce,Heated Tobacco,Premium,T3,1,4,1,313.5,313.5,0
Cote d'Ivoire,E-Commerce,Heated Tobacco,Value,T3,1,1,1,122,122,0
Cote d'Ivoire,E-Commerce,Oral Nicotine,Premium,T3,1,1,1,391,391,0
Cote d'Ivoire,Key Accounts,Oral Nicotine,Value,T1,1,4,1,57.25,57.25,0
Cote d'Ivoire,Retail,Oral Nicotine,Premium,T2,1,1,1,147,147,0
Croatia,E-Commerce,Cigarettes,Core,T3,1,2,1,51,51,0
Croatia,E-Commerce,Cigarettes,Premium,T3,1,6,1,50.1667,50.1667,0
Croatia,E-Commerce,Cigarettes,Value,T3,1,1,1,30,30,0
Croatia,Key Accounts,Heated Tobacco,Value,T1,1,10,1,86.2,86.2,0
Croatia,Key Accounts,Oral Nicotine,Premium,T1,1,1,1,52,52,0
Croatia,Retail,Heated Tobacco,Premium,T2,1,2,1,136.5,136.5,0
Croatia,Retail,Oral Nicotine,Core,T2,1,1,1,25,25,0
Croatia,Retail,Oral Nicotine,Value,T2,1,2,1,412.5,412.5,0
Czech Republic,E-Commerce,Oral Nicotine,Value,T3,1,8,1,110.125,110.125,0
Czech Republic,Key Accounts,Oral Nicotine,Premium,T1,1,6,1,26.5,26.5,0
Czech Republic,Retail,Heated Tobacco,Premium,T2,1,1,1,175,175,0
Czech Republic,Retail,Heated Tobacco,Value,T2,1,1,1,88,88,0
Democratic Republic of the Congo,Key Accounts,Oral Nicotine,Core,T1,1,1,1,25,25,0
Denmark,Retail,Heated Tobacco,Value,T2,2,6,1,198,99,99
Djibouti,E-Commerce,Cigarettes,Value,T3,1,4,1,206.5,206.5,0
Djibouti,E-Commerce,Heated Tobacco,Value,T3,1,1,1,309,309,0
Djibouti,E-Commerce,Oral Nicotine,Premium,T3,1,8,1,72.125,72.125,0
Djibouti,Key Accounts,Cigarettes,Core,T1,1,1,1,203,203,0
Djibouti,Key Accounts,Cigarettes,Premium,T1,1,1,1,17,17,0
Djibouti,Key Accounts,Cigarettes,Value,T1,1,8,1,24.75,24.75,0
Djibouti,Retail,Cigarettes,Core,T2,1,1,1,49,49,0
Djibouti,Retail,Cigarettes,Value,T2,1,2,1,48,48,0
Ecuador,E-Commerce,Cigarettes,Core,T3,1,2,1,7,7,0
Ecuador,E-Commerce,Cigarettes,Premium,T3,1,10,1,12.4,12.4,0
Ecuador,E-Commerce,Heated Tobacco,Premium,T3,1,7,1,50.5714,50.5714,0
Ecuador,Key Accounts,Cigarettes,Premium,T1,1,6,1,11.16666667,11.16666667,0
Ecuador,Key Accounts,Heated Tobacco,Core,T1,1,5,1,48,48,0
Ecuador,Key Accounts,Heated Tobacco,Premium,T1,1,3,1,26.6667,26.6667,0
Ecuador,Key Accounts,Oral Nicotine,Core,T1,1,2,1,21,21,0
Equatorial Guinea,Retail,Cigarettes,Core,T2,1,1,1,20,20,0
Equatorial Guinea,Retail,Cigarettes,Value,T2,1,1,1,6,6,0
Equatorial Guinea,Retail,Heated Tobacco,Value,T2,1,1,1,124,124,0
Eritrea,Key Accounts,Cigarettes,Premium,T1,1,2,1,9,9,0
Eritrea,Key Accounts,Heated Tobacco,Value,T1,1,2,1,85,85,0
Estonia,Key Accounts,Cigarettes,Premium,T1,1,1,1,561,561,0
Estonia,Key Accounts,Cigarettes,Value,T1,1,1,1,13,13,0
Estonia,Key Accounts,Heated Tobacco,Value,T1,1,2,1,651.5,651.5,0
Estonia,Key Accounts,Oral Nicotine,Core,T1,1,2,1,19,19,0
Estonia,Retail,Cigarettes,Premium,T2,1,1,1,15,15,0
Estonia,Retail,Oral Nicotine,Core,T2,1,4,1,366.75,366.75,0
Ethiopia,E-Commerce,Cigarettes,Value,T3,1,1,1,17,17,0
Ethiopia,E-Commerce,Heated Tobacco,Core,T3,1,1,1,121,121,0
Ethiopia,Key Accounts,Cigarettes,Core,T1,1,5,1,50.4,50.4,0
Ethiopia,Retail,Cigarettes,Core,T2,1,1,1,62,62,0
Ethiopia,Retail,Cigarettes,Premium,T2,1,2,1,16,16,0
Ethiopia,Retail,Cigarettes,Value,T2,1,8,1,45.75,45.75,0
Finland,E-Commerce,Cigarettes,Premium,T3,1,9,1,12.44444444,12.44444444,0
Finland,E-Commerce,Oral Nicotine,Core,T3,1,2,1,147,147,0
Finland,E-Commerce,Oral Nicotine,Premium,T3,1,7,1,141.4286,141.4286,0
Finland,Key Accounts,Oral Nicotine,Premium,T1,1,2,1,133.5,133.5,0
Finland,Retail,Heated Tobacco,Value,T2,1,1,1,636,636,0
Finland,Retail,Oral Nicotine,Value,T2,1,3,1,412,412,0
Gabon,Key Accounts,Cigarettes,Premium,T1,1,2,1,15,15,0
Gabon,Key Accounts,Cigarettes,Value,T1,1,1,1,8,8,0
Gabon,Key Accounts,Oral Nicotine,Premium,T1,1,4,1,84.75,84.75,0
Gabon,Retail,Cigarettes,Core,T2,1,10,1,16.8,16.8,0
Gabon,Retail,Cigarettes,Premium,T2,1,14,1,13.64285714,13.64285714,0
Gabon,Retail,Heated Tobacco,Core,T2,1,2,1,256.5,256.5,0
Georgia,E-Commerce,Cigarettes,Core,T3,1,1,1,53,53,0
Georgia,Key Accounts,Cigarettes,Core,T1,1,1,1,20,20,0
Georgia,Key Accounts,Heated Tobacco,Core,T1,1,1,1,73,73,0
Georgia,Retail,Cigarettes,Core,T2,1,1,1,53,53,0
Georgia,Retail,Heated Tobacco,Premium,T2,1,1,1,380,380,0
Georgia,Retail,Oral Nicotine,Core,T2,1,4,1,25.25,25.25,0
Georgia,Retail,Oral Nicotine,Premium,T2,1,2,1,19,19,0
Georgia,Retail,Oral Nicotine,Value,T2,1,1,1,74,74,0
Guadeloupe,E-Commerce,Cigarettes,Core,T3,1,4,1,32.5,32.5,0
Guadeloupe,E-Commerce,Cigarettes,Value,T3,1,2,1,27.5,27.5,0
Guadeloupe,E-Commerce,Oral Nicotine,Core,T3,1,3,1,101,101,0
Guadeloupe,E-Commerce,Oral Nicotine,Premium,T3,1,4,1,83.25,83.25,0
Guadeloupe,E-Commerce,Oral Nicotine,Value,T3,1,3,1,89,89,0
Guadeloupe,Retail,Heated Tobacco,Core,T2,1,5,1,48.8,48.8,0
Guadeloupe,Retail,Oral Nicotine,Premium,T2,1,2,1,45.5,45.5,0
Guadeloupe,Retail,Oral Nicotine,Value,T2,1,1,1,39,39,0
Guinea,E-Commerce,Cigarettes,Core,T3,1,1,1,198,198,0
Guinea,Key Accounts,Cigarettes,Premium,T1,1,1,1,567,567,0
Guinea,Key Accounts,Heated Tobacco,Premium,T1,1,2,1,145.5,145.5,0
Guinea,Retail,Cigarettes,Core,T2,1,5,1,55.4,55.4,0
Guinea,Retail,Heated Tobacco,Core,T2,1,1,1,143,143,0
Guinea,Retail,Heated Tobacco,Value,T2,1,1,1,267,267,0
Guinea-Bissau,E-Commerce,Cigarettes,Core,T3,1,4,1,23.75,23.75,0
Guinea-Bissau,E-Commerce,Cigarettes,Value,T3,1,1,1,14,14,0
Guinea-Bissau,E-Commerce,Heated Tobacco,Premium,T3,1,1,1,639,639,0
Guinea-Bissau,E-Commerce,Heated Tobacco,Value,T3,1,1,1,75,75,0
Guinea-Bissau,Retail,Cigarettes,Premium,T2,1,1,1,18,18,0
Guinea-Bissau,Retail,Heated Tobacco,Core,T2,1,1,1,637,637,0
Guinea-Bissau,Retail,Heated Tobacco,Value,T2,1,2,1,259,259,0
Hong Kong,E-Commerce,Cigarettes,Core,T3,1,6,1,21.5,21.5,0
Hong Kong,E-Commerce,Heated Tobacco,Core,T3,1,1,1,73,73,0
Hong Kong,Key Accounts,Heated Tobacco,Premium,T1,1,7,1,53.1429,53.1429,0
Hong Kong,Retail,Heated Tobacco,Core,T2,1,2,1,74.5,74.5,0
Hong Kong,Retail,Heated Tobacco,Value,T2,1,2,1,360,360,0
Hong Kong,Retail,Oral Nicotine,Premium,T2,1,2,1,173,173,0
Hong Kong,Retail,Oral Nicotine,Value,T2,1,6,1,191.33335,191.33335,0
Hungary,E-Commerce,Heated Tobacco,Core,T3,1,2,1,79.5,79.5,0
Hungary,E-Commerce,Heated Tobacco,Value,T3,1,2,1,309,309,0
Hungary,E-Commerce,Oral Nicotine,Premium,T3,1,1,1,441,441,0
Hungary,Key Accounts,Heated Tobacco,Value,T1,1,4,1,147.25,147.25,0
Hungary,Key Accounts,Oral Nicotine,Premium,T1,1,1,1,58,58,0
Hungary,Retail,Heated Tobacco,Premium,T2,1,2,1,360,360,0
Hungary,Retail,Oral Nicotine,Core,T2,1,2,1,121,121,0
Iran,E-Commerce,Heated Tobacco,Value,T3,1,1,1,318,318,0
Iraq,E-Commerce,Heated Tobacco,Core,T3,1,4,1,379.75,379.75,0
Iraq,E-Commerce,Oral Nicotine,Premium,T3,1,4,1,163.75,163.75,0
Ireland,Retail,Oral Nicotine,Core,T2,2,9,1,241.6,120.8,120.8
Israel,E-Commerce,Cigarettes,Premium,T3,1,1,1,278,278,0
Israel,E-Commerce,Heated Tobacco,Core,T3,1,1,1,42,42,0
Israel,E-Commerce,Heated Tobacco,Premium,T3,1,4,1,413.25,413.25,0
Israel,E-Commerce,Oral Nicotine,Value,T3,1,1,1,133,133,0
Israel,Key Accounts,Oral Nicotine,Core,T1,1,1,1,183,183,0
Israel,Key Accounts,Oral Nicotine,Value,T1,1,1,1,196,196,0
Jamaica,E-Commerce,Cigarettes,Value,T3,1,5,1,5.6,5.6,0
Jamaica,E-Commerce,Oral Nicotine,Premium,T3,1,5,1,276.2,276.2,0
Jamaica,E-Commerce,Oral Nicotine,Value,T3,1,4,1,31.5,31.5,0
Jamaica,Key Accounts,Oral Nicotine,Core,T1,1,3,1,54.6667,54.6667,0
Jamaica,Key Accounts,Oral Nicotine,Premium,T1,1,3,1,88.6667,88.6667,0
Jamaica,Retail,Cigarettes,Premium,T2,1,2,1,6.5,6.5,0
Jamaica,Retail,Heated Tobacco,Premium,T2,1,1,1,82,82,0
Jamaica,Retail,Oral Nicotine,Value,T2,1,3,1,179.3333,179.3333,0
Japan,E-Commerce,Heated Tobacco,Premium,T3,1,2,1,152,152,0
Japan,E-Commerce,Oral Nicotine,Core,T3,1,1,1,88,88,0
Jordan,E-Commerce,Cigarettes,Value,T3,1,2,1,9.5,9.5,0
Jordan,E-Commerce,Oral Nicotine,Value,T3,1,4,1,53.5,53.5,0
Jordan,Key Accounts,Cigarettes,Core,T1,1,4,1,67,67,0
Jordan,Key Accounts,Cigarettes,Premium,T1,1,7,1,22.85714286,22.85714286,0
Jordan,Key Accounts,Heated Tobacco,Core,T1,1,4,1,39.5,39.5,0
Jordan,Retail,Heated Tobacco,Premium,T2,1,5,1,64.8,64.8,0
Jordan,Retail,Heated Tobacco,Value,T2,1,1,1,47,47,0
Jordan,Retail,Oral Nicotine,Premium,T2,1,1,1,198,198,0
Jordan,Retail,Oral Nicotine,Value,T2,1,8,1,114.875,114.875,0
Kenya,Key Accounts,Oral Nicotine,Value,T1,1,1,1,415,415,0
Kyrgyzstan,E-Commerce,Oral Nicotine,Core,T3,1,1,1,121,121,0
Kyrgyzstan,E-Commerce,Oral Nicotine,Premium,T3,1,4,1,124.75,124.75,0
Kyrgyzstan,E-Commerce,Oral Nicotine,Value,T3,1,1,1,16,16,0
Kyrgyzstan,Key Accounts,Cigarettes,Value,T1,1,1,1,205,205,0
Kyrgyzstan,Retail,Heated Tobacco,Value,T2,1,4,1,123.5,123.5,0
Kyrgyzstan,Retail,Oral Nicotine,Value,T2,1,4,1,149.5,149.5,0
Lebanon,E-Commerce,Cigarettes,Premium,T3,1,1,1,57,57,0
Lebanon,Key Accounts,Heated Tobacco,Premium,T1,1,1,1,174,174,0
Lebanon,Key Accounts,Oral Nicotine,Premium,T1,1,1,1,26,26,0
Lebanon,Retail,Cigarettes,Core,T2,1,4,1,11,11,0
Lebanon,Retail,Cigarettes,Premium,T2,1,2,1,6.5,6.5,0
Lebanon,Retail,Cigarettes,Value,T2,1,2,1,27,27,0
Lebanon,Retail,Oral Nicotine,Core,T2,1,1,1,474,474,0
Lebanon,Retail,Oral Nicotine,Premium,T2,1,1,1,470,470,0
Lesotho,Key Accounts,Cigarettes,Core,T1,1,5,1,39.2,39.2,0
Lesotho,Key Accounts,Heated Tobacco,Core,T1,1,1,1,57,57,0
Liberia,E-Commerce,Cigarettes,Value,T3,1,1,1,10,10,0
Liberia,E-Commerce,Heated Tobacco,Premium,T3,1,3,1,53,53,0
Liberia,Key Accounts,Cigarettes,Premium,T1,1,2,1,44.5,44.5,0
Liberia,Key Accounts,Cigarettes,Value,T1,1,6,1,51.3333,51.3333,0
Liberia,Key Accounts,Heated Tobacco,Value,T1,1,1,1,382,382,0
Liberia,Key Accounts,Oral Nicotine,Value,T1,1,2,1,150,150,0
Liberia,Retail,Cigarettes,Premium,T2,1,1,1,49,49,0
Liberia,Retail,Heated Tobacco,Core,T2,1,4,1,357.25,357.25,0
Libya,E-Commerce,Cigarettes,Core,T3,1,2,1,128,128,0
Libya,E-Commerce,Cigarettes,Premium,T3,1,1,1,13,13,0
Libya,E-Commerce,Heated Tobacco,Premium,T3,1,4,1,88.5,88.5,0
Libya,Key Accounts,Heated Tobacco,Premium,T1,1,6,1,32,32,0
Libya,Key Accounts,Heated Tobacco,Value,T1,1,4,1,81,81,0
Libya,Key Accounts,Oral Nicotine,Core,T1,1,1,1,51,51,0
Libya,Retail,Oral Nicotine,Premium,T2,1,2,1,54,54,0
Macedonia,E-Commerce,Cigarettes,Value,T3,1,1,1,11,11,0
Macedonia,Retail,Oral Nicotine,Core,T2,1,2,1,49.5,49.5,0
Madagascar,E-Commerce,Cigarettes,Value,T3,1,4,1,18.75,18.75,0
Madagascar,E-Commerce,Heated Tobacco,Premium,T3,1,2,1,116.5,116.5,0
Madagascar,E-Commerce,Heated Tobacco,Value,T3,1,2,1,243.5,243.5,0
Madagascar,E-Commerce,Oral Nicotine,Core,T3,1,1,1,166,166,0
Madagascar,Key Accounts,Heated Tobacco,Value,T1,1,1,1,139,139,0
Madagascar,Retail,Oral Nicotine,Core,T2,1,2,1,44,44,0
Madagascar,Retail,Oral Nicotine,Premium,T2,1,4,1,25.25,25.25,0
Malaysia,E-Commerce,Oral Nicotine,Core,T3,1,7,1,42.7143,42.7143,0
Malaysia,E-Commerce,Oral Nicotine,Premium,T3,1,5,1,50.2,50.2,0
Malaysia,E-Commerce,Oral Nicotine,Value,T3,1,1,1,26,26,0
Mali,E-Commerce,Cigarettes,Premium,T3,1,2,1,69.5,69.5,0
Mali,E-Commerce,Heated Tobacco,Premium,T3,1,1,1,147,147,0
Mali,E-Commerce,Oral Nicotine,Core,T3,1,2,1,124.5,124.5,0
Mali,E-Commerce,Oral Nicotine,Value,T3,1,2,1,261,261,0
Mali,Key Accounts,Cigarettes,Value,T1,1,1,1,48,48,0
Mali,Key Accounts,Heated Tobacco,Core,T1,1,1,1,74,74,0
Mali,Key Accounts,Heated Tobacco,Value,T1,1,1,1,55,55,0
Mali,Retail,Heated Tobacco,Core,T2,1,4,1,170,170,0
Mali,Retail,Heated Tobacco,Value,T2,1,1,1,83,83,0
Martinique,E-Commerce,Cigarettes,Core,T3,1,7,1,4.5714,4.5714,0
Martinique,E-Commerce,Cigarettes,Premium,T3,1,3,1,374.3333,374.3333,0
Martinique,Key Accounts,Cigarettes,Core,T1,1,2,1,8.5,8.5,0
Martinique,Key Accounts,Cigarettes,Premium,T1,1,14,1,17.4286,17.4286,0
Martinique,Key Accounts,Oral Nicotine,Core,T1,1,6,1,295.6667,295.6667,0
Martinique,Key Accounts,Oral Nicotine,Value,T1,1,6,1,86,86,0
Martinique,Retail,Heated Tobacco,Value,T2,1,7,1,80.7143,80.7143,0
Martinique,Retail,Oral Nicotine,Value,T2,1,7,1,41.28571429,41.28571429,0
Mauritania,E-Commerce,Cigarettes,Core,T3,1,3,1,21,21,0
Mauritania,E-Commerce,Heated Tobacco,Core,T3,1,6,1,261.8333,261.8333,0
Mauritania,Key Accounts,Oral Nicotine,Core,T1,1,2,1,449.5,449.5,0
Mauritania,Retail,Cigarettes,Core,T2,1,1,1,13,13,0
Mauritania,Retail,Cigarettes,Premium,T2,1,4,1,199,199,0
Mauritania,Retail,Heated Tobacco,Core,T2,1,8,1,72.875,72.875,0
Moldova,E-Commerce,Cigarettes,Value,T3,1,2,1,105.5,105.5,0
Moldova,E-Commerce,Heated Tobacco,Premium,T3,1,1,1,170,170,0
Moldova,Key Accounts,Cigarettes,Premium,T1,1,9,1,5.666666667,5.666666667,0
Moldova,Key Accounts,Cigarettes,Value,T1,1,1,1,51,51,0
Moldova,Key Accounts,Heated Tobacco,Premium,T1,1,1,1,74,74,0
Moldova,Key Accounts,Oral Nicotine,Premium,T1,1,2,1,55.5,55.5,0
Moldova,Key Accounts,Oral Nicotine,Value,T1,1,6,1,45,45,0
Moldova,Retail,Oral Nicotine,Premium,T2,1,4,1,40.75,40.75,0
Mongolia,E-Commerce,Cigarettes,Core,T3,1,3,1,22,22,0
Mongolia,E-Commerce,Cigarettes,Value,T3,1,1,1,16,16,0
Mongolia,Key Accounts,Heated Tobacco,Core,T1,1,4,1,66.5,66.5,0
Mongolia,Key Accounts,Heated Tobacco,Value,T1,1,2,1,147,147,0
Mongolia,Key Accounts,Oral Nicotine,Premium,T1,1,6,1,57.6667,57.6667,0
Mongolia,Key Accounts,Oral Nicotine,Value,T1,1,2,1,138.5,138.5,0
Mongolia,Retail,Oral Nicotine,Value,T2,1,1,1,45,45,0
Montenegro,Key Accounts,Cigarettes,Core,T1,1,10,1,374.7,374.7,0
Montenegro,Key Accounts,Oral Nicotine,Value,T1,1,2,1,123,123,0
Montenegro,Retail,Cigarettes,Value,T2,1,1,1,11,11,0
Morocco,E-Commerce,Oral Nicotine,Premium,T3,1,6,1,17.6667,17.6667,0
Mozambique,E-Commerce,Heated Tobacco,Value,T3,1,2,1,40,40,0
Mozambique,Key Accounts,Heated Tobacco,Core,T1,1,1,1,75,75,0
Mozambique,Key Accounts,Heated Tobacco,Value,T1,1,1,1,314,314,0
Mozambique,Retail,Heated Tobacco,Core,T2,1,2,1,48.5,48.5,0
Mozambique,Retail,Oral Nicotine,Core,T2,1,6,1,48.8333,48.8333,0
Namibia,Key Accounts,Cigarettes,Core,T1,1,2,1,51.5,51.5,0
Namibia,Key Accounts,Cigarettes,Value,T1,1,16,1,24.999975,24.999975,0
Namibia,Key Accounts,Heated Tobacco,Value,T1,1,1,1,55,55,0
Namibia,Retail,Cigarettes,Core,T2,1,1,1,13,13,0
Namibia,Retail,Heated Tobacco,Core,T2,1,8,1,272.375,272.375,0
Nepal,E-Commerce,Cigarettes,Core,T3,1,4,1,14.75,14.75,0
Nepal,Key Accounts,Cigarettes,Value,T1,1,4,1,46.25,46.25,0
Nepal,Key Accounts,Heated Tobacco,Core,T1,1,2,1,380,380,0
Nepal,Retail,Cigarettes,Value,T2,1,4,1,44,44,0
Nepal,Retail,Heated Tobacco,Premium,T2,1,11,1,93.63636364,93.63636364,0
Nepal,Retail,Oral Nicotine,Core,T2,1,6,1,48.1667,48.1667,0
Nepal,Retail,Oral Nicotine,Value,T2,1,1,1,58,58,0
Niger,E-Commerce,Cigarettes,Premium,T3,1,6,1,30.1667,30.1667,0
Niger,E-Commerce,Cigarettes,Value,T3,1,11,1,112,112,0
Niger,E-Commerce,Heated Tobacco,Core,T3,1,4,1,126,126,0
Niger,E-Commerce,Heated Tobacco,Premium,T3,1,1,1,43,43,0
Niger,E-Commerce,Heated Tobacco,Value,T3,1,6,1,170,170,0
Niger,E-Commerce,Oral Nicotine,Core,T3,1,1,1,25,25,0
Niger,Key Accounts,Cigarettes,Core,T1,1,1,1,55,55,0
Niger,Key Accounts,Cigarettes,Premium,T1,1,7,1,10.5714,10.5714,0
Niger,Key Accounts,Heated Tobacco,Core,T1,1,2,1,79.5,79.5,0
Niger,Key Accounts,Heated Tobacco,Premium,T1,1,1,1,45,45,0
Niger,Key Accounts,Heated Tobacco,Value,T1,1,4,1,58,58,0
Norway,E-Commerce,Cigarettes,Premium,T3,1,7,1,14.00002857,14.00002857,0
Norway,E-Commerce,Heated Tobacco,Value,T3,1,2,1,299.5,299.5,0
Norway,Key Accounts,Heated Tobacco,Premium,T1,1,2,1,318,318,0
Norway,Key Accounts,Oral Nicotine,Core,T1,1,7,1,50.4286,50.4286,0
Norway,Key Accounts,Oral Nicotine,Premium,T1,1,8,1,165.875,165.875,0
Norway,Retail,Oral Nicotine,Value,T2,1,3,1,169.3333,169.3333,0
Pakistan,E-Commerce,Oral Nicotine,Core,T3,2,4,1,354.375,121.5,232.875
Papua New Guinea,Retail,Cigarettes,Premium,T2,2,9,1,44.66666667,22.33333333,22.33333333
Papua New Guinea,Retail,Cigarettes,Value,T2,2,2,1,22,11,11
Papua New Guinea,Retail,Heated Tobacco,Value,T2,2,12,1,81.5,40.75,40.75
Paraguay,E-Commerce,Cigarettes,Value,T3,1,11,1,4.4545,4.4545,0
Paraguay,E-Commerce,Heated Tobacco,Premium,T3,1,1,1,56,56,0
Paraguay,Key Accounts,Heated Tobacco,Premium,T1,1,6,1,28.1667,28.1667,0
Paraguay,Key Accounts,Oral Nicotine,Value,T1,1,5,1,49.40002,49.40002,0
Paraguay,Retail,Cigarettes,Core,T2,1,2,1,9.5,9.5,0
Paraguay,Retail,Cigarettes,Premium,T2,1,1,1,32,32,0
Paraguay,Retail,Cigarettes,Value,T2,1,9,1,33.6667,33.6667,0
Paraguay,Retail,Heated Tobacco,Premium,T2,1,9,1,91.1111,91.1111,0
Paraguay,Retail,Heated Tobacco,Value,T2,1,2,1,30.5,30.5,0
Paraguay,Retail,Oral Nicotine,Core,T2,1,2,1,100,100,0
Poland,Key Accounts,Heated Tobacco,Premium,T1,1,4,1,83.25,83.25,0
Portugal,Key Accounts,Heated Tobacco,Core,T1,2,6,1,496,248,248
Portugal,Key Accounts,Heated Tobacco,Value,T1,2,11,1,512.6,256.3,256.3
Portugal,Retail,Heated Tobacco,Premium,T2,2,7,1,271.8,135.9,135.9
Qatar,E-Commerce,Cigarettes,Core,T3,1,6,1,27.1667,27.1667,0
Qatar,E-Commerce,Cigarettes,Value,T3,1,1,1,25,25,0
Qatar,Key Accounts,Cigarettes,Core,T1,1,4,1,54.75,54.75,0
Qatar,Key Accounts,Heated Tobacco,Value,T1,1,2,1,119.5,119.5,0
Qatar,Key Accounts,Oral Nicotine,Premium,T1,1,8,1,68.25,68.25,0
Qatar,Key Accounts,Oral Nicotine,Value,T1,1,1,1,56,56,0
Qatar,Retail,Cigarettes,Core,T2,1,6,1,31.8333,31.8333,0
Qatar,Retail,Heated Tobacco,Core,T2,1,5,1,539.2,539.2,0
Qatar,Retail,Heated Tobacco,Value,T2,1,6,1,262.1667,262.1667,0
Republic of the Congo,Key Accounts,Cigarettes,Value,T1,1,1,1,208,208,0
Republic of the Congo,Key Accounts,Oral Nicotine,Core,T1,1,1,1,166,166,0
Republic of the Congo,Retail,Cigarettes,Premium,T2,1,22,1,17.36363636,17.36363636,0
Republic of the Congo,Retail,Oral Nicotine,Core,T2,1,2,1,148.5,148.5,0
Republic of the Congo,Retail,Oral Nicotine,Value,T2,1,4,1,415.25,415.25,0
Romania,E-Commerce,Oral Nicotine,Core,T3,1,1,1,110,110,0
Russia,E-Commerce,Heated Tobacco,Value,T3,1,6,1,38.5,38.5,0
Rwanda,E-Commerce,Cigarettes,Core,T3,1,1,1,32,32,0
Rwanda,E-Commerce,Cigarettes,Premium,T3,1,2,1,48.5,48.5,0
Rwanda,Retail,Cigarettes,Premium,T2,1,2,1,8.5,8.5,0
Rwanda,Retail,Heated Tobacco,Core,T2,1,8,1,57.375,57.375,0
Rwanda,Retail,Heated Tobacco,Value,T2,1,1,1,176,176,0
Rwanda,Retail,Oral Nicotine,Core,T2,1,2,1,42.5,42.5,0
Rwanda,Retail,Oral Nicotine,Premium,T2,1,1,1,142,142,0
Rwanda,Retail,Oral Nicotine,Value,T2,1,1,1,412,412,0
Senegal,E-Commerce,Heated Tobacco,Value,T3,1,2,1,316.5,316.5,0
Senegal,E-Commerce,Oral Nicotine,Premium,T3,1,1,1,152,152,0
Senegal,Key Accounts,Heated Tobacco,Core,T1,1,6,1,651.5,651.5,0
Senegal,Key Accounts,Oral Nicotine,Premium,T1,1,2,1,170,170,0
Senegal,Key Accounts,Oral Nicotine,Value,T1,1,2,1,45,45,0
Sierra Leone,E-Commerce,Cigarettes,Core,T3,1,1,1,11,11,0
Sierra Leone,E-Commerce,Cigarettes,Premium,T3,1,1,1,55,55,0
Sierra Leone,E-Commerce,Cigarettes,Value,T3,1,5,1,17.4,17.4,0
Sierra Leone,E-Commerce,Heated Tobacco,Premium,T3,1,2,1,169.5,169.5,0
Sierra Leone,Key Accounts,Cigarettes,Premium,T1,1,4,1,71.25,71.25,0
Sierra Leone,Key Accounts,Cigarettes,Value,T1,1,2,1,7.5,7.5,0
Sierra Leone,Key Accounts,Heated Tobacco,Premium,T1,1,1,1,85,85,0
Sierra Leone,Retail,Cigarettes,Core,T2,1,3,1,38.33333333,38.33333333,0
Sierra Leone,Retail,Cigarettes,Premium,T2,1,4,1,61.75,61.75,0
Sierra Leone,Retail,Heated Tobacco,Core,T2,1,2,1,167,167,0
Sierra Leone,Retail,Heated Tobacco,Premium,T2,1,2,1,93,93,0
Sierra Leone,Retail,Oral Nicotine,Premium,T2,1,4,1,172.5,172.5,0
Singapore,E-Commerce,Heated Tobacco,Core,T3,1,3,1,260.3333,260.3333,0
Singapore,E-Commerce,Heated Tobacco,Premium,T3,1,8,1,151.875,151.875,0
Singapore,E-Commerce,Heated Tobacco,Value,T3,1,2,1,169.5,169.5,0
Singapore,E-Commerce,Oral Nicotine,Core,T3,1,8,1,72,72,0
Singapore,E-Commerce,Oral Nicotine,Premium,T3,1,1,1,109,109,0
Singapore,Key Accounts,Heated Tobacco,Premium,T1,1,3,1,168.3333,168.3333,0
Singapore,Key Accounts,Oral Nicotine,Value,T1,1,5,1,210.20002,210.20002,0
Slovakia,Key Accounts,Cigarettes,Core,T1,1,4,1,26.5,26.5,0
Slovakia,Key Accounts,Cigarettes,Premium,T1,1,1,1,63,63,0
Slovakia,Retail,Oral Nicotine,Core,T2,1,2,1,42.5,42.5,0
Slovenia,Key Accounts,Cigarettes,Value,T1,1,2,1,76.5,76.5,0
Slovenia,Retail,Cigarettes,Value,T2,1,12,1,11.3333,11.3333,0
Slovenia,Retail,Oral Nicotine,Premium,T2,1,6,1,196.6667,196.6667,0
Somalia,E-Commerce,Heated Tobacco,Value,T3,1,1,1,65,65,0
Somalia,Key Accounts,Heated Tobacco,Core,T1,1,1,1,74,74,0
Somalia,Key Accounts,Oral Nicotine,Core,T1,1,1,1,44,44,0
Somalia,Retail,Heated Tobacco,Core,T2,1,2,1,380,380,0
Somalia,Retail,Heated Tobacco,Premium,T2,1,6,1,639,639,0
South Korea,Key Accounts,Heated Tobacco,Core,T1,2,8,1,219.5,109.75,109.75
South Sudan,E-Commerce,Heated Tobacco,Core,T3,1,4,1,166.75,166.75,0
South Sudan,Key Accounts,Heated Tobacco,Core,T1,1,1,1,378,378,0
Sri Lanka,E-Commerce,Heated Tobacco,Core,T3,1,3,1,30.6667,30.6667,0
Sri Lanka,Key Accounts,Cigarettes,Core,T1,1,2,1,47.5,47.5,0
Sri Lanka,Key Accounts,Cigarettes,Value,T1,1,4,1,6.75,6.75,0
Sri Lanka,Key Accounts,Oral Nicotine,Value,T1,1,6,1,74.3333,74.3333,0
Sudan,E-Commerce,Heated Tobacco,Value,T3,1,1,1,307,307,0
Sudan,Key Accounts,Heated Tobacco,Core,T1,1,2,1,295.5,295.5,0
Sudan,Key Accounts,Heated Tobacco,Value,T1,1,8,1,40,40,0
Sudan,Key Accounts,Oral Nicotine,Value,T1,1,1,1,390,390,0
Swaziland,E-Commerce,Heated Tobacco,Premium,T3,1,1,1,84,84,0
Swaziland,Retail,Cigarettes,Premium,T2,1,4,1,51,51,0
Sweden,E-Commerce,Heated Tobacco,Value,T3,2,4,1,173,86.5,86.5
Switzerland,E-Commerce,Cigarettes,Premium,T3,1,4,1,22.5,22.5,0
Switzerland,E-Commerce,Heated Tobacco,Core,T3,1,2,1,312,312,0
Switzerland,E-Commerce,Oral Nicotine,Value,T3,1,2,1,144.5,144.5,0
Switzerland,Key Accounts,Heated Tobacco,Premium,T1,1,10,1,191.3,191.3,0
Switzerland,Key Accounts,Oral Nicotine,Value,T1,1,3,1,197,197,0
Switzerland,Retail,Oral Nicotine,Value,T2,1,2,1,162,162,0
Syria,E-Commerce,Cigarettes,Value,T3,1,1,1,17,17,0
Syria,E-Commerce,Heated Tobacco,Value,T3,1,1,1,378,378,0
Syria,E-Commerce,Oral Nicotine,Premium,T3,1,1,1,49,49,0
Syria,Key Accounts,Cigarettes,Core,T1,1,1,1,49,49,0
Syria,Key Accounts,Cigarettes,Premium,T1,1,1,1,13,13,0
Syria,Key Accounts,Heated Tobacco,Core,T1,1,1,1,378,378,0
Syria,Key Accounts,Heated Tobacco,Value,T1,1,2,1,168.5,168.5,0
Syria,Key Accounts,Oral Nicotine,Premium,T1,1,1,1,170,170,0
Taiwan,Key Accounts,Cigarettes,Core,T1,1,3,1,15,15,0
Taiwan,Key Accounts,Cigarettes,Premium,T1,1,4,1,29.75,29.75,0
Taiwan,Key Accounts,Heated Tobacco,Value,T1,1,3,1,49.3333,49.3333,0
Taiwan,Key Accounts,Oral Nicotine,Core,T1,1,2,1,857.5,857.5,0
Taiwan,Key Accounts,Oral Nicotine,Premium,T1,1,5,1,176.4,176.4,0
Taiwan,Key Accounts,Oral Nicotine,Value,T1,1,8,1,444.25,444.25,0
Taiwan,Retail,Cigarettes,Premium,T2,1,7,1,37.1429,37.1429,0
Taiwan,Retail,Oral Nicotine,Core,T2,1,1,1,49,49,0
Taiwan,Retail,Oral Nicotine,Premium,T2,1,9,1,57.7778,57.7778,0
Taiwan,Retail,Oral Nicotine,Value,T2,1,5,1,51.6,51.6,0
Tanzania,E-Commerce,Heated Tobacco,Value,T3,1,1,1,41,41,0
Tanzania,E-Commerce,Oral Nicotine,Premium,T3,1,1,1,22,22,0
Tanzania,Key Accounts,Oral Nicotine,Core,T1,1,2,1,226.5,226.5,0
Tanzania,Key Accounts,Oral Nicotine,Premium,T1,1,2,1,492,492,0
Tanzania,Key Accounts,Oral Nicotine,Value,T1,1,1,1,437,437,0
Tanzania,Retail,Oral Nicotine,Core,T2,1,1,1,57,57,0
Tanzania,Retail,Oral Nicotine,Value,T2,1,1,1,24,24,0
Togo,E-Commerce,Cigarettes,Core,T3,1,2,1,4,4,0
Togo,E-Commerce,Cigarettes,Premium,T3,1,2,1,310.5,310.5,0
Togo,E-Commerce,Cigarettes,Value,T3,1,5,1,45.6,45.6,0
Togo,E-Commerce,Heated Tobacco,Value,T3,1,4,1,41,41,0
Togo,E-Commerce,Oral Nicotine,Core,T3,1,2,1,166,166,0
Togo,E-Commerce,Oral Nicotine,Premium,T3,1,1,1,52,52,0
Togo,E-Commerce,Oral Nicotine,Value,T3,1,2,1,58,58,0
Togo,Key Accounts,Heated Tobacco,Core,T1,1,1,1,72,72,0
Togo,Retail,Cigarettes,Core,T2,1,2,1,41.5,41.5,0
Togo,Retail,Cigarettes,Value,T2,1,2,1,6.5,6.5,0
Togo,Retail,Oral Nicotine,Premium,T2,1,2,1,49,49,0
Trinidad and Tobago,E-Commerce,Cigarettes,Value,T3,1,6,1,4.5,4.5,0
Trinidad and Tobago,E-Commerce,Oral Nicotine,Core,T3,1,6,1,346,346,0
Trinidad and Tobago,Key Accounts,Cigarettes,Premium,T1,1,6,1,32.8333,32.8333,0
Trinidad and Tobago,Key Accounts,Oral Nicotine,Core,T1,1,1,1,33,33,0
Trinidad and Tobago,Key Accounts,Oral Nicotine,Value,T1,1,9,1,34.5556,34.5556,0
Trinidad and Tobago,Retail,Cigarettes,Core,T2,1,2,1,8,8,0
Trinidad and Tobago,Retail,Cigarettes,Value,T2,1,5,1,31.2,31.2,0
Trinidad and Tobago,Retail,Heated Tobacco,Premium,T2,1,5,1,121.4,121.4,0
Trinidad and Tobago,Retail,Oral Nicotine,Value,T2,1,6,1,83,83,0
Tunisia,E-Commerce,Cigarettes,Core,T3,1,1,1,30,30,0
Tunisia,Key Accounts,Cigarettes,Premium,T1,1,2,1,61.5,61.5,0
Tunisia,Key Accounts,Cigarettes,Value,T1,1,1,1,128,128,0
Tunisia,Retail,Cigarettes,Premium,T2,1,4,1,22,22,0
Tunisia,Retail,Heated Tobacco,Core,T2,1,1,1,357,357,0
Tunisia,Retail,Oral Nicotine,Core,T2,1,2,1,25.5,25.5,0
Ukraine,E-Commerce,Heated Tobacco,Core,T3,1,1,1,30,30,0
Uruguay,E-Commerce,Cigarettes,Premium,T3,1,4,1,5.25,5.25,0
Uruguay,E-Commerce,Cigarettes,Value,T3,1,7,1,9.714285714,9.714285714,0
Uruguay,E-Commerce,Heated Tobacco,Premium,T3,1,3,1,26.6667,26.6667,0
Uruguay,E-Commerce,Oral Nicotine,Core,T3,1,2,1,30.5,30.5,0
Uruguay,Key Accounts,Cigarettes,Value,T1,1,13,1,3.1538,3.1538,0
Uruguay,Key Accounts,Oral Nicotine,Core,T1,1,1,1,39,39,0
Uruguay,Retail,Heated Tobacco,Premium,T2,1,3,1,26.6667,26.6667,0
Uruguay,Retail,Heated Tobacco,Value,T2,1,1,1,426,426,0
Uzbekistan,E-Commerce,Cigarettes,Value,T3,1,1,1,47,47,0
Uzbekistan,E-Commerce,Heated Tobacco,Value,T3,1,1,1,42,42,0
Uzbekistan,Key Accounts,Oral Nicotine,Premium,T1,1,1,1,62,62,0
Uzbekistan,Retail,Heated Tobacco,Value,T2,1,2,1,86,86,0
Uzbekistan,Retail,Oral Nicotine,Core,T2,1,2,1,92,92,0
Uzbekistan,Retail,Oral Nicotine,Premium,T2,1,2,1,94,94,0
Zambia,E-Commerce,Heated Tobacco,Core,T3,1,4,1,295.25,295.25,0
Zambia,E-Commerce,Oral Nicotine,Premium,T3,1,2,1,125,125,0
Zambia,Key Accounts,Heated Tobacco,Core,T1,1,1,1,246,246,0
Zambia,Key Accounts,Heated Tobacco,Value,T1,1,2,1,636,636,0
Ireland,E-Commerce,Heated Tobacco,Premium,T3,2,13,1.000000402,194.6190143,97.30955714,97.30945714
Portugal,Retail,Oral Nicotine,Premium,T2,2,5,1.000000412,532.3333,266.1667,266.1666
Portugal,Key Accounts,Oral Nicotine,Value,T1,2,5,1.000000441,158.3333,79.1667,79.1666
Ireland,E-Commerce,Heated Tobacco,Core,T3,2,10,1.000000455,488.1904,244.0953,244.0951
Ireland,Key Accounts,Oral Nicotine,Premium,T1,2,5,1.000000615,229.3333,114.6667,114.6666
Portugal,Retail,Oral Nicotine,Value,T2,2,20,1.000001974,101.9215353,50.96081765,50.96071765
Denmark,E-Commerce,Cigarettes,Value,T3,2,7,1.000004412,66.3333,33.1667,33.1666
Trinidad and Tobago,Retail,Heated Tobacco,Value,T2,2,7,1.114903378,106.00005,67.5,38.50005
Vietnam,Key Accounts,Oral Nicotine,Core,T1,2,7,1.159999889,756.8281,462.8333,293.9948
Argentina,E-Commerce,Heated Tobacco,Premium,T3,2,7,1.195999667,287.7648,172.0833,115.6815
Venezuela,E-Commerce,Heated Tobacco,Value,T3,2,6,1.197999876,193.4992,115.75,77.7492
Venezuela,Key Accounts,Heated Tobacco,Value,T1,2,9,1.198000031,289.5875,173.5,116.0875
Panama,Key Accounts,Heated Tobacco,Premium,T1,2,6,1.198000195,174.5457,104.5,70.0457
Haiti,Key Accounts,Heated Tobacco,Premium,T1,2,6,1.198000364,267.2463,160,107.2463
Yemen,Retail,Cigarettes,Core,T2,4,8,1.199998929,145.8334,43.75,102.0834
Venezuela,E-Commerce,Oral Nicotine,Core,T3,2,5,1.199999261,136.3889,81.8333,54.5556
Kazakhstan,Key Accounts,Cigarettes,Core,T1,4,6,1.199999275,147.7778333,44.33333333,103.4445
Peru,Key Accounts,Heated Tobacco,Value,T1,2,10,1.199999498,121.25,72.75,48.5
Turkmenistan,Retail,Cigarettes,Premium,T2,4,8,1.199999607,600,180,420
Kazakhstan,Key Accounts,Cigarettes,Value,T1,4,14,1.199999664,119.1667,35.75,83.4167
Zimbabwe,Retail,Cigarettes,Premium,T2,4,13,1.199999736,290.00003,87,203.00003
Venezuela,Key Accounts,Heated Tobacco,Premium,T1,2,6,1.2,850,510,340
Kazakhstan,Retail,Heated Tobacco,Premium,T2,4,6,1.20000013,958.8888333,287.6666667,671.2221667
Peru,E-Commerce,Heated Tobacco,Core,T3,2,6,1.200000244,159.5833,95.75,63.8333
Argentina,E-Commerce,Oral Nicotine,Core,T3,2,8,1.200000396,198.6111,119.1667,79.4444
Peru,Key Accounts,Oral Nicotine,Core,T1,2,6,1.200000464,344.4445,206.6667,137.7778
Turkmenistan,Retail,Cigarettes,Value,T2,4,6,1.200000785,600,180,420
Venezuela,Key Accounts,Oral Nicotine,Premium,T1,2,17,1.20000109,73.8141,44.2885,29.5256
Yemen,Retail,Cigarettes,Premium,T2,4,11,1.200001103,106.6666,32,74.6666
United Arab Emirates,Retail,Cigarettes,Core,T2,4,12,1.200001134,323.7499,97.125,226.6249
Netherlands,E-Commerce,Oral Nicotine,Core,T3,2,7,1.29999687,381.1667,196.3333,184.8334
Denmark,Retail,Oral Nicotine,Value,T2,3,7,1.3,131.5,59,72.5
Thailand,E-Commerce,Heated Tobacco,Premium,T3,2,15,1.349053641,211.1266154,139.2307846,71.89583077
Myanmar (Burma),E-Commerce,Oral Nicotine,Value,T3,2,6,1.359999794,474.8902,305.4,169.4902
Thailand,E-Commerce,Oral Nicotine,Value,T3,2,7,1.360000255,481.1372,307.5,173.6372
Myanmar (Burma),E-Commerce,Oral Nicotine,Premium,T3,2,6,1.459999013,517.8083,378,139.8083
Myanmar (Burma),Retail,Oral Nicotine,Value,T2,2,9,1.459999723,205.54794,150.05,55.49794
Thailand,E-Commerce,Heated Tobacco,Value,T3,2,14,1.460000054,821.3767182,621.8485,199.5282182
Myanmar (Burma),Key Accounts,Heated Tobacco,Core,T1,2,8,1.460000486,499.62002,385.26672,114.3533
Mongolia,Retail,Cigarettes,Premium,T2,2,10,1.499994375,27.8889,23.4444,4.4445
Haiti,Key Accounts,Oral Nicotine,Premium,T1,4,21,1.49999785,229.861,90.5833,139.2777
Ireland,Retail,Heated Tobacco,Premium,T2,3,22,1.499998363,125.5455,62.7727,62.7728
Portugal,Key Accounts,Cigarettes,Premium,T1,3,16,1.499998993,93.6667,46.8333,46.8334
Kazakhstan,Retail,Heated Tobacco,Core,T2,5,15,1.499999792,714.3333,214.3,500.0333
Zimbabwe,Key Accounts,Cigarettes,Value,T1,5,15,1.499999805,128.8889,38.6667,90.2222
Denmark,Retail,Heated Tobacco,Core,T2,3,21,1.5,446.6857143,223.3428571,223.3428571
Denmark,Retail,Heated Tobacco,Premium,T2,3,14,1.5,308.8286,154.4143,154.4143
Ireland,E-Commerce,Cigarettes,Value,T3,3,11,1.5,357.8,178.9,178.9
Pakistan,Key Accounts,Heated Tobacco,Premium,T1,3,9,1.5,347,173.5,173.5
Papua New Guinea,Key Accounts,Cigarettes,Core,T1,3,10,1.5,33.5,16.75,16.75
Kazakhstan,Key Accounts,Cigarettes,Premium,T1,5,10,1.500000043,311.6666,93.5,218.1666
South Korea,Key Accounts,Heated Tobacco,Value,T1,3,8,1.500000119,498.833325,249.416675,249.41665
Lithuania,Retail,Cigarettes,Value,T2,5,17,1.500000143,302.7778,90.8333,211.9445
Denmark,Key Accounts,Cigarettes,Premium,T1,3,10,1.500001271,579.5333,289.7667,289.7666
Ireland,Key Accounts,Cigarettes,Premium,T1,3,13,1.500001396,85.93332,42.96668,42.96664
Denmark,Key Accounts,Cigarettes,Value,T1,3,9,1.500004114,200.6666,100.3334,100.3332
Sweden,Retail,Oral Nicotine,Premium,T2,4,24,1.599999978,573.2232,189.1607,384.0625
Syria,E-Commerce,Cigarettes,Core,T3,2,6,1.6,81.75,69.25,12.5
South Korea,Key Accounts,Oral Nicotine,Value,T1,2,10,1.6,191,152.8,38.2
Syria,Key Accounts,Cigarettes,Value,T1,2,2,1.6,153,97,56
Papua New Guinea,Key Accounts,Oral Nicotine,Value,T1,2,6,1.600000126,608.3333,486.6667,121.6666
Syria,Retail,Heated Tobacco,Value,T2,2,6,1.600000293,211.0833,183.75,27.3333
Myanmar (Burma),Key Accounts,Heated Tobacco,Premium,T1,2,8,1.659999921,335.2611,278.2667,56.9944
Vietnam,E-Commerce,Oral Nicotine,Value,T3,3,15,1.79812553,1145.195775,662.749975,482.4458
Peru,E-Commerce,Cigarettes,Premium,T3,3,19,1.799992583,28.65748333,17.19443333,11.46305
Haiti,E-Commerce,Cigarettes,Core,T3,3,17,1.799997395,69.083365,41.449975,27.63339
Peru,Retail,Oral Nicotine,Value,T2,3,7,1.799999374,271.3889,162.8333,108.5556
Panama,E-Commerce,Heated Tobacco,Premium,T3,4,13,1.799999421,224.5277,109.3833,115.1444
Sweden,E-Commerce,Oral Nicotine,Premium,T3,4,27,1.79999945,1556.8608,596.5637,960.2971
Argentina,E-Commerce,Oral Nicotine,Premium,T3,3,21,1.79999962,456.076375,273.6458,182.430575
Uganda,Retail,Cigarettes,Value,T2,6,8,1.799999786,151.6667,45.5,106.1667
Haiti,Retail,Oral Nicotine,Core,T2,4,20,1.799999811,978.9394455,447.3636091,531.5758364
Venezuela,Retail,Oral Nicotine,Premium,T2,3,15,1.799999877,218.2222,130.9333,87.2889
Sweden,Retail,Oral Nicotine,Value,T2,4,19,1.8,254.7222,117.1111,137.6111
Uruguay,Retail,Oral Nicotine,Value,T2,2,15,1.8,920.4148,799.4773,120.9375
Ecuador,Key Accounts,Oral Nicotine,Value,T1,2,7,1.8,320.8333,280.3333,40.5
Zimbabwe,Retail,Cigarettes,Value,T2,6,21,1.800000101,447.5641192,134.2692308,313.2948885
Haiti,Key Accounts,Oral Nicotine,Value,T1,3,6,1.800000233,132.7778,79.6667,53.1111
Nigeria,E-Commerce,Oral Nicotine,Core,T3,6,13,1.800000254,818.3333,245.5,572.8333
Zimbabwe,E-Commerce,Cigarettes,Premium,T3,6,13,1.800000612,178.3333,53.5,124.8333
Zimbabwe,Key Accounts,Cigarettes,Premium,T1,6,14,1.800001246,245.8333,73.75,172.0833
Peru,E-Commerce,Cigarettes,Core,T3,3,14,1.800006438,54.3518,32.6111,21.7407
Ireland,Key Accounts,Oral Nicotine,Core,T1,4,21,1.835897436,643.3278,308.7889,334.5389
Netherlands,Key Accounts,Oral Nicotine,Value,T1,3,17,1.882743989,256.1666667,140.5333333,115.6333333
Vietnam,E-Commerce,Heated Tobacco,Value,T3,3,11,1.890000278,465.5831,297,168.5831
Tanzania,E-Commerce,Heated Tobacco,Premium,T3,2,3,1.900000243,194.3333,182,12.3333
Ireland,Retail,Oral Nicotine,Premium,T2,4,18,1.900000302,379.1333,185.0667,194.0666
Thailand,Key Accounts,Oral Nicotine,Core,T1,3,20,1.932384723,741.63435,480.404775,261.229575
Thailand,Key Accounts,Heated Tobacco,Core,T1,3,11,1.989999599,512.7855,339.1333,173.6522
Vietnam,E-Commerce,Heated Tobacco,Core,T3,3,14,1.989999662,503.4316,334.4404,168.9912
Barbados,Key Accounts,Heated Tobacco,Value,T1,2,4,1.996000102,431.8637,431,0.8637
Colombia,E-Commerce,Heated Tobacco,Value,T3,2,3,1.996000718,164.8296,164.5,0.3296
Chile,E-Commerce,Heated Tobacco,Value,T3,2,14,1.996505805,375.8325714,375.1428143,0.689757143
Bolivia,E-Commerce,Heated Tobacco,Premium,T3,2,8,1.997999885,198.4801,198.2857,0.1944
Ecuador,Retail,Heated Tobacco,Value,T2,2,6,1.997999997,345.8497,345.5,0.3497
Chile,Key Accounts,Heated Tobacco,Core,T1,2,8,1.998000033,432.85262,432.53332,0.3193
Ecuador,E-Commerce,Heated Tobacco,Core,T3,2,9,1.998000512,210.8249,210.5,0.3249
Ireland,Key Accounts,Cigarettes,Core,T1,4,16,1.999996474,96.9524,48.4762,48.4762
Sweden,E-Commerce,Cigarettes,Premium,T3,4,12,1.999998239,78,39,39
Afghanistan,E-Commerce,Heated Tobacco,Premium,T3,2,5,2,172.8333,172.8333,0
Afghanistan,Key Accounts,Heated Tobacco,Premium,T1,2,12,2,336.4571,336.4571,0
Afghanistan,Key Accounts,Oral Nicotine,Core,T1,2,3,2,314.5,314.5,0
Afghanistan,Retail,Cigarettes,Core,T2,2,18,2,102.8333667,102.8333667,0
Afghanistan,Retail,Cigarettes,Value,T2,2,8,2,61.25,61.25,0
Afghanistan,Retail,Heated Tobacco,Premium,T2,2,7,2,164.1,164.1,0
Albania,Key Accounts,Cigarettes,Core,T1,2,6,2,38.4,38.4,0
Angola,E-Commerce,Cigarettes,Core,T3,2,3,2,259.5,259.5,0
Angola,Key Accounts,Heated Tobacco,Core,T1,2,2,2,68,68,0
Angola,Key Accounts,Heated Tobacco,Premium,T1,2,3,2,337,337,0
Angola,Key Accounts,Oral Nicotine,Value,T1,2,10,2,100.375,100.375,0
Austria,E-Commerce,Oral Nicotine,Core,T3,2,11,2,191.3333,191.3333,0
Austria,E-Commerce,Oral Nicotine,Value,T3,2,11,2,256.2083,256.2083,0
Azerbaijan,Key Accounts,Heated Tobacco,Value,T1,2,5,2,500.25,500.25,0
Azerbaijan,Key Accounts,Oral Nicotine,Core,T1,2,2,2,499,499,0
Azerbaijan,Key Accounts,Oral Nicotine,Value,T1,2,2,2,97,97,0
Bangladesh,E-Commerce,Heated Tobacco,Core,T3,2,8,2,157.6,157.6,0
Bangladesh,E-Commerce,Oral Nicotine,Value,T3,2,15,2,205.8,205.8,0
Barbados,E-Commerce,Cigarettes,Core,T3,2,6,2,63.3334,63.3334,0
Barbados,Key Accounts,Oral Nicotine,Core,T1,2,4,2,75.5,75.5,0
Barbados,Retail,Cigarettes,Core,T2,2,6,2,22,22,0
Barbados,Retail,Oral Nicotine,Core,T2,2,7,2,529.30002,529.30002,0
Belarus,E-Commerce,Cigarettes,Core,T3,2,3,2,138.5,138.5,0
Belarus,E-Commerce,Heated Tobacco,Premium,T3,2,16,2,192.3333,192.3333,0
Belarus,E-Commerce,Oral Nicotine,Core,T3,2,7,2,521.6667,521.6667,0
Belarus,Key Accounts,Heated Tobacco,Premium,T1,2,2,2,435,435,0
Belarus,Key Accounts,Oral Nicotine,Core,T1,2,15,2,162.9167,162.9167,0
Belarus,Retail,Oral Nicotine,Premium,T2,2,3,2,455,455,0
Belgium,Retail,Heated Tobacco,Premium,T2,2,7,2,110.5,110.5,0
Benin,Key Accounts,Heated Tobacco,Core,T1,2,3,2,349.5,349.5,0
Benin,Retail,Heated Tobacco,Premium,T2,2,14,2,431.55,431.55,0
Bolivia,E-Commerce,Cigarettes,Premium,T3,2,9,2,56.2,56.2,0
Bolivia,E-Commerce,Heated Tobacco,Value,T3,2,6,2,120.25,120.25,0
Bolivia,Key Accounts,Cigarettes,Value,T1,2,4,2,28.3333,28.3333,0
Bolivia,Retail,Heated Tobacco,Premium,T2,2,10,2,289,289,0
Bolivia,Retail,Oral Nicotine,Core,T2,2,6,2,68.3333,68.3333,0
Bolivia,Retail,Oral Nicotine,Value,T2,2,8,2,330.5,330.5,0
Bosnia and Herzegovina,E-Commerce,Cigarettes,Premium,T3,2,5,2,54.75,54.75,0
Bosnia and Herzegovina,Retail,Cigarettes,Value,T2,2,6,2,87.5,87.5,0
Bosnia and Herzegovina,Retail,Heated Tobacco,Value,T2,2,8,2,211.8333,211.8333,0
Bulgaria,E-Commerce,Cigarettes,Premium,T3,2,13,2,24.16666667,24.16666667,0
Bulgaria,Key Accounts,Cigarettes,Premium,T1,2,2,2,62,62,0
Bulgaria,Key Accounts,Oral Nicotine,Premium,T1,2,3,2,567,567,0
Cambodia,Key Accounts,Heated Tobacco,Premium,T1,2,9,2,204.4286,204.4286,0
Cambodia,Retail,Heated Tobacco,Core,T2,2,12,2,459.0909,459.0909,0
Cambodia,Retail,Heated Tobacco,Value,T2,2,5,2,293.5,293.5,0
Cameroon,E-Commerce,Oral Nicotine,Premium,T3,2,3,2,58.5,58.5,0
Cameroon,Key Accounts,Oral Nicotine,Premium,T1,2,5,2,270.5,270.5,0
Cameroon,Retail,Heated Tobacco,Value,T2,2,6,2,359.75,359.75,0
Cameroon,Retail,Oral Nicotine,Premium,T2,2,2,2,157,157,0
Cameroon,Retail,Oral Nicotine,Value,T2,2,2,2,607,607,0
Canada,E-Commerce,Oral Nicotine,Premium,T3,2,2,2,366,366,0
Canada,E-Commerce,Oral Nicotine,Value,T3,2,2,2,220,220,0
Canada,Key Accounts,Oral Nicotine,Premium,T1,2,3,2,296.5,296.5,0
Chile,E-Commerce,Cigarettes,Value,T3,2,9,2,39.5,39.5,0
Chile,E-Commerce,Oral Nicotine,Core,T3,2,14,2,178.7143,178.7143,0
Chile,E-Commerce,Oral Nicotine,Premium,T3,2,10,2,129.4444,129.4444,0
Chile,Key Accounts,Cigarettes,Premium,T1,2,13,2,14.4091,14.4091,0
Chile,Key Accounts,Oral Nicotine,Premium,T1,2,13,2,131.3571,131.3571,0
Colombia,E-Commerce,Oral Nicotine,Core,T3,2,5,2,144.1667,144.1667,0
Cote d'Ivoire,E-Commerce,Cigarettes,Value,T3,2,2,2,191,191,0
Cote d'Ivoire,E-Commerce,Oral Nicotine,Core,T3,2,7,2,214.5,214.5,0
Cote d'Ivoire,E-Commerce,Oral Nicotine,Value,T3,2,3,2,443,443,0
Cote d'Ivoire,Key Accounts,Cigarettes,Value,T1,2,10,2,188.375,188.375,0
Cote d'Ivoire,Key Accounts,Heated Tobacco,Core,T1,2,3,2,122,122,0
Cote d'Ivoire,Key Accounts,Heated Tobacco,Premium,T1,2,2,2,421,421,0
Cote d'Ivoire,Key Accounts,Heated Tobacco,Value,T1,2,5,2,331.25,331.25,0
Cote d'Ivoire,Key Accounts,Oral Nicotine,Premium,T1,2,4,2,916.5,916.5,0
Cote d'Ivoire,Retail,Heated Tobacco,Premium,T2,2,13,2,195.3333,195.3333,0
Croatia,Key Accounts,Cigarettes,Core,T1,2,2,2,69,69,0
Croatia,Retail,Cigarettes,Value,T2,2,3,2,20.5,20.5,0
Croatia,Retail,Heated Tobacco,Value,T2,2,3,2,209.5,209.5,0
Czech Republic,E-Commerce,Cigarettes,Value,T3,2,12,2,28.99998182,28.99998182,0
Czech Republic,E-Commerce,Heated Tobacco,Core,T3,2,4,2,387,387,0
Czech Republic,Key Accounts,Oral Nicotine,Value,T1,2,2,2,520,520,0
Czech Republic,Retail,Oral Nicotine,Core,T2,2,9,2,277,277,0
Czech Republic,Retail,Oral Nicotine,Premium,T2,2,2,2,579,579,0
Czech Republic,Retail,Oral Nicotine,Value,T2,2,5,2,178,178,0
Democratic Republic of the Congo,E-Commerce,Oral Nicotine,Core,T3,2,5,2,528,528,0
Djibouti,Retail,Cigarettes,Premium,T2,2,5,2,50,50,0
Ecuador,Retail,Cigarettes,Value,T2,2,4,2,167.5,167.5,0
Ecuador,Retail,Oral Nicotine,Premium,T2,2,11,2,128.9167125,128.9167125,0
Egypt,E-Commerce,Heated Tobacco,Value,T3,2,8,2,119.75,119.75,0
Finland,E-Commerce,Cigarettes,Value,T3,2,3,2,41,41,0
Finland,E-Commerce,Oral Nicotine,Value,T3,2,6,2,320.6666,320.6666,0
Finland,Key Accounts,Cigarettes,Core,T1,2,15,2,77.68181818,77.68181818,0
Finland,Key Accounts,Cigarettes,Premium,T1,2,8,2,54.83333333,54.83333333,0
Finland,Key Accounts,Heated Tobacco,Value,T1,2,10,2,117.1429,117.1429,0
Finland,Retail,Oral Nicotine,Core,T2,2,4,2,414,414,0
Gabon,Retail,Cigarettes,Value,T2,2,13,2,55.13636364,55.13636364,0
Georgia,E-Commerce,Cigarettes,Premium,T3,2,4,2,26.33333333,26.33333333,0
Ghana,E-Commerce,Cigarettes,Premium,T3,2,3,2,35.5,35.5,0
Ghana,Key Accounts,Cigarettes,Value,T1,2,12,2,54,54,0
Ghana,Key Accounts,Heated Tobacco,Premium,T1,2,3,2,181,181,0
Ghana,Key Accounts,Heated Tobacco,Value,T1,2,2,2,128,128,0
Ghana,Retail,Oral Nicotine,Core,T2,2,3,2,650,650,0
Guinea,Key Accounts,Cigarettes,Value,T1,2,2,2,59,59,0
Guinea-Bissau,E-Commerce,Cigarettes,Premium,T3,2,2,2,69,69,0
Hong Kong,E-Commerce,Cigarettes,Premium,T3,2,7,2,545.5833,545.5833,0
Hong Kong,Retail,Cigarettes,Premium,T2,2,8,2,50,50,0
Hong Kong,Retail,Cigarettes,Value,T2,2,4,2,75,75,0
Hungary,E-Commerce,Cigarettes,Premium,T3,2,9,2,38.7,38.7,0
Hungary,E-Commerce,Cigarettes,Value,T3,2,9,2,70.83333333,70.83333333,0
Hungary,Key Accounts,Heated Tobacco,Core,T1,2,21,2,323.8333556,323.8333556,0
Hungary,Key Accounts,Oral Nicotine,Value,T1,2,3,2,418,418,0
Hungary,Retail,Heated Tobacco,Core,T2,2,10,2,171.5,171.5,0
Iraq,E-Commerce,Heated Tobacco,Premium,T3,2,8,2,408,408,0
Iraq,E-Commerce,Heated Tobacco,Value,T3,2,3,2,336,336,0
Israel,E-Commerce,Oral Nicotine,Core,T3,2,5,2,179,179,0
Israel,Retail,Heated Tobacco,Core,T2,2,2,2,172,172,0
Jamaica,E-Commerce,Oral Nicotine,Core,T3,2,10,2,61.5,61.5,0
Jamaica,Key Accounts,Cigarettes,Core,T1,2,5,2,26.3333,26.3333,0
Jamaica,Key Accounts,Cigarettes,Premium,T1,2,7,2,40.75,40.75,0
Jamaica,Key Accounts,Heated Tobacco,Value,T1,2,10,2,93.2,93.2,0
Jamaica,Key Accounts,Oral Nicotine,Value,T1,2,7,2,32.8,32.8,0
Jamaica,Retail,Oral Nicotine,Core,T2,2,8,2,288.4,288.4,0
Japan,E-Commerce,Heated Tobacco,Value,T3,2,7,2,244,244,0
Japan,E-Commerce,Oral Nicotine,Premium,T3,2,5,2,579.6667,579.6667,0
Jordan,E-Commerce,Cigarettes,Premium,T3,2,6,2,95.75,95.75,0
Jordan,E-Commerce,Oral Nicotine,Premium,T3,2,5,2,168.75,168.75,0
Jordan,Retail,Cigarettes,Premium,T2,2,4,2,579,579,0
Jordan,Retail,Heated Tobacco,Core,T2,2,8,2,179.2856857,179.2856857,0
Jordan,Retail,Oral Nicotine,Core,T2,2,6,2,391.75,391.75,0
Kenya,Key Accounts,Heated Tobacco,Value,T1,2,5,2,907.25,907.25,0
Kenya,Retail,Heated Tobacco,Premium,T2,2,3,2,133,133,0
Kenya,Retail,Heated Tobacco,Value,T2,2,5,2,295,295,0
Kenya,Retail,Oral Nicotine,Premium,T2,2,3,2,135,135,0
Kenya,Retail,Oral Nicotine,Value,T2,2,4,2,488,488,0
Kyrgyzstan,E-Commerce,Cigarettes,Premium,T3,2,4,2,48,48,0
Kyrgyzstan,E-Commerce,Cigarettes,Value,T3,2,13,2,213.5454545,213.5454545,0
Kyrgyzstan,E-Commerce,Heated Tobacco,Core,T3,2,3,2,282.5,282.5,0
Kyrgyzstan,Key Accounts,Cigarettes,Premium,T1,2,4,2,93,93,0
Kyrgyzstan,Retail,Cigarettes,Premium,T2,2,2,2,67,67,0
Lebanon,E-Commerce,Oral Nicotine,Premium,T3,2,2,2,604,604,0
Lebanon,Retail,Heated Tobacco,Core,T2,2,3,2,569,569,0
Liberia,E-Commerce,Cigarettes,Premium,T3,2,11,2,23.3,23.3,0
Liberia,E-Commerce,Oral Nicotine,Core,T3,2,3,2,437,437,0
Liberia,Key Accounts,Cigarettes,Core,T1,2,3,2,139.5,139.5,0
Libya,E-Commerce,Cigarettes,Value,T3,2,7,2,36.1667,36.1667,0
Libya,Key Accounts,Oral Nicotine,Value,T1,2,9,2,784.9999714,784.9999714,0
Libya,Retail,Cigarettes,Value,T2,2,5,2,97.83333333,97.83333333,0
Libya,Retail,Oral Nicotine,Core,T2,2,7,2,68.3,68.3,0
Macedonia,Retail,Cigarettes,Core,T2,2,3,2,73.5,73.5,0
Madagascar,E-Commerce,Cigarettes,Core,T3,2,2,2,64,64,0
Madagascar,E-Commerce,Cigarettes,Premium,T3,2,5,2,42,42,0
Madagascar,E-Commerce,Heated Tobacco,Core,T3,2,7,2,384.3333,384.3333,0
Madagascar,Key Accounts,Cigarettes,Core,T1,2,11,2,63.22222222,63.22222222,0
Madagascar,Key Accounts,Cigarettes,Premium,T1,2,7,2,158.8333,158.8333,0
Madagascar,Key Accounts,Heated Tobacco,Core,T1,2,5,2,399.75,399.75,0
Madagascar,Key Accounts,Heated Tobacco,Premium,T1,2,4,2,248.5,248.5,0
Mali,Key Accounts,Oral Nicotine,Premium,T1,2,6,2,639.75,639.75,0
Mali,Retail,Cigarettes,Premium,T2,2,3,2,59,59,0
Mali,Retail,Oral Nicotine,Core,T2,2,7,2,207.3333,207.3333,0
Martinique,Retail,Cigarettes,Value,T2,2,12,2,31,31,0
Moldova,E-Commerce,Cigarettes,Core,T3,2,6,2,58.25,58.25,0
Moldova,E-Commerce,Oral Nicotine,Premium,T3,2,2,2,225,225,0
Moldova,Retail,Heated Tobacco,Core,T2,2,3,2,375.5,375.5,0
Moldova,Retail,Heated Tobacco,Value,T2,2,9,2,167.125,167.125,0
Mongolia,E-Commerce,Cigarettes,Premium,T3,2,10,2,161.4285714,161.4285714,0
Mongolia,Key Accounts,Cigarettes,Value,T1,2,5,2,197.8333333,197.8333333,0
Mongolia,Key Accounts,Heated Tobacco,Premium,T1,2,6,2,281,281,0
Mongolia,Retail,Cigarettes,Core,T2,2,3,2,66.5,66.5,0
Mozambique,E-Commerce,Heated Tobacco,Premium,T3,2,2,2,356,356,0
Mozambique,E-Commerce,Oral Nicotine,Core,T3,2,2,2,198,198,0
Mozambique,Key Accounts,Oral Nicotine,Core,T1,2,3,2,806.5,806.5,0
Mozambique,Retail,Heated Tobacco,Premium,T2,2,3,2,234.5,234.5,0
Namibia,Retail,Cigarettes,Value,T2,2,2,2,149,149,0
Nepal,Key Accounts,Cigarettes,Core,T1,2,12,2,21.8,21.8,0
Nepal,Key Accounts,Oral Nicotine,Core,T1,2,3,2,211,211,0
Nepal,Retail,Cigarettes,Premium,T2,2,11,2,49.083325,49.083325,0
Niger,Key Accounts,Cigarettes,Value,T1,2,4,2,220.6666667,220.6666667,0
Niger,Retail,Heated Tobacco,Value,T2,2,3,2,721,721,0
Niger,Retail,Oral Nicotine,Core,T2,2,7,2,492.3333,492.3333,0
Norway,E-Commerce,Cigarettes,Core,T3,2,16,2,76.99996,76.99996,0
Norway,Retail,Heated Tobacco,Core,T2,2,10,2,295.3333,295.3333,0
Norway,Retail,Heated Tobacco,Premium,T2,2,6,2,266.5,266.5,0
Pakistan,Retail,Heated Tobacco,Premium,T2,4,21,2,523.6818182,261.8409091,261.8409091
Poland,E-Commerce,Oral Nicotine,Value,T3,2,5,2,141.5,141.5,0
Qatar,Retail,Cigarettes,Premium,T2,2,4,2,45.5,45.5,0
Romania,E-Commerce,Heated Tobacco,Core,T3,2,10,2,394.125,394.125,0
Romania,E-Commerce,Heated Tobacco,Premium,T3,2,2,2,139,139,0
Romania,E-Commerce,Oral Nicotine,Value,T3,2,3,2,606.5,606.5,0
Romania,Key Accounts,Heated Tobacco,Value,T1,2,5,2,217.25,217.25,0
Russia,E-Commerce,Oral Nicotine,Core,T3,2,5,2,515.75,515.75,0
Rwanda,Key Accounts,Heated Tobacco,Core,T1,2,2,2,197,197,0
Rwanda,Key Accounts,Heated Tobacco,Premium,T1,2,2,2,285,285,0
Rwanda,Key Accounts,Oral Nicotine,Core,T1,2,8,2,69,69,0
Saudi Arabia,E-Commerce,Heated Tobacco,Premium,T3,2,12,2,399.375,399.375,0
Saudi Arabia,E-Commerce,Heated Tobacco,Value,T3,2,9,2,431.6666667,431.6666667,0
Saudi Arabia,Key Accounts,Oral Nicotine,Value,T1,2,4,2,94.5,94.5,0
Senegal,E-Commerce,Cigarettes,Core,T3,2,3,2,36,36,0
Senegal,E-Commerce,Cigarettes,Premium,T3,2,3,2,73.5,73.5,0
Senegal,Key Accounts,Heated Tobacco,Value,T1,2,3,2,367.5,367.5,0
Senegal,Key Accounts,Oral Nicotine,Core,T1,2,3,2,383,383,0
Senegal,Retail,Oral Nicotine,Core,T2,2,3,2,74,74,0
Singapore,Key Accounts,Oral Nicotine,Premium,T1,2,3,2,386,386,0
Singapore,Retail,Oral Nicotine,Premium,T2,2,3,2,266,266,0
Slovakia,Retail,Cigarettes,Core,T2,2,7,2,121.1,121.1,0
Slovakia,Retail,Cigarettes,Value,T2,2,4,2,26.5,26.5,0
Somalia,Key Accounts,Cigarettes,Core,T1,2,7,2,39,39,0
Somalia,Key Accounts,Cigarettes,Premium,T1,2,5,2,42.5,42.5,0
Somalia,Retail,Heated Tobacco,Value,T2,2,3,2,310,310,0
Somalia,Retail,Oral Nicotine,Premium,T2,2,5,2,128.75,128.75,0
Somalia,Retail,Oral Nicotine,Value,T2,2,2,2,874,874,0
South Korea,Retail,Heated Tobacco,Core,T2,4,14,2,493.5714,246.7857,246.7857
Sri Lanka,E-Commerce,Cigarettes,Premium,T3,2,17,2,22.06946667,22.06946667,0
Sudan,E-Commerce,Cigarettes,Core,T3,2,4,2,507.5,507.5,0
Sudan,E-Commerce,Cigarettes,Premium,T3,2,2,2,58,58,0
Sudan,E-Commerce,Heated Tobacco,Premium,T3,2,4,2,315.5,315.5,0
Sudan,E-Commerce,Oral Nicotine,Value,T3,2,6,2,60,60,0
Sudan,Key Accounts,Cigarettes,Premium,T1,2,13,2,20.97222222,20.97222222,0
Sudan,Key Accounts,Cigarettes,Value,T1,2,3,2,32.5,32.5,0
Sudan,Retail,Heated Tobacco,Premium,T2,2,8,2,241.7143143,241.7143143,0
Sudan,Retail,Oral Nicotine,Core,T2,2,5,2,923,923,0
Sweden,Key Accounts,Heated Tobacco,Core,T1,4,10,2,478.5,239.25,239.25
Switzerland,E-Commerce,Cigarettes,Core,T3,2,4,2,330,330,0
Switzerland,E-Commerce,Cigarettes,Value,T3,2,19,2,49.36666667,49.36666667,0
Switzerland,Key Accounts,Cigarettes,Premium,T1,2,16,2,79.49092909,79.49092909,0
Switzerland,Key Accounts,Oral Nicotine,Core,T1,2,7,2,440.2,440.2,0
Switzerland,Retail,Heated Tobacco,Value,T2,2,7,2,144,144,0
Syria,E-Commerce,Cigarettes,Premium,T3,2,4,2,93,93,0
Syria,Retail,Cigarettes,Core,T2,2,7,2,27.8333,27.8333,0
Syria,Retail,Cigarettes,Premium,T2,2,5,2,64.5,64.5,0
Taiwan,Retail,Cigarettes,Value,T2,2,5,2,40.6667,40.6667,0
Tanzania,E-Commerce,Oral Nicotine,Core,T3,2,3,2,162,162,0
Tanzania,E-Commerce,Oral Nicotine,Value,T3,2,2,2,225,225,0
Tanzania,Key Accounts,Heated Tobacco,Value,T1,2,3,2,178,178,0
Tanzania,Retail,Oral Nicotine,Premium,T2,2,6,2,637.75,637.75,0
Togo,Key Accounts,Heated Tobacco,Premium,T1,2,2,2,132,132,0
Togo,Key Accounts,Heated Tobacco,Value,T1,2,2,2,127,127,0
Togo,Key Accounts,Oral Nicotine,Core,T1,2,2,2,221,221,0
Togo,Retail,Heated Tobacco,Value,T2,2,2,2,214,214,0
Togo,Retail,Oral Nicotine,Value,T2,2,5,2,75.25,75.25,0
Trinidad and Tobago,E-Commerce,Cigarettes,Core,T3,2,5,2,78,78,0
Trinidad and Tobago,E-Commerce,Cigarettes,Premium,T3,2,11,2,26.2083125,26.2083125,0
Trinidad and Tobago,Key Accounts,Cigarettes,Core,T1,2,8,2,44.5,44.5,0
Trinidad and Tobago,Retail,Cigarettes,Premium,T2,2,5,2,103.1667,103.1667,0
Ukraine,E-Commerce,Heated Tobacco,Premium,T3,2,3,2,477.5,477.5,0
Uruguay,Retail,Cigarettes,Premium,T2,2,8,2,35.3333,35.3333,0
Uruguay,Retail,Oral Nicotine,Premium,T2,2,7,2,152.4167,152.4167,0
Uzbekistan,E-Commerce,Cigarettes,Premium,T3,2,6,2,74.6,74.6,0
Uzbekistan,E-Commerce,Heated Tobacco,Core,T3,2,2,2,408,408,0
Uzbekistan,Key Accounts,Cigarettes,Core,T1,2,3,2,24.5,24.5,0
Uzbekistan,Key Accounts,Heated Tobacco,Premium,T1,2,6,2,223,223,0
Uzbekistan,Key Accounts,Heated Tobacco,Value,T1,2,3,2,327,327,0
Uzbekistan,Retail,Heated Tobacco,Premium,T2,2,11,2,212.4,212.4,0
Zambia,E-Commerce,Cigarettes,Value,T3,2,13,2,60.23812857,60.23812857,0
Zambia,E-Commerce,Heated Tobacco,Premium,T3,2,2,2,401,401,0
Zambia,E-Commerce,Oral Nicotine,Value,T3,2,8,2,969.5,969.5,0
Zambia,Key Accounts,Cigarettes,Core,T1,2,2,2,261,261,0
Zambia,Key Accounts,Heated Tobacco,Premium,T1,2,3,2,388,388,0
Zambia,Key Accounts,Oral Nicotine,Value,T1,2,6,2,412.5,412.5,0
Zambia,Retail,Heated Tobacco,Core,T2,2,5,2,265,265,0
Zambia,Retail,Heated Tobacco,Value,T2,2,2,2,171,171,0
South Korea,Retail,Heated Tobacco,Value,T2,4,15,2.000000315,1092.33335,546.16665,546.1667
Netherlands,Key Accounts,Heated Tobacco,Core,T1,4,9,2.000000426,684.3333,342.1667,342.1666
Ireland,E-Commerce,Cigarettes,Premium,T3,4,10,2.000001723,134,67,67
Denmark,Retail,Cigarettes,Premium,T2,4,12,2.000002429,184.1666,92.0834,92.0832
Panama,E-Commerce,Heated Tobacco,Core,T3,4,12,2.095999839,903.6734,506.5,397.1734
Peru,Key Accounts,Oral Nicotine,Premium,T1,4,13,2.099997955,443.3334,172,271.3334
Kazakhstan,E-Commerce,Cigarettes,Value,T3,7,17,2.099998635,241.2499333,72.375,168.8749333
Venezuela,Key Accounts,Oral Nicotine,Value,T1,4,27,2.099998677,400.1905,144.1143,256.0762
Venezuela,Key Accounts,Oral Nicotine,Core,T1,4,7,2.099998976,575.5556,238.3333,337.2223
Haiti,Retail,Oral Nicotine,Value,T2,4,17,2.099999048,291.9167,171.95,119.9667
Nigeria,E-Commerce,Oral Nicotine,Value,T3,7,15,2.099999776,787.5,236.25,551.25
Nigeria,E-Commerce,Heated Tobacco,Value,T3,7,17,2.09999979,1036.6667,311,725.6667
Nigeria,Key Accounts,Oral Nicotine,Core,T1,7,13,2.099999866,1046.6666,314,732.6666
Lithuania,Retail,Cigarettes,Premium,T2,7,40,2.100000048,494.0477711,148.2143,345.8334711
Peru,E-Commerce,Oral Nicotine,Premium,T3,4,14,2.100000276,459.8333,182.15,277.6833
Panama,E-Commerce,Oral Nicotine,Value,T3,4,15,2.100000453,849.6527,415.7917,433.861
Netherlands,Key Accounts,Oral Nicotine,Premium,T1,4,16,2.100000573,1226.5833,474.6667,751.9166
Zimbabwe,Retail,Cigarettes,Core,T2,7,16,2.100002694,130.44442,39.1333,91.31112
Zimbabwe,Key Accounts,Cigarettes,Core,T1,7,24,2.100003093,181.3888,54.4167,126.9721
Myanmar (Burma),Key Accounts,Oral Nicotine,Core,T1,3,21,2.189999704,302.5114,220.8333,81.6781
Myanmar (Burma),E-Commerce,Heated Tobacco,Core,T3,3,11,2.19000025,519.4854,356.8333,162.6521
Myanmar (Burma),Key Accounts,Heated Tobacco,Value,T1,3,14,2.290000359,391.36545,291.500025,99.865425
Thailand,E-Commerce,Heated Tobacco,Core,T3,4,21,2.32000079,507.70886,302.3556,205.35326
Peru,Key Accounts,Cigarettes,Core,T1,4,17,2.399990984,55.05565,33.0333,22.02235
Haiti,Retail,Cigarettes,Value,T2,4,36,2.399993881,58.2142,34.92845,23.28575
Peru,Retail,Heated Tobacco,Premium,T2,4,20,2.399998825,230.5953,138.3571,92.2382
South Korea,E-Commerce,Oral Nicotine,Value,T3,3,21,2.399999204,92.1389,73.7111,18.4278
Peru,E-Commerce,Oral Nicotine,Core,T3,4,8,2.399999541,556.25,333.75,222.5
Nigeria,E-Commerce,Oral Nicotine,Premium,T3,8,28,2.399999833,1414.4444,424.3333,990.1111
Panama,E-Commerce,Oral Nicotine,Core,T3,4,12,2.400000175,437.5,262.5,175
Nigeria,E-Commerce,Heated Tobacco,Premium,T3,8,12,2.400000181,809.1666,242.75,566.4166
Sweden,Retail,Oral Nicotine,Core,T2,5,17,2.400000345,880.09998,437.80002,442.29996
Venezuela,E-Commerce,Heated Tobacco,Core,T3,4,14,2.400000417,245,147,98
Zimbabwe,E-Commerce,Cigarettes,Value,T3,8,20,2.400000595,343.3334,103,240.3334
Peru,Key Accounts,Heated Tobacco,Core,T1,4,12,2.400000791,275.0833,165.05,110.0333
Myanmar (Burma),E-Commerce,Cigarettes,Core,T3,3,12,2.48999991,384.5382,319.1667,65.3715
Myanmar (Burma),E-Commerce,Cigarettes,Value,T3,3,9,2.490001149,103.61445,86,17.61445
South Korea,Key Accounts,Cigarettes,Value,T1,5,40,2.499990505,190.6834133,95.34159333,95.34182
Ireland,Key Accounts,Cigarettes,Value,T1,5,21,2.4999934,328.4763,164.238,164.2383
Sweden,Key Accounts,Heated Tobacco,Premium,T1,5,21,2.499999556,632.0667,316.0333,316.0334
Ireland,Retail,Heated Tobacco,Core,T2,5,17,2.499999634,820.6667,410.3333,410.3334
Pakistan,E-Commerce,Heated Tobacco,Core,T3,5,19,2.499999634,1037.8485,518.9242,518.9243
Japan,E-Commerce,Oral Nicotine,Value,T3,3,14,2.5,699,614,85
Pakistan,E-Commerce,Heated Tobacco,Value,T3,5,21,2.5,1372.6,686.3,686.3
Pakistan,Key Accounts,Heated Tobacco,Core,T1,5,34,2.5,1297.689035,648.8445176,648.8445176
Portugal,Retail,Heated Tobacco,Core,T2,5,18,2.5,1542.6,771.3,771.3
Sweden,Retail,Heated Tobacco,Value,T2,5,12,2.5,885.5,442.75,442.75
Sweden,Key Accounts,Heated Tobacco,Value,T1,5,16,2.500000077,551.4,275.7,275.7
Ireland,Retail,Heated Tobacco,Value,T2,5,22,2.500000199,1015.99999,508.00003,507.99996
Ireland,E-Commerce,Cigarettes,Core,T3,5,23,2.500001014,279.4486846,139.7243923,139.7242923
Myanmar (Burma),Retail,Heated Tobacco,Premium,T2,4,10,2.51999998,449.8261,305.5,144.3261
Myanmar (Burma),Retail,Heated Tobacco,Value,T2,4,13,2.536527526,589.339375,369.550025,219.78935
South Korea,E-Commerce,Oral Nicotine,Core,T3,4,14,2.6,776.875,469.25,307.625
South Korea,Retail,Oral Nicotine,Value,T2,4,27,2.600000205,976.8706692,631.4965,345.3741692
Vietnam,Key Accounts,Oral Nicotine,Premium,T1,4,9,2.619998337,772.0559,403.8333,368.2226
Sweden,Key Accounts,Oral Nicotine,Premium,T1,6,41,2.676187631,601.3611,293.4444,307.9167
Honduras,E-Commerce,Heated Tobacco,Core,T3,5,24,2.698217374,515.5764667,299.0833333,216.4931333
Haiti,Retail,Heated Tobacco,Core,T2,5,23,2.699998302,333.2779,146.9667,186.3112
Kazakhstan,Retail,Cigarettes,Value,T2,9,23,2.700000125,403.8889,121.1666667,282.7222333
Kazakhstan,Retail,Cigarettes,Core,T2,9,28,2.700001783,231.1110167,69.33333333,161.7776833
Thailand,Key Accounts,Oral Nicotine,Premium,T1,4,11,2.719998908,360.9535,236.75,124.2035
Myanmar (Burma),Retail,Oral Nicotine,Core,T2,4,14,2.719999216,716.22455,464.166675,252.057875
Sweden,Key Accounts,Oral Nicotine,Value,T1,6,24,2.8,689.05,328.4,360.65
Turkey,E-Commerce,Oral Nicotine,Value,T3,7,14,2.8,1001.25,400.5,600.75
Netherlands,E-Commerce,Oral Nicotine,Value,T3,5,34,2.800000138,1381.838194,696.5441471,685.2940471
Tanzania,Retail,Heated Tobacco,Core,T2,3,13,2.800000392,528.8333,508.1,20.7333
Tanzania,Key Accounts,Heated Tobacco,Core,T1,3,12,2.9,329.787,326.0833,3.7037
Netherlands,Key Accounts,Oral Nicotine,Core,T1,4,12,2.9,183.5,127.75,55.75
Vietnam,E-Commerce,Oral Nicotine,Premium,T3,4,15,2.919998909,1167.169,852.0333,315.1357
Venezuela,Retail,Heated Tobacco,Value,T2,5,8,2.992000375,486.5217,291,195.5217
Guatemala,Key Accounts,Heated Tobacco,Premium,T1,3,6,2.993999851,522.5451,521.5,1.0451
Peru,Retail,Heated Tobacco,Core,T2,5,16,2.994001156,680.69726,407.31672,273.38054
Argentina,E-Commerce,Heated Tobacco,Value,T3,5,24,2.996000155,376.3856,225.5,150.8856
Colombia,E-Commerce,Heated Tobacco,Premium,T3,3,13,2.996000335,334.4084,333.8333,0.5751
Ecuador,Retail,Heated Tobacco,Premium,T2,3,15,2.997999804,308.833,308.4857,0.3473
Chile,E-Commerce,Heated Tobacco,Core,T3,3,7,2.997999992,457.649,457.1667,0.4823
Peru,Retail,Heated Tobacco,Value,T2,5,15,2.99800068,423.4411,253.6667,169.7744
Barbados,Retail,Heated Tobacco,Value,T2,3,16,2.998000722,210.1456,209.8929,0.2527
South Korea,Key Accounts,Cigarettes,Core,T1,6,18,2.999998707,174.2667,87.1333,87.1334
Peru,Key Accounts,Oral Nicotine,Value,T1,5,18,2.999998881,554.7223,332.8333,221.889
Haiti,Retail,Oral Nicotine,Premium,T2,6,17,2.999999127,623.611,357.8333,265.7777
Argentina,Key Accounts,Oral Nicotine,Core,T1,6,17,2.999999408,1131.5556,401.4333,730.1223
Sweden,Retail,Heated Tobacco,Core,T2,6,28,2.999999453,682.8214,341.4107,341.4107
Portugal,Key Accounts,Cigarettes,Value,T1,6,33,2.999999912,822.3095571,411.1547286,411.1548286
Afghanistan,Key Accounts,Heated Tobacco,Core,T1,3,13,3,337.8,337.8,0
Afghanistan,Key Accounts,Oral Nicotine,Premium,T1,3,16,3,1445.271425,1445.271425,0
Afghanistan,Retail,Cigarettes,Premium,T2,3,18,3,72.61107143,72.61107143,0
Algeria,E-Commerce,Cigarettes,Premium,T3,3,15,3,128.9167,128.9167,0
Algeria,E-Commerce,Heated Tobacco,Core,T3,3,3,3,348,348,0
Algeria,E-Commerce,Heated Tobacco,Premium,T3,3,5,3,951.5,951.5,0
Algeria,E-Commerce,Heated Tobacco,Value,T3,3,15,3,549.5,549.5,0
Angola,E-Commerce,Oral Nicotine,Value,T3,3,4,3,628.5,628.5,0
Angola,Key Accounts,Oral Nicotine,Core,T1,3,3,3,406,406,0
Angola,Retail,Oral Nicotine,Premium,T2,3,8,3,607.75,607.75,0
Austria,E-Commerce,Heated Tobacco,Premium,T3,3,12,3,372.2,372.2,0
Austria,Key Accounts,Oral Nicotine,Premium,T1,3,12,3,263.7333,263.7333,0
Azerbaijan,Key Accounts,Cigarettes,Premium,T1,3,6,3,56.25,56.25,0
Azerbaijan,Key Accounts,Heated Tobacco,Premium,T1,3,4,3,327,327,0
Azerbaijan,Retail,Cigarettes,Premium,T2,3,11,3,114.875,114.875,0
Bangladesh,E-Commerce,Cigarettes,Value,T3,3,8,3,146.6666,146.6666,0
Bangladesh,E-Commerce,Heated Tobacco,Value,T3,3,12,3,715.125,715.125,0
Bangladesh,Retail,Heated Tobacco,Core,T2,3,20,3,451.6667,451.6667,0
Belarus,E-Commerce,Cigarettes,Premium,T3,3,4,3,78.5,78.5,0
Belarus,Key Accounts,Cigarettes,Core,T1,3,8,3,55.75,55.75,0
Belarus,Key Accounts,Cigarettes,Premium,T1,3,16,3,64.77145714,64.77145714,0
Belgium,E-Commerce,Cigarettes,Premium,T3,3,6,3,63,63,0
Belgium,E-Commerce,Heated Tobacco,Premium,T3,3,18,3,380.4047,380.4047,0
Belgium,Key Accounts,Heated Tobacco,Value,T1,3,9,3,428.6,428.6,0
Belgium,Key Accounts,Oral Nicotine,Value,T1,3,14,3,562.6,562.6,0
Belgium,Retail,Heated Tobacco,Core,T2,3,31,3,420.7500235,420.7500235,0
Belgium,Retail,Oral Nicotine,Core,T2,3,11,3,407.2,407.2,0
Belgium,Retail,Oral Nicotine,Value,T2,3,11,3,467.75,467.75,0
Benin,Key Accounts,Cigarettes,Core,T1,3,4,3,95.5,95.5,0
Benin,Retail,Cigarettes,Core,T2,3,6,3,71.75,71.75,0
Bolivia,E-Commerce,Cigarettes,Core,T3,3,12,3,51.29998,51.29998,0
Bosnia and Herzegovina,E-Commerce,Cigarettes,Core,T3,3,18,3,89.66666667,89.66666667,0
Bulgaria,E-Commerce,Cigarettes,Core,T3,3,7,3,383,383,0
Bulgaria,E-Commerce,Heated Tobacco,Core,T3,3,7,3,926.25,926.25,0
Bulgaria,Key Accounts,Cigarettes,Value,T1,3,5,3,97.5,97.5,0
Bulgaria,Retail,Heated Tobacco,Core,T2,3,12,3,693.69998,693.69998,0
Bulgaria,Retail,Oral Nicotine,Value,T2,3,7,3,198.5,198.5,0
Cambodia,Key Accounts,Cigarettes,Core,T1,3,7,3,64.5,64.5,0
Cambodia,Key Accounts,Oral Nicotine,Core,T1,3,13,3,225.7333,225.7333,0
Cambodia,Retail,Cigarettes,Value,T2,3,7,3,52.19998,52.19998,0
Cambodia,Retail,Heated Tobacco,Premium,T2,3,8,3,272,272,0
Cambodia,Retail,Oral Nicotine,Premium,T2,3,25,3,764.6786143,764.6786143,0
Cameroon,E-Commerce,Cigarettes,Core,T3,3,3,3,350,350,0
Cameroon,E-Commerce,Heated Tobacco,Value,T3,3,12,3,678.125,678.125,0
Cameroon,Key Accounts,Heated Tobacco,Value,T1,3,5,3,361,361,0
Canada,E-Commerce,Heated Tobacco,Core,T3,3,14,3,524.3214,524.3214,0
Canada,E-Commerce,Heated Tobacco,Value,T3,3,6,3,587,587,0
Chile,Key Accounts,Heated Tobacco,Value,T1,3,9,3,119.25,119.25,0
Cote d'Ivoire,Retail,Oral Nicotine,Core,T2,3,6,3,336,336,0
Croatia,Key Accounts,Cigarettes,Value,T1,3,8,3,50,50,0
Czech Republic,E-Commerce,Cigarettes,Premium,T3,3,14,3,91.750025,91.750025,0
Czech Republic,Key Accounts,Cigarettes,Core,T1,3,9,3,99.5,99.5,0
Czech Republic,Retail,Heated Tobacco,Core,T2,3,8,3,257.8333,257.8333,0
Democratic Republic of the Congo,E-Commerce,Heated Tobacco,Core,T3,3,3,3,470,470,0
Democratic Republic of the Congo,Key Accounts,Oral Nicotine,Premium,T1,3,7,3,730.25,730.25,0
Ecuador,Key Accounts,Cigarettes,Core,T1,3,9,3,383.6,383.6,0
Ecuador,Key Accounts,Oral Nicotine,Premium,T1,3,7,3,359.8333,359.8333,0
Egypt,E-Commerce,Heated Tobacco,Core,T3,3,7,3,1122,1122,0
Egypt,E-Commerce,Oral Nicotine,Core,T3,3,10,3,752.875,752.875,0
Egypt,Key Accounts,Oral Nicotine,Premium,T1,3,4,3,653,653,0
Estonia,Key Accounts,Cigarettes,Core,T1,3,4,3,259,259,0
Finland,Key Accounts,Cigarettes,Value,T1,3,6,3,145.5,145.5,0
Finland,Retail,Heated Tobacco,Core,T2,3,9,3,425,425,0
Georgia,Key Accounts,Cigarettes,Value,T1,3,6,3,83,83,0
Georgia,Retail,Heated Tobacco,Value,T2,3,12,3,733.1667,733.1667,0
Ghana,E-Commerce,Cigarettes,Value,T3,3,9,3,52.33333333,52.33333333,0
Ghana,E-Commerce,Heated Tobacco,Core,T3,3,3,3,560,560,0
Ghana,E-Commerce,Heated Tobacco,Value,T3,3,21,3,442.7999733,442.7999733,0
Ghana,Key Accounts,Heated Tobacco,Core,T1,3,10,3,388.25,388.25,0
Ghana,Retail,Oral Nicotine,Premium,T2,3,6,3,973.25,973.25,0
Guinea,Retail,Cigarettes,Premium,T2,3,9,3,608.6667,608.6667,0
Guinea,Retail,Cigarettes,Value,T2,3,10,3,147.2142857,147.2142857,0
Hong Kong,Retail,Cigarettes,Core,T2,3,25,3,72.27722955,72.27722955,0
Hungary,E-Commerce,Cigarettes,Core,T3,3,10,3,257.0000333,257.0000333,0
Hungary,E-Commerce,Heated Tobacco,Premium,T3,3,14,3,231.1666,231.1666,0
Hungary,Key Accounts,Cigarettes,Core,T1,3,11,3,66.33331111,66.33331111,0
Hungary,Key Accounts,Cigarettes,Premium,T1,3,8,3,75.6667,75.6667,0
Israel,E-Commerce,Cigarettes,Core,T3,3,20,3,252.75,252.75,0
Israel,Key Accounts,Heated Tobacco,Core,T1,3,4,3,386,386,0
Israel,Key Accounts,Heated Tobacco,Value,T1,3,16,3,328.7857,328.7857,0
Israel,Retail,Heated Tobacco,Value,T2,3,4,3,422.5,422.5,0
Israel,Retail,Oral Nicotine,Value,T2,3,4,3,707,707,0
Jamaica,Key Accounts,Cigarettes,Value,T1,3,6,3,60,60,0
Jamaica,Retail,Cigarettes,Core,T2,3,18,3,45.0389,45.0389,0
Jamaica,Retail,Cigarettes,Value,T2,3,12,3,254.4,254.4,0
Japan,Key Accounts,Heated Tobacco,Premium,T1,3,13,3,332.99995,332.99995,0
Japan,Key Accounts,Oral Nicotine,Premium,T1,3,20,3,384.2857,384.2857,0
Kenya,E-Commerce,Heated Tobacco,Premium,T3,3,3,3,267,267,0
Kyrgyzstan,E-Commerce,Cigarettes,Core,T3,3,8,3,65,65,0
Lesotho,Key Accounts,Heated Tobacco,Value,T1,3,17,3,1067.8333,1067.8333,0
Libya,Key Accounts,Cigarettes,Core,T1,3,4,3,390,390,0
Libya,Retail,Cigarettes,Premium,T2,3,7,3,72.25,72.25,0
Libya,Retail,Heated Tobacco,Value,T2,3,6,3,435.75,435.75,0
Madagascar,Key Accounts,Oral Nicotine,Value,T1,3,5,3,959,959,0
Madagascar,Retail,Heated Tobacco,Core,T2,3,7,3,730,730,0
Madagascar,Retail,Oral Nicotine,Value,T2,3,8,3,420.5,420.5,0
Malaysia,E-Commerce,Cigarettes,Premium,T3,3,13,3,109.3333,109.3333,0
Malaysia,Retail,Oral Nicotine,Premium,T2,3,13,3,579.5667,579.5667,0
Mali,E-Commerce,Cigarettes,Core,T3,3,7,3,94.75,94.75,0
Mali,Key Accounts,Cigarettes,Core,T1,3,4,3,202.5,202.5,0
Mali,Retail,Heated Tobacco,Premium,T2,3,6,3,1200,1200,0
Martinique,Retail,Cigarettes,Premium,T2,3,27,3,51.79166667,51.79166667,0
Mauritania,Retail,Cigarettes,Value,T2,3,5,3,56,56,0
Moldova,E-Commerce,Cigarettes,Premium,T3,3,5,3,51,51,0
Moldova,Retail,Cigarettes,Core,T2,3,6,3,72.83333333,72.83333333,0
Moldova,Retail,Cigarettes,Premium,T2,3,7,3,68.25,68.25,0
Moldova,Retail,Cigarettes,Value,T2,3,14,3,208.3333,208.3333,0
Moldova,Retail,Heated Tobacco,Premium,T2,3,7,3,485.75,485.75,0
Mongolia,Key Accounts,Cigarettes,Core,T1,3,9,3,505.6666667,505.6666667,0
Morocco,E-Commerce,Heated Tobacco,Premium,T3,3,13,3,432.40002,432.40002,0
Morocco,E-Commerce,Oral Nicotine,Core,T3,3,7,3,934,934,0
Morocco,Key Accounts,Oral Nicotine,Premium,T1,3,6,3,1120,1120,0
Mozambique,E-Commerce,Cigarettes,Core,T3,3,5,3,122,122,0
Mozambique,E-Commerce,Cigarettes,Premium,T3,3,7,3,72,72,0
Mozambique,E-Commerce,Cigarettes,Value,T3,3,6,3,69.5,69.5,0
Mozambique,E-Commerce,Heated Tobacco,Core,T3,3,10,3,276.25,276.25,0
Mozambique,E-Commerce,Oral Nicotine,Value,T3,3,8,3,286.25,286.25,0
Mozambique,Key Accounts,Heated Tobacco,Premium,T1,3,6,3,841.5,841.5,0
Mozambique,Retail,Cigarettes,Core,T2,3,5,3,175,175,0
Mozambique,Retail,Heated Tobacco,Value,T2,3,16,3,532.0833,532.0833,0
Nepal,Retail,Cigarettes,Core,T2,3,11,3,60.59998,60.59998,0
Niger,E-Commerce,Cigarettes,Core,T3,3,13,3,90.624975,90.624975,0
Niger,Retail,Cigarettes,Value,T2,3,10,3,53.8333,53.8333,0
Norway,E-Commerce,Cigarettes,Value,T3,3,14,3,115.625,115.625,0
Norway,Key Accounts,Cigarettes,Premium,T1,3,16,3,108.8333333,108.8333333,0
Norway,Key Accounts,Heated Tobacco,Value,T1,3,14,3,558.35,558.35,0
Norway,Retail,Oral Nicotine,Core,T2,3,18,3,297.5714,297.5714,0
Poland,E-Commerce,Cigarettes,Premium,T3,3,8,3,85.3,85.3,0
Poland,E-Commerce,Heated Tobacco,Premium,T3,3,9,3,466,466,0
Poland,Key Accounts,Oral Nicotine,Core,T1,3,13,3,281.25,281.25,0
Poland,Key Accounts,Oral Nicotine,Premium,T1,3,6,3,697.5,697.5,0
Qatar,Retail,Cigarettes,Value,T2,3,4,3,148.5,148.5,0
Romania,Key Accounts,Heated Tobacco,Core,T1,3,7,3,754,754,0
Romania,Key Accounts,Heated Tobacco,Premium,T1,3,20,3,393.125,393.125,0
Romania,Key Accounts,Oral Nicotine,Core,T1,3,3,3,596,596,0
Romania,Key Accounts,Oral Nicotine,Value,T1,3,4,3,550,550,0
Russia,E-Commerce,Heated Tobacco,Premium,T3,3,7,3,971.75,971.75,0
Russia,E-Commerce,Oral Nicotine,Premium,T3,3,12,3,358.25,358.25,0
Russia,Key Accounts,Heated Tobacco,Value,T1,3,7,3,323.75,323.75,0
Rwanda,Key Accounts,Cigarettes,Premium,T1,3,6,3,88,88,0
Rwanda,Retail,Cigarettes,Core,T2,3,14,3,84.91666667,84.91666667,0
Rwanda,Retail,Heated Tobacco,Premium,T2,3,9,3,438.3333,438.3333,0
Saudi Arabia,E-Commerce,Oral Nicotine,Premium,T3,3,10,3,312.6666667,312.6666667,0
Senegal,Key Accounts,Cigarettes,Value,T1,3,5,3,222.5,222.5,0
Senegal,Key Accounts,Heated Tobacco,Premium,T1,3,7,3,437.25,437.25,0
Senegal,Retail,Oral Nicotine,Value,T2,3,5,3,440.5,440.5,0
Singapore,Key Accounts,Oral Nicotine,Core,T1,3,9,3,542.5,542.5,0
Singapore,Retail,Oral Nicotine,Value,T2,3,10,3,324.8333,324.8333,0
Somalia,E-Commerce,Cigarettes,Premium,T3,3,9,3,105.8333,105.8333,0
Somalia,E-Commerce,Cigarettes,Value,T3,3,4,3,85.5,85.5,0
Somalia,Key Accounts,Cigarettes,Value,T1,3,5,3,167.6666667,167.6666667,0
Somalia,Retail,Oral Nicotine,Core,T2,3,3,3,151,151,0
South Africa,E-Commerce,Oral Nicotine,Value,T3,3,17,3,130.1333,130.1333,0
Sudan,Key Accounts,Oral Nicotine,Premium,T1,3,4,3,294.5,294.5,0
Sudan,Retail,Oral Nicotine,Value,T2,3,8,3,879.5,879.5,0
Switzerland,Key Accounts,Heated Tobacco,Core,T1,3,15,3,491.2222,491.2222,0
Switzerland,Retail,Heated Tobacco,Core,T2,3,20,3,431.125,431.125,0
Switzerland,Retail,Heated Tobacco,Premium,T2,3,11,3,566.75,566.75,0
Switzerland,Retail,Oral Nicotine,Core,T2,3,13,3,575.2,575.2,0
Switzerland,Retail,Oral Nicotine,Premium,T2,3,8,3,274,274,0
Tanzania,E-Commerce,Cigarettes,Premium,T3,3,5,3,68,68,0
Togo,Key Accounts,Cigarettes,Premium,T1,3,18,3,99.63461538,99.63461538,0
Togo,Retail,Cigarettes,Premium,T2,3,10,3,114.625,114.625,0
Tunisia,Retail,Cigarettes,Core,T2,3,3,3,75,75,0
Ukraine,E-Commerce,Oral Nicotine,Core,T3,3,8,3,634.75,634.75,0
Ukraine,E-Commerce,Oral Nicotine,Premium,T3,3,7,3,167,167,0
Ukraine,E-Commerce,Oral Nicotine,Value,T3,3,10,3,692.4286,692.4286,0
Uruguay,Retail,Cigarettes,Value,T2,3,8,3,58.25,58.25,0
Uzbekistan,Key Accounts,Cigarettes,Value,T1,3,3,3,44,44,0
Zambia,E-Commerce,Heated Tobacco,Value,T3,3,3,3,629,629,0
Zambia,E-Commerce,Oral Nicotine,Core,T3,3,5,3,406.5,406.5,0
Zambia,Retail,Oral Nicotine,Core,T2,3,5,3,124,124,0
Zambia,Retail,Oral Nicotine,Premium,T2,3,6,3,395.25,395.25,0
Venezuela,E-Commerce,Cigarettes,Value,T3,5,39,3.000000193,245.6714538,147.4028943,98.26855952
Haiti,Key Accounts,Cigarettes,Core,T1,5,12,3.000000684,74.7222,44.83333333,29.88886667
South Korea,Retail,Heated Tobacco,Premium,T2,6,29,3.000001133,1207.1444,603.5723,603.5721
Pakistan,Retail,Heated Tobacco,Value,T2,6,23,3.000001147,522.9444,261.4723,261.4721
South Korea,E-Commerce,Cigarettes,Premium,T3,6,17,3.000001415,130.66665,65.33335,65.3333
Argentina,Key Accounts,Heated Tobacco,Value,T1,5,19,3.000002157,352.0000333,211.2000333,140.8
Pakistan,E-Commerce,Cigarettes,Core,T3,6,30,3.000004415,286.49995,143.25005,143.2499
Sweden,E-Commerce,Cigarettes,Core,T3,6,15,3.000006385,225.6666,112.8334,112.8332
Thailand,Key Accounts,Oral Nicotine,Value,T1,5,27,3.131265779,1055.961461,617.5523786,438.4090821
Pakistan,E-Commerce,Oral Nicotine,Value,T3,4,19,3.199999451,370.2431,296.1944,74.0487
South Korea,Retail,Oral Nicotine,Premium,T2,4,16,3.199999658,770.33335,616.26665,154.0667
Italy,E-Commerce,Heated Tobacco,Core,T3,4,17,3.2,738.9285714,666.1285714,72.8
Syria,Retail,Cigarettes,Value,T2,4,10,3.200000101,297.5833,196.25,101.3333
Vietnam,Key Accounts,Heated Tobacco,Value,T1,5,20,3.238903948,986.0927714,610.6428571,375.4499143
Thailand,E-Commerce,Oral Nicotine,Premium,T3,5,17,3.24999974,1321.8592,808.7778,513.0814
Panama,E-Commerce,Oral Nicotine,Premium,T3,6,22,3.29999889,814.4445,382,432.4445
Venezuela,Retail,Oral Nicotine,Core,T2,6,22,3.299999413,1101.666725,476.500025,625.1667
Nigeria,E-Commerce,Heated Tobacco,Core,T3,11,28,3.299999593,1872.9167,561.875,1311.0417
Venezuela,Retail,Oral Nicotine,Value,T2,6,15,3.300000341,1408.5555,670.4667,738.0888
Peru,Retail,Oral Nicotine,Core,T2,6,28,3.300001209,537.0834,258.9167,278.1667
Myanmar (Burma),Key Accounts,Cigarettes,Value,T1,4,9,3.32000437,76.3052,63.3334,12.9718
Myanmar (Burma),E-Commerce,Cigarettes,Premium,T3,4,16,3.320005643,206.5518429,171.4381286,35.11371429
Thailand,Key Accounts,Heated Tobacco,Value,T1,5,14,3.35000033,1211.8814,910.4333,301.4481
South Korea,E-Commerce,Cigarettes,Value,T3,7,43,3.499998302,805.1429333,402.5713667,402.5715667
South Korea,Key Accounts,Cigarettes,Premium,T1,7,18,3.499998558,340.8667,170.4333,170.4334
Netherlands,E-Commerce,Heated Tobacco,Value,T3,7,35,3.499999703,871.080981,435.5404476,435.5405333
Portugal,Retail,Cigarettes,Premium,T2,7,40,3.499999894,183.5238214,91.76190714,91.76191429
Netherlands,Key Accounts,Heated Tobacco,Premium,T1,7,23,3.5,1259.8,629.9,629.9
Portugal,Retail,Cigarettes,Core,T2,7,38,3.5,491.9571429,245.9785714,245.9785714
South Korea,E-Commerce,Cigarettes,Core,T3,7,32,3.5,594.2,297.1,297.1
South Korea,E-Commerce,Heated Tobacco,Value,T3,7,25,3.5,1046.5,523.25,523.25
Sweden,Retail,Heated Tobacco,Premium,T2,7,19,3.500000493,924.1333,462.0667,462.0666
Netherlands,Key Accounts,Heated Tobacco,Value,T1,7,27,3.50000057,846.7222333,423.3611,423.3611333
Pakistan,E-Commerce,Cigarettes,Value,T3,7,44,3.500002966,522.1318231,261.0659615,261.0658615
Thailand,E-Commerce,Oral Nicotine,Core,T3,5,17,3.550000466,712.6983778,476.2221889,236.4761889
Argentina,Key Accounts,Heated Tobacco,Core,T1,6,15,3.593999352,1216.0536,728.3,487.7536
Venezuela,Retail,Heated Tobacco,Core,T2,6,21,3.593999782,766.0215,458.5,307.5215
Panama,Retail,Heated Tobacco,Premium,T2,6,14,3.595998356,1043.7747,625.5,418.2747
Haiti,Key Accounts,Cigarettes,Premium,T1,6,29,3.599997416,242.2103571,145.3261571,96.8842
Kazakhstan,Retail,Cigarettes,Premium,T2,12,40,3.599997873,898.7501167,269.625,629.1251167
Argentina,E-Commerce,Oral Nicotine,Value,T3,7,29,3.599998866,993.4841,434.6738,558.8103
Argentina,E-Commerce,Heated Tobacco,Core,T3,6,28,3.599999094,830.5186333,498.3111,332.2075333
Spain,E-Commerce,Oral Nicotine,Core,T3,4,13,3.6,243.375,215.375,28
Argentina,E-Commerce,Cigarettes,Core,T3,7,33,3.600000914,86.70506154,48.22307692,38.48198462
Panama,Retail,Oral Nicotine,Premium,T2,6,53,3.600002028,432.7301,259.6381,173.092
Venezuela,E-Commerce,Cigarettes,Core,T3,6,36,3.600003799,98.75006571,59.25007,39.49999571
Venezuela,E-Commerce,Cigarettes,Premium,T3,6,37,3.6000058,124.7712,74.8627,49.9085
Thailand,Key Accounts,Heated Tobacco,Premium,T1,5,26,3.630742727,1777.928911,1415.055478,362.8734333
Myanmar (Burma),Retail,Heated Tobacco,Core,T2,5,36,3.651626868,637.2658633,468.6443967,168.6214667
Vietnam,E-Commerce,Heated Tobacco,Premium,T3,5,41,3.694308447,569.2685143,411.4047429,157.8637714
Spain,E-Commerce,Heated Tobacco,Value,T3,4,24,3.700000424,1454.9352,1347.2917,107.6435
Myanmar (Burma),Key Accounts,Oral Nicotine,Value,T1,6,27,3.779998404,948.4991,447.9856667,500.5134333
Ecuador,Retail,Oral Nicotine,Core,T2,4,10,3.8,383.9583,341.3333,42.625
Vietnam,Key Accounts,Heated Tobacco,Premium,T1,5,18,3.850000781,580.8144,470.4722,110.3422
Myanmar (Burma),Key Accounts,Oral Nicotine,Premium,T1,6,34,3.880000354,1595.57586,977.42374,618.15212
Nigeria,Key Accounts,Oral Nicotine,Premium,T1,13,54,3.9000001,1991.388933,597.4167,1393.972233
Argentina,E-Commerce,Cigarettes,Value,T3,7,34,3.900002398,149.7778,88.8667,60.9111
Vietnam,Key Accounts,Heated Tobacco,Core,T1,5,11,3.949999272,516.8484,405.3333,111.5151
El Salvador,E-Commerce,Heated Tobacco,Premium,T3,4,15,3.99600035,424.3808,423.6786,0.7022
Chile,Retail,Heated Tobacco,Value,T2,4,15,3.997999849,448.6867,448.3333,0.3534
Sweden,E-Commerce,Cigarettes,Value,T3,8,62,3.999996933,289.1945034,144.5971966,144.5973069
Portugal,Retail,Cigarettes,Value,T2,8,45,3.999997823,236.2905113,118.145203,118.1453083
South Korea,E-Commerce,Oral Nicotine,Premium,T3,5,25,3.9999993,480.1339,384.1071,96.0268
Afghanistan,Key Accounts,Cigarettes,Premium,T1,4,21,4,111.0714125,111.0714125,0
Algeria,Key Accounts,Heated Tobacco,Core,T1,4,4,4,455,455,0
Angola,Key Accounts,Cigarettes,Core,T1,4,7,4,207,207,0
Angola,Key Accounts,Cigarettes,Premium,T1,4,14,4,46.65,46.65,0
Angola,Retail,Heated Tobacco,Core,T2,4,5,4,1312.5,1312.5,0
Angola,Retail,Heated Tobacco,Value,T2,4,17,4,955.7500333,955.7500333,0
Angola,Retail,Oral Nicotine,Core,T2,4,11,4,585.75,585.75,0
Angola,Retail,Oral Nicotine,Value,T2,4,9,4,819.1667,819.1667,0
Austria,E-Commerce,Heated Tobacco,Value,T3,4,13,4,701.6666,701.6666,0
Austria,E-Commerce,Oral Nicotine,Premium,T3,4,15,4,715.125,715.125,0
Azerbaijan,Key Accounts,Cigarettes,Core,T1,4,10,4,166.25,166.25,0
Azerbaijan,Retail,Cigarettes,Core,T2,4,7,4,145.5,145.5,0
Bangladesh,E-Commerce,Oral Nicotine,Premium,T3,4,17,4,509.7,509.7,0
Bangladesh,Key Accounts,Cigarettes,Premium,T1,4,27,4,105.5555556,105.5555556,0
Bangladesh,Key Accounts,Oral Nicotine,Premium,T1,4,13,4,520.8333,520.8333,0
Bangladesh,Retail,Heated Tobacco,Premium,T2,4,20,4,1023.6786,1023.6786,0
Bangladesh,Retail,Oral Nicotine,Core,T2,4,14,4,564.0833,564.0833,0
Barbados,Retail,Cigarettes,Premium,T2,4,8,4,77.75,77.75,0
Belarus,E-Commerce,Cigarettes,Value,T3,4,8,4,64,64,0
Belarus,Retail,Heated Tobacco,Core,T2,4,8,4,1281.833333,1281.833333,0
Benin,Key Accounts,Cigarettes,Premium,T1,4,11,4,167.25,167.25,0
Bolivia,Retail,Oral Nicotine,Premium,T2,4,18,4,241.4286,241.4286,0
Bulgaria,Retail,Heated Tobacco,Premium,T2,4,8,4,1092.25,1092.25,0
Cambodia,Retail,Cigarettes,Premium,T2,4,15,4,48.5001,48.5001,0
Cameroon,Key Accounts,Cigarettes,Core,T1,4,9,4,397.3,397.3,0
Cameroon,Key Accounts,Heated Tobacco,Core,T1,4,10,4,342.6666667,342.6666667,0
Cameroon,Retail,Heated Tobacco,Core,T2,4,11,4,587.8333333,587.8333333,0
Canada,Key Accounts,Oral Nicotine,Core,T1,4,6,4,402.5,402.5,0
Chile,Key Accounts,Oral Nicotine,Core,T1,4,17,4,514.0454545,514.0454545,0
Colombia,E-Commerce,Oral Nicotine,Premium,T3,4,17,4,770.4445,770.4445,0
Colombia,Key Accounts,Oral Nicotine,Value,T1,4,7,4,180,180,0
Croatia,Key Accounts,Cigarettes,Premium,T1,4,13,4,140.1111111,140.1111111,0
Croatia,Retail,Cigarettes,Core,T2,4,11,4,131.5,131.5,0
Croatia,Retail,Cigarettes,Premium,T2,4,25,4,127.0001,127.0001,0
Czech Republic,Retail,Cigarettes,Core,T2,4,8,4,150,150,0
Democratic Republic of the Congo,E-Commerce,Oral Nicotine,Premium,T3,4,8,4,1201,1201,0
Ecuador,Key Accounts,Cigarettes,Value,T1,4,21,4,34.462,34.462,0
Egypt,E-Commerce,Oral Nicotine,Premium,T3,4,8,4,284.75,284.75,0
Egypt,Key Accounts,Oral Nicotine,Value,T1,4,6,4,868,868,0
Estonia,Key Accounts,Oral Nicotine,Value,T1,4,9,4,632.5,632.5,0
Finland,Key Accounts,Oral Nicotine,Value,T1,4,14,4,451.9333,451.9333,0
Finland,Retail,Heated Tobacco,Premium,T2,4,12,4,749.75,749.75,0
Finland,Retail,Oral Nicotine,Premium,T2,4,15,4,846.5,846.5,0
Georgia,Key Accounts,Cigarettes,Premium,T1,4,19,4,161.8333,161.8333,0
Ghana,Key Accounts,Oral Nicotine,Core,T1,4,5,4,390.5,390.5,0
Ghana,Retail,Heated Tobacco,Premium,T2,4,12,4,792.3333333,792.3333333,0
Ghana,Retail,Heated Tobacco,Value,T2,4,8,4,1120,1120,0
Hungary,Key Accounts,Cigarettes,Value,T1,4,8,4,69,69,0
Iran,E-Commerce,Oral Nicotine,Premium,T3,4,5,4,469.5,469.5,0
Iraq,E-Commerce,Oral Nicotine,Value,T3,4,7,4,426.25,426.25,0
Iraq,Key Accounts,Oral Nicotine,Value,T1,4,4,4,600,600,0
Israel,E-Commerce,Cigarettes,Value,T3,4,8,4,71.25,71.25,0
Israel,Retail,Heated Tobacco,Premium,T2,4,5,4,761.5,761.5,0
Israel,Retail,Oral Nicotine,Premium,T2,4,8,4,745.75,745.75,0
Jordan,Key Accounts,Cigarettes,Value,T1,4,10,4,155.7,155.7,0
Jordan,Retail,Cigarettes,Value,T2,4,14,4,205.625,205.625,0
Kenya,E-Commerce,Cigarettes,Core,T3,4,5,4,271.5,271.5,0
Kenya,Key Accounts,Cigarettes,Value,T1,4,6,4,90,90,0
Kenya,Retail,Oral Nicotine,Core,T2,4,14,4,236.3333,236.3333,0
Libya,Key Accounts,Cigarettes,Value,T1,4,26,4,79.73330667,79.73330667,0
Libya,Retail,Cigarettes,Core,T2,4,12,4,128.3333,128.3333,0
Malaysia,Key Accounts,Cigarettes,Value,T1,4,16,4,116.9166333,116.9166333,0
Malaysia,Key Accounts,Heated Tobacco,Core,T1,4,16,4,320.4999667,320.4999667,0
Moldova,Key Accounts,Cigarettes,Core,T1,4,10,4,233.5,233.5,0
Mongolia,Key Accounts,Cigarettes,Premium,T1,4,18,4,284.1547333,284.1547333,0
Morocco,E-Commerce,Heated Tobacco,Core,T3,4,10,4,970.25,970.25,0
Morocco,E-Commerce,Oral Nicotine,Value,T3,4,8,4,1197,1197,0
Morocco,Key Accounts,Oral Nicotine,Core,T1,4,5,4,559.5,559.5,0
Mozambique,Key Accounts,Cigarettes,Premium,T1,4,21,4,68.98330667,68.98330667,0
Mozambique,Retail,Oral Nicotine,Value,T2,4,9,4,1101.25,1101.25,0
Niger,Retail,Cigarettes,Premium,T2,4,4,4,154,154,0
Norway,Key Accounts,Cigarettes,Value,T1,4,13,4,144.4167,144.4167,0
Norway,Key Accounts,Heated Tobacco,Core,T1,4,17,4,820.7,820.7,0
Norway,Retail,Cigarettes,Core,T2,4,20,4,87.0278,87.0278,0
Poland,E-Commerce,Oral Nicotine,Core,T3,4,6,4,246.5,246.5,0
Poland,E-Commerce,Oral Nicotine,Premium,T3,4,19,4,630.9683048,630.9683048,0
Poland,Key Accounts,Heated Tobacco,Core,T1,4,8,4,1092,1092,0
Romania,E-Commerce,Oral Nicotine,Premium,T3,4,15,4,437.25,437.25,0
Romania,Retail,Heated Tobacco,Core,T2,4,7,4,549.5,549.5,0
Romania,Retail,Oral Nicotine,Premium,T2,4,8,4,450,450,0
Russia,E-Commerce,Oral Nicotine,Value,T3,4,12,4,1652.875,1652.875,0
Rwanda,Key Accounts,Cigarettes,Core,T1,4,21,4,137.75,137.75,0
Rwanda,Retail,Cigarettes,Value,T2,4,8,4,277.75,277.75,0
Saudi Arabia,E-Commerce,Heated Tobacco,Core,T3,4,9,4,736.3333,736.3333,0
Saudi Arabia,E-Commerce,Oral Nicotine,Core,T3,4,14,4,736.4167,736.4167,0
Saudi Arabia,Key Accounts,Heated Tobacco,Value,T1,4,10,4,1092,1092,0
Senegal,E-Commerce,Cigarettes,Value,T3,4,8,4,63.25,63.25,0
Senegal,Retail,Oral Nicotine,Premium,T2,4,7,4,424.6666667,424.6666667,0
Singapore,E-Commerce,Cigarettes,Core,T3,4,24,4,214.7038462,214.7038462,0
Somalia,Retail,Cigarettes,Premium,T2,4,8,4,78.66666667,78.66666667,0
Somalia,Retail,Cigarettes,Value,T2,4,10,4,72.66666667,72.66666667,0
South Africa,E-Commerce,Heated Tobacco,Value,T3,4,17,4,680.0000667,680.0000667,0
Sudan,E-Commerce,Cigarettes,Value,T3,4,11,4,50.75,50.75,0
Sudan,Retail,Heated Tobacco,Core,T2,4,12,4,570.25,570.25,0
Sudan,Retail,Heated Tobacco,Value,T2,4,9,4,532.6,532.6,0
Sudan,Retail,Oral Nicotine,Premium,T2,4,8,4,645.5,645.5,0
Switzerland,Key Accounts,Cigarettes,Core,T1,4,11,4,95.5,95.5,0
Switzerland,Key Accounts,Cigarettes,Value,T1,4,17,4,177.047619,177.047619,0
Togo,Key Accounts,Cigarettes,Core,T1,4,7,4,110.3333333,110.3333333,0
Trinidad and Tobago,Key Accounts,Cigarettes,Value,T1,4,24,4,107.2441,107.2441,0
Tunisia,Retail,Cigarettes,Value,T2,4,8,4,274.25,274.25,0
Ukraine,E-Commerce,Heated Tobacco,Value,T3,4,4,4,702,702,0
Ukraine,Key Accounts,Heated Tobacco,Core,T1,4,9,4,916,916,0
Ukraine,Key Accounts,Oral Nicotine,Core,T1,4,14,4,367.7499714,367.7499714,0
Uruguay,Retail,Cigarettes,Core,T2,4,29,4,160.0222389,160.0222389,0
Uzbekistan,Retail,Cigarettes,Premium,T2,4,11,4,88.875,88.875,0
Uzbekistan,Retail,Heated Tobacco,Core,T2,4,17,4,503.7143,503.7143,0
Zambia,E-Commerce,Cigarettes,Premium,T3,4,6,4,257.5,257.5,0
Zambia,Key Accounts,Cigarettes,Premium,T1,4,8,4,578.25,578.25,0
Denmark,Retail,Cigarettes,Core,T2,8,33,4.000000058,527.6666222,263.8333778,263.8332444
Pakistan,Key Accounts,Heated Tobacco,Value,T1,8,35,4.000000589,1533.040433,766.5202667,766.5201667
Pakistan,E-Commerce,Cigarettes,Premium,T3,8,46,4.000004684,214.0999917,107.0500167,107.049975
Vietnam,Key Accounts,Oral Nicotine,Value,T1,6,21,4.079999432,637.9521,414.75,223.2021
Vietnam,Retail,Heated Tobacco,Premium,T2,6,18,4.080000115,759.5244,498.2667,261.2577
Myanmar (Burma),Retail,Oral Nicotine,Premium,T2,6,30,4.080000692,1136.71602,749.91902,386.797
Myanmar (Burma),Key Accounts,Cigarettes,Core,T1,5,24,4.149998558,155.522125,129.0833,26.438825
Vietnam,E-Commerce,Cigarettes,Value,T3,5,15,4.150001676,167.5702,139.0833,28.4869
Haiti,Retail,Cigarettes,Premium,T2,7,44,4.199997983,150.8786768,90.52721158,60.35146526
Peru,Key Accounts,Cigarettes,Value,T1,7,32,4.19999961,255.5794,153.3476067,102.2317933
Panama,Key Accounts,Oral Nicotine,Core,T1,7,27,4.20000221,934.7221667,560.8334,373.8887667
Venezuela,Key Accounts,Cigarettes,Core,T1,7,26,4.200013576,150.7221667,90.4334,60.28876667
Peru,E-Commerce,Cigarettes,Value,T3,7,34,4.200013705,111.2303,66.73823333,44.49206667
Netherlands,E-Commerce,Oral Nicotine,Premium,T3,7,31,4.298538231,514.0268286,289.2857143,224.7411143
Dominican Republic,E-Commerce,Heated Tobacco,Core,T3,6,31,4.315642166,601.299225,402.158325,199.1409
Spain,E-Commerce,Oral Nicotine,Value,T3,6,17,4.399999937,968.8333,555.5833,413.25
Pakistan,Retail,Oral Nicotine,Value,T2,7,25,4.400000043,2005.011933,1133.759567,871.2523667
New Zealand,E-Commerce,Heated Tobacco,Core,T3,6,20,4.400000217,833.8333,644.5,189.3333
Dominican Republic,E-Commerce,Oral Nicotine,Premium,T3,8,31,4.499999848,1257.1157,644.5444,612.5713
Nigeria,Key Accounts,Oral Nicotine,Value,T1,15,31,4.500000385,2207.777667,662.3333333,1545.444333
Sweden,Key Accounts,Cigarettes,Premium,T1,9,48,4.500000431,236.9333143,118.4666857,118.4666286
Tanzania,Retail,Heated Tobacco,Premium,T2,5,7,4.700000084,1483.1111,1354,129.1111
Philippines,Key Accounts,Heated Tobacco,Core,T1,7,40,4.768156145,1148.86515,771.516675,377.348475
Thailand,E-Commerce,Cigarettes,Premium,T3,9,33,4.769997982,245.2605625,129.9880875,115.272475
Argentina,Key Accounts,Heated Tobacco,Premium,T1,8,30,4.794584576,1148.466233,688.5047333,459.9615
Honduras,E-Commerce,Heated Tobacco,Value,T3,8,27,4.796000243,975.857,584.75,391.107
Panama,E-Commerce,Heated Tobacco,Value,T3,8,30,4.797999964,633.3093,379.825,253.4843
Haiti,Key Accounts,Cigarettes,Value,T1,8,40,4.799993544,142.8182182,85.69091818,57.1273
Haiti,Retail,Cigarettes,Core,T2,8,57,4.799999138,285.7349927,171.4410463,114.2939464
Italy,E-Commerce,Oral Nicotine,Value,T3,6,35,4.8,890.3839,783.8464,106.5375
Turkey,E-Commerce,Heated Tobacco,Value,T3,12,30,4.800000306,1488.333367,595.3333667,893
Argentina,Retail,Heated Tobacco,Premium,T2,8,25,4.80000033,494.3332,296.6,197.7332
Pakistan,Key Accounts,Oral Nicotine,Premium,T1,6,19,4.800000791,1056.0416,844.8334,211.2082
Honduras,E-Commerce,Oral Nicotine,Core,T3,8,24,4.800001292,632.5926,379.5556,253.037
Panama,Key Accounts,Heated Tobacco,Core,T1,8,25,4.800002707,387.2777,232.3667,154.911
Venezuela,Key Accounts,Cigarettes,Premium,T1,8,71,4.800015191,186.2137778,111.7284229,74.48535493
Nicaragua,E-Commerce,Heated Tobacco,Core,T3,5,18,4.994000006,757.6376,756.5,1.1376
Nicaragua,E-Commerce,Heated Tobacco,Premium,T3,5,30,4.996307128,735.6712838,734.8952171,0.776066667
Ireland,Retail,Cigarettes,Value,T2,10,57,4.999994201,544.1615773,272.0806887,272.0808887
Pakistan,Key Accounts,Oral Nicotine,Core,T1,7,25,4.999997724,874.1786,498.3429,375.8357
Netherlands,Retail,Heated Tobacco,Value,T2,10,47,4.999998601,1806.462014,903.2308571,903.2311571
Pakistan,Retail,Heated Tobacco,Core,T2,10,45,4.999999823,1981.4966,990.7483,990.7483
Afghanistan,Key Accounts,Cigarettes,Core,T1,5,25,5,165.8111,165.8111,0
Algeria,Key Accounts,Heated Tobacco,Value,T1,5,17,5,937.0833,937.0833,0
Algeria,Retail,Heated Tobacco,Value,T2,5,6,5,1175.5,1175.5,0
Algeria,Retail,Oral Nicotine,Core,T2,5,13,5,756.25,756.25,0
Algeria,Retail,Oral Nicotine,Premium,T2,5,5,5,690,690,0
Angola,E-Commerce,Cigarettes,Value,T3,5,29,5,67.4404,67.4404,0
Austria,E-Commerce,Heated Tobacco,Core,T3,5,12,5,1041.1667,1041.1667,0
Bangladesh,Key Accounts,Heated Tobacco,Value,T1,5,40,5,1209.958314,1209.958314,0
Bangladesh,Key Accounts,Oral Nicotine,Value,T1,5,38,5,1208.344407,1208.344407,0
Belgium,E-Commerce,Cigarettes,Core,T3,5,31,5,410.6071629,410.6071629,0
Belgium,Key Accounts,Oral Nicotine,Core,T1,5,15,5,465.8,465.8,0
Belgium,Key Accounts,Oral Nicotine,Premium,T1,5,13,5,765.8667,765.8667,0
Benin,Retail,Cigarettes,Premium,T2,5,8,5,337.5,337.5,0
Bolivia,Retail,Cigarettes,Core,T2,5,16,5,212.5,212.5,0
Bolivia,Retail,Cigarettes,Premium,T2,5,30,5,90.30962222,90.30962222,0
Bolivia,Retail,Cigarettes,Value,T2,5,10,5,75.5,75.5,0
Cambodia,Retail,Cigarettes,Core,T2,5,20,5,584.5151,584.5151,0
Cameroon,E-Commerce,Cigarettes,Premium,T3,5,13,5,312.1667,312.1667,0
Cameroon,Retail,Heated Tobacco,Premium,T2,5,9,5,884.5,884.5,0
Cameroon,Retail,Oral Nicotine,Core,T2,5,21,5,396.5,396.5,0
Canada,E-Commerce,Heated Tobacco,Premium,T3,5,15,5,1048.428571,1048.428571,0
Canada,Key Accounts,Heated Tobacco,Premium,T1,5,13,5,812.3333333,812.3333333,0
Canada,Key Accounts,Heated Tobacco,Value,T1,5,11,5,947.8333333,947.8333333,0
Canada,Retail,Oral Nicotine,Premium,T2,5,9,5,354,354,0
Chile,E-Commerce,Cigarettes,Premium,T3,5,16,5,87.9881,87.9881,0
Chile,Retail,Oral Nicotine,Premium,T2,5,21,5,418.0476,418.0476,0
Colombia,E-Commerce,Oral Nicotine,Value,T3,5,19,5,937,937,0
Cote d'Ivoire,E-Commerce,Cigarettes,Core,T3,5,9,5,284.5,284.5,0
Cote d'Ivoire,Retail,Heated Tobacco,Core,T2,5,15,5,1609.8333,1609.8333,0
Cote d'Ivoire,Retail,Heated Tobacco,Value,T2,5,7,5,627,627,0
Czech Republic,Key Accounts,Cigarettes,Premium,T1,5,10,5,150.25,150.25,0
Czech Republic,Key Accounts,Cigarettes,Value,T1,5,14,5,174.25,174.25,0
Democratic Republic of the Congo,E-Commerce,Heated Tobacco,Premium,T3,5,9,5,917.5,917.5,0
Democratic Republic of the Congo,E-Commerce,Heated Tobacco,Value,T3,5,14,5,669.25,669.25,0
Democratic Republic of the Congo,E-Commerce,Oral Nicotine,Value,T3,5,12,5,815,815,0
Ecuador,Retail,Cigarettes,Core,T2,5,23,5,81.499975,81.499975,0
Egypt,Key Accounts,Heated Tobacco,Value,T1,5,9,5,750,750,0
Georgia,Retail,Cigarettes,Premium,T2,5,17,5,157.375,157.375,0
Georgia,Retail,Cigarettes,Value,T2,5,11,5,182.8571429,182.8571429,0
Ghana,E-Commerce,Cigarettes,Core,T3,5,16,5,75.8333,75.8333,0
Ghana,Key Accounts,Cigarettes,Premium,T1,5,7,5,125,125,0
Ghana,Retail,Heated Tobacco,Core,T2,5,22,5,921.8333667,921.8333667,0
Iran,E-Commerce,Oral Nicotine,Core,T3,5,14,5,940.5,940.5,0
Iraq,E-Commerce,Oral Nicotine,Core,T3,5,8,5,564.5,564.5,0
Israel,Key Accounts,Cigarettes,Premium,T1,5,9,5,815.5,815.5,0
Israel,Key Accounts,Heated Tobacco,Premium,T1,5,16,5,862,862,0
Japan,E-Commerce,Cigarettes,Value,T3,5,20,5,628.4643,628.4643,0
Japan,Key Accounts,Heated Tobacco,Core,T1,5,39,5,1130.5584,1130.5584,0
Japan,Retail,Oral Nicotine,Premium,T2,5,27,5,792.2639,792.2639,0
Kenya,E-Commerce,Cigarettes,Value,T3,5,36,5,289.05,289.05,0
Kyrgyzstan,Retail,Cigarettes,Core,T2,5,5,5,141,141,0
Madagascar,Key Accounts,Cigarettes,Value,T1,5,15,5,123,123,0
Madagascar,Retail,Cigarettes,Core,T2,5,23,5,315,315,0
Madagascar,Retail,Cigarettes,Premium,T2,5,17,5,94.91666667,94.91666667,0
Madagascar,Retail,Cigarettes,Value,T2,5,10,5,649.5833333,649.5833333,0
Malaysia,E-Commerce,Heated Tobacco,Core,T3,5,19,5,955.3,955.3,0
Malaysia,E-Commerce,Heated Tobacco,Premium,T3,5,15,5,813.6667,813.6667,0
Malaysia,Key Accounts,Heated Tobacco,Premium,T1,5,18,5,845.5333,845.5333,0
Malaysia,Key Accounts,Oral Nicotine,Premium,T1,5,26,5,450.7334,450.7334,0
Malaysia,Key Accounts,Oral Nicotine,Value,T1,5,16,5,981.3334,981.3334,0
Mali,Retail,Cigarettes,Core,T2,5,15,5,98.83333333,98.83333333,0
Morocco,E-Commerce,Heated Tobacco,Value,T3,5,16,5,997.5,997.5,0
Mozambique,Key Accounts,Cigarettes,Value,T1,5,12,5,614.25,614.25,0
Mozambique,Retail,Oral Nicotine,Premium,T2,5,16,5,935.9167,935.9167,0
Niger,Retail,Cigarettes,Core,T2,5,18,5,185.95,185.95,0
Norway,Key Accounts,Cigarettes,Core,T1,5,18,5,390.5833,390.5833,0
Norway,Retail,Heated Tobacco,Value,T2,5,13,5,287.3333,287.3333,0
Poland,E-Commerce,Heated Tobacco,Core,T3,5,17,5,444.5,444.5,0
Poland,E-Commerce,Heated Tobacco,Value,T3,5,5,5,764,764,0
Poland,Key Accounts,Oral Nicotine,Value,T1,5,12,5,845.5,845.5,0
Poland,Retail,Oral Nicotine,Value,T2,5,8,5,614.5,614.5,0
Romania,E-Commerce,Cigarettes,Core,T3,5,15,5,491.8333333,491.8333333,0
Romania,E-Commerce,Cigarettes,Value,T3,5,17,5,336.9166667,336.9166667,0
Romania,Key Accounts,Oral Nicotine,Premium,T1,5,13,5,1142.142857,1142.142857,0
Romania,Retail,Heated Tobacco,Value,T2,5,9,5,1017.75,1017.75,0
Saudi Arabia,Key Accounts,Oral Nicotine,Premium,T1,5,9,5,1499.75,1499.75,0
Senegal,Key Accounts,Cigarettes,Premium,T1,5,16,5,291.25,291.25,0
Senegal,Retail,Heated Tobacco,Core,T2,5,9,5,766.6666667,766.6666667,0
Senegal,Retail,Heated Tobacco,Premium,T2,5,15,5,848.875,848.875,0
Singapore,E-Commerce,Cigarettes,Premium,T3,5,19,5,288,288,0
Singapore,E-Commerce,Cigarettes,Value,T3,5,23,5,280.2143,280.2143,0
Singapore,Key Accounts,Cigarettes,Core,T1,5,17,5,281.00002,281.00002,0
Somalia,E-Commerce,Cigarettes,Core,T3,5,16,5,121.9444444,121.9444444,0
South Africa,E-Commerce,Oral Nicotine,Premium,T3,5,11,5,708,708,0
Togo,Key Accounts,Cigarettes,Value,T1,5,16,5,252.5,252.5,0
Ukraine,Key Accounts,Heated Tobacco,Value,T1,5,10,5,1021,1021,0
Ukraine,Key Accounts,Oral Nicotine,Value,T1,5,22,5,1517.25,1517.25,0
Uzbekistan,Retail,Cigarettes,Value,T2,5,19,5,842.4222222,842.4222222,0
Zambia,Retail,Heated Tobacco,Premium,T2,5,16,5,968.125,968.125,0
Zambia,Retail,Oral Nicotine,Value,T2,5,21,5,905.1666,905.1666,0
Nigeria,Key Accounts,Heated Tobacco,Premium,T1,17,63,5.099999273,3038.822978,911.6468399,2127.176138
Peru,Retail,Oral Nicotine,Premium,T2,9,33,5.100002175,1036.0278,515.1167,520.9111
Italy,E-Commerce,Oral Nicotine,Core,T3,8,34,5.180204489,1091.916633,768.0166333,323.9
Thailand,Retail,Oral Nicotine,Premium,T2,8,35,5.30321603,1272.783928,802.3749306,470.4089972
Dominican Republic,E-Commerce,Heated Tobacco,Premium,T3,8,34,5.393999658,1039.6237,773.9083,265.7154
Peru,Key Accounts,Cigarettes,Premium,T1,9,50,5.399999497,137.4841829,82.49046571,54.99371714
Philippines,E-Commerce,Heated Tobacco,Premium,T3,8,52,5.400000483,1298.49343,896.81908,401.67435
Nigeria,Retail,Oral Nicotine,Premium,T2,18,45,5.400000517,3657.111067,1097.133367,2559.9777
Nigeria,Key Accounts,Heated Tobacco,Value,T1,18,57,5.400000592,2609.861208,782.9583667,1826.902842
Honduras,E-Commerce,Oral Nicotine,Value,T3,9,41,5.40000281,689.4999,413.6999667,275.7999333
Venezuela,Key Accounts,Cigarettes,Value,T1,9,43,5.400005182,348.4735,209.08415,139.38935
Netherlands,E-Commerce,Cigarettes,Core,T3,11,71,5.499997327,363.6097689,181.8048094,181.8049594
Japan,Retail,Heated Tobacco,Premium,T2,6,34,5.499998741,939.0239,919.1667,19.8572
Japan,E-Commerce,Cigarettes,Core,T3,6,29,5.5,483.45,344.45,139
Ireland,Retail,Cigarettes,Core,T2,11,66,5.500001004,383.9706826,191.9853613,191.9853213
Ireland,Retail,Cigarettes,Premium,T2,11,52,5.500008663,292.9721462,146.4861385,146.4860077
Vietnam,E-Commerce,Oral Nicotine,Core,T3,8,24,5.539996297,1320.6141,687.0714,633.5427
Thailand,E-Commerce,Cigarettes,Core,T3,10,40,5.599997075,264.0901,155.2689,108.8212
Turkey,E-Commerce,Heated Tobacco,Core,T3,14,36,5.600000031,2700.505986,1080.202414,1620.303571
Philippines,E-Commerce,Heated Tobacco,Value,T3,8,27,5.624887032,1196.242786,847.7761571,348.4666286
Nigeria,Retail,Oral Nicotine,Value,T2,19,29,5.699999466,3010.8335,903.25,2107.5835
Nigeria,Key Accounts,Heated Tobacco,Core,T1,19,39,5.700000767,4540.99989,1362.3,3178.69989
Argentina,Key Accounts,Oral Nicotine,Premium,T1,10,51,5.753323523,887.4431857,473.323,414.1201857
Pakistan,Retail,Oral Nicotine,Premium,T2,8,35,5.799996027,1415.347278,812.7777222,602.5695556
New Zealand,E-Commerce,Heated Tobacco,Value,T3,7,31,5.799998305,2268.514,1965.9583,302.5557
El Salvador,E-Commerce,Oral Nicotine,Core,T3,6,33,5.799999818,708.616675,642.783275,65.8334
Myanmar (Burma),Retail,Cigarettes,Core,T2,7,25,5.809999308,166.0068,137.7857,28.2211
Panama,Key Accounts,Oral Nicotine,Premium,T1,10,53,5.816625691,1206.40866,655.4453,550.96336
Tanzania,E-Commerce,Cigarettes,Core,T3,6,25,5.914811052,143.9404857,139.75,4.190485714
Colombia,Key Accounts,Heated Tobacco,Premium,T1,6,17,5.992000603,1008.8409,1007.4,1.4409
Colombia,Key Accounts,Heated Tobacco,Core,T1,6,16,5.99290088,406.6768,405.99998,0.67682
El Salvador,E-Commerce,Heated Tobacco,Value,T3,6,29,5.994000642,605.98775,605.24285,0.7449
El Salvador,E-Commerce,Heated Tobacco,Core,T3,6,19,5.996000355,550.09386,549.35002,0.74384
Honduras,Key Accounts,Heated Tobacco,Value,T1,10,25,5.996000996,567.7463,340.1333,227.613
Pakistan,Key Accounts,Cigarettes,Premium,T1,12,56,5.99999438,503.55474,251.77737,251.77737
Panama,E-Commerce,Cigarettes,Core,T3,10,25,5.999994418,106.3889,63.8333,42.5556
South Korea,Retail,Cigarettes,Premium,T2,12,56,5.999997455,557.15,278.575,278.575
Honduras,E-Commerce,Oral Nicotine,Premium,T3,10,29,5.999998415,660.000025,396,264.000025
Panama,Key Accounts,Oral Nicotine,Value,T1,10,39,5.999999186,1159.907478,695.9444778,463.963
Nigeria,Retail,Heated Tobacco,Value,T2,20,57,5.99999942,3186.52787,955.9583,2230.56957
Turkey,Key Accounts,Oral Nicotine,Value,T1,15,33,5.999999945,3152.2083,1260.8833,1891.325
Afghanistan,Key Accounts,Cigarettes,Value,T1,6,33,6,112.7500286,112.7500286,0
Algeria,Retail,Heated Tobacco,Premium,T2,6,14,6,1152.6667,1152.6667,0
Austria,Key Accounts,Heated Tobacco,Core,T1,6,19,6,850.1666,850.1666,0
Bangladesh,Retail,Oral Nicotine,Premium,T2,6,24,6,1036.575,1036.575,0
Benin,Key Accounts,Cigarettes,Value,T1,6,12,6,152.3333,152.3333,0
Bulgaria,Retail,Oral Nicotine,Premium,T2,6,15,6,762.3333,762.3333,0
Canada,Key Accounts,Heated Tobacco,Core,T1,6,12,6,1259.5,1259.5,0
Chile,E-Commerce,Cigarettes,Core,T3,6,32,6,250.1905,250.1905,0
Chile,Retail,Heated Tobacco,Core,T2,6,16,6,524.1,524.1,0
Cote d'Ivoire,E-Commerce,Cigarettes,Premium,T3,6,29,6,206.525,206.525,0
Cote d'Ivoire,Key Accounts,Cigarettes,Premium,T1,6,17,6,160.8095238,160.8095238,0
Cote d'Ivoire,Retail,Cigarettes,Value,T2,6,22,6,113.0416667,113.0416667,0
Cote d'Ivoire,Retail,Oral Nicotine,Value,T2,6,15,6,1061.5,1061.5,0
Cuba,E-Commerce,Heated Tobacco,Premium,T3,6,20,6,562.1666,562.1666,0
Czech Republic,E-Commerce,Cigarettes,Core,T3,6,21,6,228.8928857,228.8928857,0
Czech Republic,Retail,Cigarettes,Premium,T2,6,15,6,117.0333333,117.0333333,0
Democratic Republic of the Congo,Key Accounts,Heated Tobacco,Core,T1,6,12,6,1336.1667,1336.1667,0
Democratic Republic of the Congo,Retail,Oral Nicotine,Core,T2,6,17,6,858.75,858.75,0
Ecuador,Retail,Cigarettes,Premium,T2,6,31,6,194.0571357,194.0571357,0
Egypt,E-Commerce,Oral Nicotine,Value,T3,6,22,6,1161.375,1161.375,0
Finland,Retail,Cigarettes,Core,T2,6,15,6,816.5,816.5,0
Finland,Retail,Cigarettes,Premium,T2,6,29,6,276.4643,276.4643,0
Finland,Retail,Cigarettes,Value,T2,6,31,6,198.75,198.75,0
Ghana,Key Accounts,Cigarettes,Core,T1,6,23,6,356.4721889,356.4721889,0
Guatemala,E-Commerce,Heated Tobacco,Premium,T3,6,28,6,833.175,833.175,0
Iran,E-Commerce,Heated Tobacco,Premium,T3,6,6,6,1327,1327,0
Iraq,Key Accounts,Heated Tobacco,Core,T1,6,9,6,2089,2089,0
Iraq,Key Accounts,Heated Tobacco,Premium,T1,6,13,6,890,890,0
Iraq,Key Accounts,Oral Nicotine,Core,T1,6,13,6,1527,1527,0
Iraq,Key Accounts,Oral Nicotine,Premium,T1,6,12,6,1030,1030,0
Israel,Retail,Cigarettes,Value,T2,6,20,6,350,350,0
Japan,E-Commerce,Heated Tobacco,Core,T3,6,26,6,966.3094571,966.3094571,0
Jordan,Retail,Cigarettes,Core,T2,6,17,6,166.6666667,166.6666667,0
Kenya,Retail,Cigarettes,Premium,T2,6,19,6,595.375,595.375,0
Kenya,Retail,Heated Tobacco,Core,T2,6,9,6,1751,1751,0
Malaysia,E-Commerce,Cigarettes,Value,T3,6,22,6,281.7095,281.7095,0
Malaysia,Key Accounts,Heated Tobacco,Value,T1,6,26,6,743.0417,743.0417,0
Malaysia,Retail,Heated Tobacco,Core,T2,6,24,6,729.4306,729.4306,0
Martinique,Retail,Cigarettes,Core,T2,6,27,6,70.38893333,70.38893333,0
Morocco,Key Accounts,Heated Tobacco,Premium,T1,6,10,6,1122.75,1122.75,0
Morocco,Key Accounts,Heated Tobacco,Value,T1,6,19,6,892,892,0
New Zealand,E-Commerce,Oral Nicotine,Value,T3,6,18,6,645.1667,645.1667,0
Norway,Retail,Cigarettes,Value,T2,6,34,6,188.24291,188.24291,0
Poland,Key Accounts,Heated Tobacco,Value,T1,6,13,6,933.6666667,933.6666667,0
Poland,Retail,Heated Tobacco,Core,T2,6,7,6,820,820,0
Russia,E-Commerce,Heated Tobacco,Core,T3,6,13,6,984.25,984.25,0
Russia,Retail,Oral Nicotine,Core,T2,6,14,6,1133.5,1133.5,0
Russia,Retail,Oral Nicotine,Premium,T2,6,12,6,486.6667,486.6667,0
Saudi Arabia,Key Accounts,Oral Nicotine,Core,T1,6,12,6,853,853,0
Saudi Arabia,Retail,Oral Nicotine,Premium,T2,6,9,6,863.5,863.5,0
Senegal,Key Accounts,Cigarettes,Core,T1,6,27,6,524.125,524.125,0
Singapore,Key Accounts,Cigarettes,Premium,T1,6,38,6,149.5045,149.5045,0
Singapore,Retail,Heated Tobacco,Value,T2,6,33,6,964.5445,964.5445,0
Somalia,Retail,Cigarettes,Core,T2,6,7,6,158,158,0
South Africa,E-Commerce,Oral Nicotine,Core,T3,6,11,6,1083.8333,1083.8333,0
Sudan,Retail,Cigarettes,Core,T2,6,33,6,358.6181319,358.6181319,0
Ukraine,Retail,Oral Nicotine,Core,T2,6,25,6,574.7666533,574.7666533,0
Uzbekistan,Retail,Cigarettes,Core,T2,6,15,6,247.5,247.5,0
Zambia,Key Accounts,Cigarettes,Value,T1,6,23,6,306.75,306.75,0
Denmark,Retail,Cigarettes,Value,T2,12,61,6.000002011,361.4167,180.7083,180.7084
Philippines,Key Accounts,Heated Tobacco,Premium,T1,9,34,6.15000101,2423.4471,1714.1048,709.3423
Vietnam,Retail,Oral Nicotine,Premium,T2,9,43,6.26999827,1216.643164,846.4881286,370.1550357
Nigeria,E-Commerce,Cigarettes,Value,T3,21,61,6.299997648,1327.00003,398.0999667,928.9000633
Philippines,E-Commerce,Heated Tobacco,Core,T3,9,44,6.349999957,1466.252741,1020.434653,445.8180882
New Zealand,Key Accounts,Oral Nicotine,Premium,T1,8,24,6.3999994,1578.8889,1239.8333,339.0556
Turkey,E-Commerce,Oral Nicotine,Premium,T3,16,43,6.399999773,3240.8036,1296.3214,1944.4822
Honduras,Key Accounts,Oral Nicotine,Premium,T1,12,44,6.409294398,1835.547885,921.67862,913.869265
Indonesia,E-Commerce,Heated Tobacco,Value,T3,9,33,6.426198592,1592.0604,1275.575691,316.4847091
Pakistan,Key Accounts,Cigarettes,Core,T1,13,63,6.499994225,1102.161957,551.0808786,551.0810786
Japan,Retail,Heated Tobacco,Core,T2,7,27,6.5,1660.875,1482.875,178
Sweden,Retail,Cigarettes,Value,T2,13,65,6.500000088,633.5957866,316.7979109,316.7978756
Sweden,Retail,Cigarettes,Core,T2,13,64,6.500003812,759.6242273,379.8121364,379.8120909
Pakistan,Retail,Cigarettes,Value,T2,13,65,6.500005466,273.1908909,136.5954655,136.5954255
Panama,Retail,Heated Tobacco,Value,T2,11,39,6.592160747,1536.284733,920.4999667,615.7847667
Venezuela,Retail,Heated Tobacco,Premium,T2,11,39,6.593999718,1662.947788,996.5916,666.3561875
Pakistan,Key Accounts,Oral Nicotine,Value,T1,9,31,6.599999945,1343.9464,884.6571,459.2893
South Korea,Retail,Oral Nicotine,Core,T2,9,29,6.6,1748.5,1086.8,661.7
United Kingdom,E-Commerce,Oral Nicotine,Core,T3,8,33,6.600000363,946.9479,853.9722,92.9757
Vietnam,Retail,Heated Tobacco,Core,T2,11,48,6.600066183,1239.076871,770.0857143,468.9911571
Myanmar (Burma),Key Accounts,Cigarettes,Premium,T1,8,40,6.640002439,188.0938805,156.1179926,31.97588788
Myanmar (Burma),Retail,Cigarettes,Premium,T2,8,42,6.640003419,708.83252,588.3310143,120.5015057
Turkey,E-Commerce,Heated Tobacco,Premium,T3,17,55,6.799999685,2655.2083,1062.0833,1593.125
Colombia,Key Accounts,Oral Nicotine,Core,T1,7,23,6.8,619.7,577.6,42.1
Colombia,Key Accounts,Oral Nicotine,Premium,T1,7,26,6.8,1322.4722,1206.4222,116.05
Tanzania,Retail,Heated Tobacco,Value,T2,7,10,6.800000123,998.1111,977,21.1111
Japan,Key Accounts,Oral Nicotine,Value,T1,7,38,6.829457466,1017.699987,979.2000125,38.499975
Spain,E-Commerce,Heated Tobacco,Core,T3,7,20,6.855409548,960.55552,948.2,12.35552
Nigeria,Retail,Oral Nicotine,Core,T2,23,86,6.89999979,5132.457469,1539.737279,3592.72019
Thailand,Retail,Heated Tobacco,Premium,T2,9,48,6.969999342,1794.93098,1439.247613,355.6833667
Colombia,E-Commerce,Heated Tobacco,Core,T3,7,17,6.996000187,1201.0165,1200.25,0.7665
Cuba,E-Commerce,Heated Tobacco,Core,T3,7,30,6.996883936,661.807,661.13328,0.67372
Chile,Retail,Heated Tobacco,Premium,T2,7,33,6.998000101,537.3160304,537.0595304,0.2565
Cuba,E-Commerce,Heated Tobacco,Value,T3,7,20,6.998000435,510.4744,510.25,0.2244
South Korea,Retail,Cigarettes,Core,T2,14,67,6.999998674,968.4830645,484.2415823,484.2414823
Sweden,Key Accounts,Cigarettes,Core,T1,14,79,6.999999768,631.1755536,315.5877696,315.5877839
Angola,Key Accounts,Cigarettes,Value,T1,7,19,7,368,368,0
Austria,Key Accounts,Heated Tobacco,Premium,T1,7,32,7,1245.302367,1245.302367,0
Austria,Key Accounts,Oral Nicotine,Core,T1,7,16,7,942.5,942.5,0
Austria,Key Accounts,Oral Nicotine,Value,T1,7,23,7,367.25,367.25,0
Austria,Retail,Heated Tobacco,Premium,T2,7,15,7,583.3667,583.3667,0
Austria,Retail,Oral Nicotine,Value,T2,7,19,7,618.1429,618.1429,0
Bangladesh,Key Accounts,Cigarettes,Core,T1,7,31,7,235.1666133,235.1666133,0
Bangladesh,Key Accounts,Cigarettes,Value,T1,7,43,7,356.3500222,356.3500222,0
Belgium,E-Commerce,Cigarettes,Value,T3,7,34,7,406.7917333,406.7917333,0
Belgium,Key Accounts,Cigarettes,Premium,T1,7,26,7,216.0666333,216.0666333,0
Belgium,Key Accounts,Heated Tobacco,Premium,T1,7,36,7,921.0239,921.0239,0
Bulgaria,Retail,Cigarettes,Value,T2,7,14,7,127.5,127.5,0
Cameroon,E-Commerce,Cigarettes,Value,T3,7,17,7,225.1667,225.1667,0
Canada,Key Accounts,Oral Nicotine,Value,T1,7,11,7,716.25,716.25,0
Chile,Key Accounts,Cigarettes,Core,T1,7,28,7,120.175,120.175,0
Cote d'Ivoire,Retail,Cigarettes,Core,T2,7,16,7,340.8333333,340.8333333,0
Cuba,E-Commerce,Oral Nicotine,Value,T3,7,28,7,1106.0714,1106.0714,0
Czech Republic,Retail,Cigarettes,Value,T2,7,15,7,149.6666667,149.6666667,0
Egypt,E-Commerce,Heated Tobacco,Premium,T3,7,14,7,726.75,726.75,0
Egypt,Key Accounts,Oral Nicotine,Core,T1,7,12,7,1053.7,1053.7,0
Hungary,Retail,Cigarettes,Premium,T2,7,19,7,295.3166667,295.3166667,0
Hungary,Retail,Cigarettes,Value,T2,7,21,7,108,108,0
Iran,E-Commerce,Heated Tobacco,Core,T3,7,9,7,1146,1146,0
Iran,Key Accounts,Heated Tobacco,Value,T1,7,7,7,1057,1057,0
Israel,Key Accounts,Cigarettes,Value,T1,7,22,7,653.3571,653.3571,0
Kenya,E-Commerce,Cigarettes,Premium,T3,7,33,7,153.8611694,153.8611694,0
Kenya,Key Accounts,Cigarettes,Core,T1,7,12,7,318,318,0
Malaysia,E-Commerce,Cigarettes,Core,T3,7,43,7,313.7472621,313.7472621,0
Malaysia,Retail,Heated Tobacco,Value,T2,7,25,7,723.625,723.625,0
Malaysia,Retail,Oral Nicotine,Value,T2,7,27,7,1162.0953,1162.0953,0
Mali,Retail,Cigarettes,Value,T2,7,17,7,169.4166667,169.4166667,0
Mozambique,Key Accounts,Cigarettes,Core,T1,7,34,7,184.4000133,184.4000133,0
Poland,Retail,Heated Tobacco,Value,T2,7,13,7,588.3333,588.3333,0
Poland,Retail,Oral Nicotine,Core,T2,7,17,7,2157.75,2157.75,0
Romania,E-Commerce,Cigarettes,Premium,T3,7,16,7,311.3333,311.3333,0
Russia,Key Accounts,Oral Nicotine,Premium,T1,7,19,7,882,882,0
Russia,Key Accounts,Oral Nicotine,Value,T1,7,25,7,1665.5,1665.5,0
Saudi Arabia,E-Commerce,Oral Nicotine,Value,T3,7,14,7,1463.9,1463.9,0
Singapore,Key Accounts,Cigarettes,Value,T1,7,32,7,193.8342,193.8342,0
Singapore,Retail,Heated Tobacco,Core,T2,7,30,7,881.8611,881.8611,0
Singapore,Retail,Oral Nicotine,Core,T2,7,35,7,1259.1111,1259.1111,0
South Africa,Key Accounts,Oral Nicotine,Premium,T1,7,17,7,1593.5833,1593.5833,0
South Africa,Key Accounts,Oral Nicotine,Value,T1,7,18,7,1095.333333,1095.333333,0
Sudan,Key Accounts,Cigarettes,Core,T1,7,8,7,243.5,243.5,0
Sudan,Retail,Cigarettes,Premium,T2,7,15,7,451.5,451.5,0
Zambia,E-Commerce,Cigarettes,Core,T3,7,15,7,374.3333333,374.3333333,0
Zambia,Retail,Cigarettes,Value,T2,7,32,7,196.7182254,196.7182254,0
Thailand,Retail,Oral Nicotine,Value,T2,10,43,7.09999643,1081.660229,733.8023143,347.8579143
Philippines,E-Commerce,Oral Nicotine,Value,T3,10,29,7.100000285,1740.5556,1216.75,523.8056
Philippines,Key Accounts,Oral Nicotine,Core,T1,10,69,7.124139975,1380.88895,965.8333625,415.0555875
Honduras,E-Commerce,Heated Tobacco,Premium,T3,12,37,7.190000693,1122.590633,672.2222,450.3684333
Peru,Retail,Cigarettes,Core,T2,12,43,7.199988647,615.43056,369.25828,246.17228
New Zealand,E-Commerce,Oral Nicotine,Core,T3,8,29,7.199999728,1808.7223,1574.8333,233.889
Thailand,Retail,Heated Tobacco,Core,T2,10,30,7.199999875,1450.9206,1020.2667,430.6539
Turkey,E-Commerce,Oral Nicotine,Core,T3,18,52,7.2,2937.8125,1175.125,1762.6875
Panama,Retail,Oral Nicotine,Core,T2,12,46,7.200002251,1070.8175,642.4905,428.327
Panama,E-Commerce,Cigarettes,Value,T3,12,58,7.200005374,248.473457,149.0840954,99.38936159
Panama,E-Commerce,Cigarettes,Premium,T3,12,59,7.200021089,316.0382429,189.6230524,126.4151905
Thailand,E-Commerce,Cigarettes,Value,T3,12,54,7.25177465,847.39262,637.3499883,210.0426317
Philippines,Key Accounts,Oral Nicotine,Value,T1,10,40,7.400002682,1850.5086,1346.650843,503.8577571
Dominican Republic,Key Accounts,Oral Nicotine,Premium,T1,12,67,7.440728749,1493.445209,907.7731018,585.6721071
Vietnam,Key Accounts,Cigarettes,Value,T1,9,49,7.46999595,713.681475,592.3554875,121.3259875
Vietnam,Key Accounts,Cigarettes,Premium,T1,9,45,7.470000912,467.9670286,388.4126429,79.55438571
South Korea,Retail,Cigarettes,Value,T2,15,74,7.499994096,633.1595238,316.5797619,316.5797619
Nigeria,Retail,Heated Tobacco,Core,T2,25,52,7.499999949,5660.460377,1698.138067,3962.32231
Japan,Retail,Heated Tobacco,Value,T2,8,29,7.5,1319.4166,1186.2166,133.2
Argentina,Retail,Oral Nicotine,Value,T2,14,54,7.500000913,2708.910633,1185.679767,1523.230867
Netherlands,E-Commerce,Cigarettes,Premium,T3,15,58,7.500003571,749.5951667,374.7976333,374.7975333
Sweden,Key Accounts,Cigarettes,Value,T1,15,73,7.500008676,752.6651011,376.3326656,376.3324356
Spain,Key Accounts,Heated Tobacco,Core,T1,8,30,7.524148406,1033.997922,967.83332,66.16460182
Vietnam,Retail,Oral Nicotine,Value,T2,11,45,7.529999451,1726.1552,1176.738,549.4172
Guatemala,Key Accounts,Oral Nicotine,Core,T1,8,37,7.6,915.5448333,819.6025333,95.9423
Turkey,Key Accounts,Oral Nicotine,Core,T1,19,48,7.6,3241.125,1296.45,1944.675
Guatemala,E-Commerce,Oral Nicotine,Core,T3,8,31,7.600000355,1197.0834,1094.0418,103.0416
Italy,E-Commerce,Heated Tobacco,Value,T3,10,46,7.600000916,1211.8915,917.9583,293.9332
Tanzania,E-Commerce,Cigarettes,Value,T3,8,20,7.716699756,364.2553095,340.7738095,23.4815
Thailand,Retail,Oral Nicotine,Core,T2,11,54,7.729997796,1625.07071,1105.543128,519.5275821
Vietnam,Retail,Oral Nicotine,Core,T2,11,50,7.729999934,1197.99145,809.6131,388.37835
Honduras,Key Accounts,Heated Tobacco,Premium,T1,14,56,7.79799955,1197.252991,648.9145545,548.3384364
Chile,Retail,Oral Nicotine,Core,T2,8,23,7.8,763.50832,700.88332,62.625
Nigeria,E-Commerce,Cigarettes,Premium,T3,26,92,7.800002423,817.4209633,245.226325,572.1946383
Argentina,Key Accounts,Oral Nicotine,Value,T1,13,58,7.80000292,1061.792283,637.0754333,424.71685
Argentina,Retail,Oral Nicotine,Core,T2,13,40,7.800003088,1340.7578,804.4548,536.303
Indonesia,E-Commerce,Heated Tobacco,Core,T3,11,47,7.910707282,1885.649276,1313.514706,572.1345706
Netherlands,Retail,Oral Nicotine,Premium,T2,14,68,7.963381884,2994.380833,1536.869233,1457.5116
Colombia,Key Accounts,Heated Tobacco,Value,T1,8,24,7.994678162,681.0911429,680.4809857,0.610157143
Dominican Republic,Key Accounts,Heated Tobacco,Premium,T1,10,51,7.996000254,811.9791,649,162.9791
Netherlands,Key Accounts,Cigarettes,Core,T1,16,67,7.99999943,601.9762214,300.9880429,300.9881786
Algeria,Key Accounts,Cigarettes,Core,T1,8,40,8,188.5356857,188.5356857,0
Algeria,Retail,Oral Nicotine,Value,T2,8,16,8,1686.5,1686.5,0
Austria,Key Accounts,Heated Tobacco,Value,T1,8,35,8,1121.719645,1121.719645,0
Austria,Retail,Heated Tobacco,Core,T2,8,39,8,1402.353727,1402.353727,0
Austria,Retail,Oral Nicotine,Core,T2,8,23,8,1084.0357,1084.0357,0
Belarus,Retail,Cigarettes,Premium,T2,8,34,8,163.6250167,163.6250167,0
Cameroon,Key Accounts,Cigarettes,Value,T1,8,15,8,135,135,0
Cameroon,Retail,Cigarettes,Core,T2,8,24,8,711.1666667,711.1666667,0
Cameroon,Retail,Cigarettes,Premium,T2,8,17,8,544.5833,544.5833,0
Chile,Key Accounts,Cigarettes,Value,T1,8,41,8,468.1880714,468.1880714,0
Chile,Retail,Oral Nicotine,Value,T2,8,37,8,904.5714,904.5714,0
Colombia,E-Commerce,Cigarettes,Premium,T3,8,50,8,311.6314171,311.6314171,0
Cote d'Ivoire,Retail,Cigarettes,Premium,T2,8,28,8,296.2819872,296.2819872,0
Cuba,E-Commerce,Oral Nicotine,Core,T3,8,36,8,725.9166625,725.9166625,0
Cuba,E-Commerce,Oral Nicotine,Premium,T3,8,27,8,701.4167,701.4167,0
Democratic Republic of the Congo,Key Accounts,Heated Tobacco,Value,T1,8,14,8,1312.916667,1312.916667,0
Democratic Republic of the Congo,Retail,Oral Nicotine,Value,T2,8,20,8,1474.25,1474.25,0
Egypt,Key Accounts,Heated Tobacco,Core,T1,8,22,8,1028.6667,1028.6667,0
Egypt,Key Accounts,Heated Tobacco,Premium,T1,8,21,8,960.7777778,960.7777778,0
El Salvador,E-Commerce,Oral Nicotine,Value,T3,8,37,8,573.7222,573.7222,0
Guatemala,E-Commerce,Cigarettes,Core,T3,8,56,8,282.4844826,282.4844826,0
Guatemala,E-Commerce,Heated Tobacco,Core,T3,8,33,8,1163.0417,1163.0417,0
Guatemala,Key Accounts,Oral Nicotine,Premium,T1,8,30,8,885.2072,885.2072,0
Hungary,Retail,Cigarettes,Core,T2,8,17,8,204,204,0
Iran,E-Commerce,Oral Nicotine,Value,T3,8,17,8,1850.375,1850.375,0
Iran,Key Accounts,Heated Tobacco,Premium,T1,8,11,8,1851,1851,0
Iran,Key Accounts,Oral Nicotine,Core,T1,8,23,8,1202.75,1202.75,0
Iran,Key Accounts,Oral Nicotine,Premium,T1,8,18,8,1868.642857,1868.642857,0
Iran,Key Accounts,Oral Nicotine,Value,T1,8,9,8,1404,1404,0
Israel,Key Accounts,Cigarettes,Core,T1,8,21,8,294.25,294.25,0
Japan,E-Commerce,Cigarettes,Premium,T3,8,24,8,169.7499333,169.7499333,0
Kenya,Key Accounts,Cigarettes,Premium,T1,8,17,8,423.0833333,423.0833333,0
Kyrgyzstan,Retail,Cigarettes,Value,T2,8,25,8,956.699975,956.699975,0
Malaysia,Key Accounts,Cigarettes,Core,T1,8,36,8,319.9951429,319.9951429,0
Malaysia,Retail,Cigarettes,Core,T2,8,33,8,252.8412,252.8412,0
Malaysia,Retail,Heated Tobacco,Premium,T2,8,40,8,1905.419823,1905.419823,0
Nicaragua,E-Commerce,Oral Nicotine,Premium,T3,8,28,8,1386.1429,1386.1429,0
Nicaragua,E-Commerce,Oral Nicotine,Value,T3,8,24,8,993.0001,993.0001,0
Norway,Retail,Cigarettes,Premium,T2,8,23,8,250.9583,250.9583,0
Poland,Retail,Oral Nicotine,Premium,T2,8,19,8,833.6,833.6,0
Romania,Key Accounts,Cigarettes,Premium,T1,8,29,8,276.9166333,276.9166333,0
Romania,Retail,Oral Nicotine,Value,T2,8,25,8,1679.433333,1679.433333,0
Russia,Retail,Oral Nicotine,Value,T2,8,15,8,2293.25,2293.25,0
Saudi Arabia,Retail,Heated Tobacco,Core,T2,8,14,8,2051.5,2051.5,0
Saudi Arabia,Retail,Oral Nicotine,Value,T2,8,35,8,1163.14998,1163.14998,0
South Africa,E-Commerce,Heated Tobacco,Core,T3,8,18,8,1132.25,1132.25,0
South Africa,E-Commerce,Heated Tobacco,Premium,T3,8,15,8,1304.5,1304.5,0
South Africa,Retail,Oral Nicotine,Premium,T2,8,12,8,1967,1967,0
Switzerland,Retail,Cigarettes,Core,T2,8,34,8,170.6190667,170.6190667,0
Ukraine,Key Accounts,Heated Tobacco,Premium,T1,8,17,8,1770.85,1770.85,0
Ukraine,Key Accounts,Oral Nicotine,Premium,T1,8,30,8,1182.1667,1182.1667,0
Zambia,Retail,Cigarettes,Premium,T2,8,23,8,422.2857143,422.2857143,0
Netherlands,Retail,Heated Tobacco,Core,T2,16,78,8.000000634,3072.3409,1536.1705,1536.1704
Netherlands,Retail,Heated Tobacco,Premium,T2,16,60,8.000000748,2538.33325,1269.16675,1269.1665
Pakistan,Retail,Cigarettes,Premium,T2,16,64,8.000002625,978.519,489.2596,489.2594
Netherlands,Key Accounts,Cigarettes,Premium,T1,16,90,8.000009575,531.8359563,265.9181,265.9178563
Pakistan,Key Accounts,Cigarettes,Value,T1,16,73,8.000015774,839.4490611,419.7247056,419.7243556
Thailand,Key Accounts,Cigarettes,Value,T1,13,53,8.074933654,447.73375,300.4917,147.24205
Dominican Republic,Key Accounts,Oral Nicotine,Core,T1,12,47,8.085605218,1528.576782,1013.455345,515.1214364
Panama,Key Accounts,Heated Tobacco,Value,T1,14,68,8.088000356,1808.9,1029.7441,779.1559
Argentina,Key Accounts,Cigarettes,Premium,T1,14,88,8.094519999,943.0302501,559.6642622,383.365988
Panama,Retail,Oral Nicotine,Value,T2,14,66,8.100002404,1903.374887,1082.358413,821.016475
Dominican Republic,Key Accounts,Oral Nicotine,Value,T1,13,58,8.175791211,1634.888986,1041.628571,593.2604143
Argentina,Retail,Heated Tobacco,Value,T2,14,69,8.38668035,1731.884386,1037.061879,694.8225071
Peru,Retail,Cigarettes,Premium,T2,14,67,8.399993275,479.9815778,287.9888639,191.9927139
Argentina,E-Commerce,Cigarettes,Premium,T3,16,68,8.399994297,427.01725,247.5913083,179.4259417
Turkey,Key Accounts,Heated Tobacco,Core,T1,21,65,8.399999577,3540.729133,1416.291633,2124.4375
Italy,E-Commerce,Oral Nicotine,Premium,T3,11,36,8.424675461,1704.6667,1322.1667,382.5
Tanzania,Retail,Cigarettes,Core,T2,9,27,8.448517537,520.5401889,476.3055889,44.2346
Thailand,Key Accounts,Cigarettes,Premium,T1,14,63,8.498029981,1011.094523,627.8499917,383.2445317
Netherlands,E-Commerce,Cigarettes,Value,T3,17,80,8.4999973,665.8571222,332.9285444,332.9285778
Japan,Key Accounts,Oral Nicotine,Core,T1,9,41,8.5,930.5976,854.8833,75.7143
Japan,Key Accounts,Cigarettes,Value,T1,9,50,8.500000108,372.74881,303.44882,69.29999
Sweden,Retail,Cigarettes,Premium,T2,17,62,8.500005366,390.8715,195.4357,195.4358
Vietnam,Retail,Heated Tobacco,Value,T2,13,60,8.589998863,2088.7685,1519.2071,569.5614
Spain,E-Commerce,Heated Tobacco,Premium,T3,9,44,8.599999487,1959.8338,1902.9226,56.9112
Japan,Retail,Oral Nicotine,Value,T2,9,37,8.6,2144.875025,1967.500025,177.375
Indonesia,E-Commerce,Oral Nicotine,Value,T3,12,52,8.784231375,2311.003975,1712.901175,598.1028
Thailand,Retail,Heated Tobacco,Value,T2,13,34,8.790000856,2194.5964,1528.75,665.8464
Turkey,Retail,Oral Nicotine,Premium,T2,22,64,8.799998576,4810.86909,1924.347576,2886.521514
Turkey,Key Accounts,Oral Nicotine,Premium,T1,22,71,8.799999575,3365.236709,1346.094664,2019.142045
Italy,Key Accounts,Oral Nicotine,Premium,T1,14,45,8.900000058,2995.809557,1603.190443,1392.619114
Indonesia,E-Commerce,Oral Nicotine,Premium,T3,12,49,8.940268901,3149.293737,2102.756,1046.537738
Guatemala,Key Accounts,Heated Tobacco,Core,T1,9,45,8.990087002,1304.8413,1303.094511,1.746788889
Panama,Retail,Heated Tobacco,Core,T2,15,79,8.990378018,1518.00987,909.27258,608.73729
Nicaragua,Key Accounts,Heated Tobacco,Premium,T1,9,42,8.995999711,732.3124,731.7666,0.5458
Nicaragua,Key Accounts,Heated Tobacco,Value,T1,9,35,8.996000464,597.8041,597.238,0.5661
Pakistan,Retail,Cigarettes,Core,T2,18,82,8.999980935,1005.738217,502.868889,502.8693276
Algeria,Key Accounts,Cigarettes,Value,T1,9,16,9,254.75,254.75,0
Bangladesh,E-Commerce,Cigarettes,Core,T3,9,36,9,369.3749,369.3749,0
Bangladesh,Retail,Heated Tobacco,Value,T2,9,34,9,2246.9524,2246.9524,0
Canada,Retail,Heated Tobacco,Premium,T2,9,16,9,1910.5,1910.5,0
Canada,Retail,Heated Tobacco,Value,T2,9,15,9,1300.25,1300.25,0
Canada,Retail,Oral Nicotine,Core,T2,9,20,9,1866.1667,1866.1667,0
Cote d'Ivoire,Key Accounts,Cigarettes,Core,T1,9,22,9,318.875,318.875,0
Democratic Republic of the Congo,E-Commerce,Cigarettes,Premium,T3,9,22,9,272.999975,272.999975,0
Democratic Republic of the Congo,Retail,Heated Tobacco,Core,T2,9,32,9,2234.659557,2234.659557,0
Japan,Key Accounts,Cigarettes,Premium,T1,9,53,9,606.883025,606.883025,0
Japan,Key Accounts,Heated Tobacco,Value,T1,9,53,9,1496.71089,1496.71089,0
Kenya,Retail,Cigarettes,Core,T2,9,25,9,250.5833,250.5833,0
Malaysia,Key Accounts,Cigarettes,Premium,T1,9,40,9,185.8301476,185.8301476,0
Nicaragua,E-Commerce,Oral Nicotine,Core,T3,9,38,9,572.13342,572.13342,0
Poland,E-Commerce,Cigarettes,Core,T3,9,25,9,364.874975,364.874975,0
Poland,Retail,Heated Tobacco,Premium,T2,9,25,9,1368.25,1368.25,0
Russia,Key Accounts,Heated Tobacco,Premium,T1,9,18,9,1084.3333,1084.3333,0
Russia,Retail,Heated Tobacco,Value,T2,9,34,9,933.8667,933.8667,0
Saudi Arabia,E-Commerce,Cigarettes,Value,T3,9,30,9,447.8583,447.8583,0
Saudi Arabia,Key Accounts,Heated Tobacco,Core,T1,9,19,9,1297.916667,1297.916667,0
Saudi Arabia,Key Accounts,Heated Tobacco,Premium,T1,9,19,9,1720.8333,1720.8333,0
Saudi Arabia,Retail,Oral Nicotine,Core,T2,9,15,9,1518.3333,1518.3333,0
Senegal,Retail,Cigarettes,Core,T2,9,37,9,512.9167,512.9167,0
Senegal,Retail,Heated Tobacco,Value,T2,9,20,9,2322.875,2322.875,0
Singapore,Retail,Heated Tobacco,Premium,T2,9,30,9,818.1167,818.1167,0
South Africa,Key Accounts,Heated Tobacco,Premium,T1,9,25,9,1642.9333,1642.9333,0
Switzerland,Retail,Cigarettes,Premium,T2,9,56,9,260.5833375,260.5833375,0
Switzerland,Retail,Cigarettes,Value,T2,9,47,9,314.1786075,314.1786075,0
Pakistan,Retail,Oral Nicotine,Core,T2,12,57,9.000000743,1982.827333,1034.690467,948.1368667
Vietnam,E-Commerce,Cigarettes,Premium,T3,11,55,9.129980713,837.30948,694.9666,142.34288
Netherlands,Retail,Oral Nicotine,Value,T2,14,66,9.19999651,1864.6807,1049.111,815.5697
Dominican Republic,E-Commerce,Oral Nicotine,Value,T3,14,60,9.202732431,1135.086851,798.0416097,337.0452417
Philippines,E-Commerce,Oral Nicotine,Premium,T3,13,48,9.449996929,2233.5385,1602.2222,631.3163
Japan,Retail,Oral Nicotine,Core,T2,10,48,9.5,1422.282062,1361.782062,60.5
Indonesia,E-Commerce,Oral Nicotine,Core,T3,12,60,9.559997801,2154.847523,1898.818133,256.0293898
New Zealand,Key Accounts,Oral Nicotine,Value,T1,12,44,9.565874835,1760.7222,1305.999967,454.7222333
Nigeria,E-Commerce,Cigarettes,Core,T3,32,97,9.599995957,1168.075411,350.4225857,817.652825
Peru,Retail,Cigarettes,Value,T2,16,75,9.600003134,479.3067929,287.5841456,191.7226473
Philippines,Key Accounts,Oral Nicotine,Premium,T1,13,60,9.649998958,2106.7969,1565.1746,541.6223
Tanzania,Key Accounts,Cigarettes,Core,T1,10,26,9.710374069,639.8094786,594.3928286,45.41665
Colombia,Retail,Oral Nicotine,Core,T2,10,57,9.8,1583.140522,1460.265522,122.875
New Zealand,Key Accounts,Heated Tobacco,Value,T1,11,41,9.800000536,1860.291633,1692.458333,167.8333
Guatemala,Key Accounts,Oral Nicotine,Value,T1,10,33,9.83029453,1231.4,1170.9,60.5
Tanzania,Key Accounts,Cigarettes,Premium,T1,10,27,9.86901647,373.8889,352,21.8889
Nigeria,Retail,Heated Tobacco,Premium,T2,33,69,9.899999862,5904.166617,1771.249967,4132.91665
Italy,E-Commerce,Heated Tobacco,Premium,T3,11,42,9.939307043,1564.2334,1394.3,169.9334
Vietnam,E-Commerce,Cigarettes,Core,T3,12,62,9.959998002,909.0870117,754.5421649,154.5448468
Vietnam,Key Accounts,Cigarettes,Core,T1,12,62,9.960002449,327.3775867,271.7234556,55.65413111
Philippines,E-Commerce,Cigarettes,Premium,T3,16,91,9.975496033,979.0462069,719.4543222,259.5918847
Colombia,Retail,Heated Tobacco,Premium,T2,10,28,9.998000055,907.257,906.75,0.507
Algeria,E-Commerce,Cigarettes,Core,T3,10,24,10,377.45,377.45,0
Algeria,E-Commerce,Cigarettes,Value,T3,10,30,10,548.79998,548.79998,0
Austria,E-Commerce,Cigarettes,Premium,T3,10,45,10,478.59999,478.59999,0
Austria,E-Commerce,Cigarettes,Value,T3,10,70,10,412.8196,412.8196,0
Austria,Retail,Heated Tobacco,Value,T2,10,53,10,1131.6886,1131.6886,0
Bangladesh,Retail,Oral Nicotine,Value,T2,10,56,10,1721.5317,1721.5317,0
Belgium,Retail,Cigarettes,Core,T2,10,32,10,333.65,333.65,0
Bulgaria,Retail,Cigarettes,Core,T2,10,27,10,434.4166,434.4166,0
Bulgaria,Retail,Cigarettes,Premium,T2,10,41,10,347.1654154,347.1654154,0
Cameroon,Key Accounts,Cigarettes,Premium,T1,10,23,10,379.3333333,379.3333333,0
Cameroon,Retail,Cigarettes,Value,T2,10,17,10,680.75,680.75,0
Canada,Retail,Oral Nicotine,Value,T2,10,19,10,1123.75,1123.75,0
Chile,Retail,Cigarettes,Core,T2,10,43,10,522.8547,522.8547,0
Democratic Republic of the Congo,Key Accounts,Heated Tobacco,Premium,T1,10,18,10,1263.833333,1263.833333,0
Democratic Republic of the Congo,Retail,Heated Tobacco,Premium,T2,10,24,10,2424.6667,2424.6667,0
Democratic Republic of the Congo,Retail,Oral Nicotine,Premium,T2,10,30,10,1857.625,1857.625,0
Ghana,Retail,Cigarettes,Value,T2,10,28,10,1087.875025,1087.875025,0
Guatemala,E-Commerce,Oral Nicotine,Value,T3,10,40,10,722.9071,722.9071,0
Iraq,Retail,Heated Tobacco,Value,T2,10,23,10,1839.1667,1839.1667,0
Iraq,Retail,Oral Nicotine,Premium,T2,10,18,10,1167.5,1167.5,0
Israel,Retail,Cigarettes,Premium,T2,10,20,10,185.3333333,185.3333333,0
Morocco,Retail,Heated Tobacco,Premium,T2,10,17,10,1864.75,1864.75,0
Morocco,Retail,Oral Nicotine,Premium,T2,10,23,10,2044,2044,0
Morocco,Retail,Oral Nicotine,Value,T2,10,30,10,1240.3333,1240.3333,0
New Zealand,E-Commerce,Heated Tobacco,Premium,T3,10,37,10,1441.583367,1441.583367,0
Poland,E-Commerce,Cigarettes,Value,T3,10,37,10,1106.533367,1106.533367,0
Poland,Key Accounts,Cigarettes,Premium,T1,10,34,10,351.18328,351.18328,0
Romania,Retail,Heated Tobacco,Premium,T2,10,27,10,1799.0833,1799.0833,0
Russia,Key Accounts,Oral Nicotine,Core,T1,10,39,10,1010.75,1010.75,0
Saudi Arabia,Retail,Heated Tobacco,Value,T2,10,40,10,2391.777744,2391.777744,0
Senegal,Retail,Cigarettes,Premium,T2,10,36,10,377.4166667,377.4166667,0
South Africa,Key Accounts,Heated Tobacco,Value,T1,10,20,10,1143.375,1143.375,0
South Africa,Key Accounts,Oral Nicotine,Core,T1,10,31,10,1316.833367,1316.833367,0
South Africa,Retail,Oral Nicotine,Value,T2,10,18,10,2540.9,2540.9,0
Ukraine,Retail,Heated Tobacco,Core,T2,10,25,10,1865.1667,1865.1667,0
Ukraine,Retail,Oral Nicotine,Value,T2,10,26,10,1936,1936,0
Zambia,Retail,Cigarettes,Core,T2,10,38,10,671.6626556,671.6626556,0
Argentina,Key Accounts,Cigarettes,Core,T1,18,95,10.11429694,249.1441429,144.5817857,104.5623571
Argentina,Key Accounts,Cigarettes,Value,T1,18,91,10.13796099,447.02746,262.0753899,184.9520702
Thailand,Key Accounts,Cigarettes,Core,T1,18,78,10.14585942,1207.95281,755.4440125,452.5087975
Dominican Republic,Key Accounts,Heated Tobacco,Value,T1,14,65,10.19600093,1297.273367,895.0167333,402.2566333
Venezuela,Retail,Cigarettes,Premium,T2,17,98,10.19999558,505.2091143,303.1254732,202.0836411
Honduras,Retail,Oral Nicotine,Value,T2,17,77,10.19999768,1627.414677,976.4486874,650.9659896
Argentina,Retail,Oral Nicotine,Premium,T2,18,70,10.1999991,2497.6905,1263.6142,1234.0763
Dominican Republic,E-Commerce,Heated Tobacco,Value,T3,13,47,10.38725017,1490.981729,1191.15,299.8317286
Turkey,Key Accounts,Heated Tobacco,Value,T1,26,64,10.39999948,3574.285681,1429.714252,2144.571429
Honduras,Retail,Heated Tobacco,Premium,T2,18,57,10.4952829,2413.70115,1430.5167,983.18445
Nigeria,Key Accounts,Cigarettes,Value,T1,35,117,10.49999957,1038.929353,311.6787864,727.2505671
Japan,Key Accounts,Cigarettes,Core,T1,11,49,10.5,389.42378,374.67378,14.75
New Zealand,E-Commerce,Oral Nicotine,Premium,T3,13,49,10.5527498,2433.52498,1940.125,493.39998
Spain,E-Commerce,Oral Nicotine,Premium,T3,11,46,10.59999955,1409.7977,1357.1143,52.6834
Thailand,Retail,Cigarettes,Value,T2,16,93,10.60729678,1214.466601,855.0484273,359.4181736
Philippines,E-Commerce,Oral Nicotine,Core,T3,15,60,10.64999943,2965.3404,2012.8471,952.4933
Netherlands,Retail,Oral Nicotine,Core,T2,19,88,10.66169561,3222.6737,1544.016686,1678.657014
Venezuela,Retail,Cigarettes,Core,T2,18,81,10.79999415,682.3355039,409.4012684,272.9342355
Colombia,Retail,Heated Tobacco,Core,T2,11,51,10.98999968,1582.0434,1580.2381,1.8053
Nicaragua,Retail,Heated Tobacco,Premium,T2,11,50,10.99447721,1314.770258,1313.988958,0.7813
El Salvador,Key Accounts,Heated Tobacco,Premium,T1,11,48,10.99799984,1420.20671,1420.01431,0.1924
Spain,Key Accounts,Oral Nicotine,Premium,T1,12,46,10.99999965,2606.2334,1965.4,640.8334
Algeria,Key Accounts,Cigarettes,Premium,T1,11,40,11,573.2787879,573.2787879,0
Austria,Retail,Oral Nicotine,Premium,T2,11,35,11,2865.0096,2865.0096,0
Bangladesh,Retail,Cigarettes,Premium,T2,11,60,11,269.5671051,269.5671051,0
Canada,Retail,Heated Tobacco,Core,T2,11,40,11,1914.666667,1914.666667,0
Chile,Retail,Cigarettes,Premium,T2,11,51,11,363.0096,363.0096,0
Ghana,Retail,Cigarettes,Premium,T2,11,36,11,274.58328,274.58328,0
Iraq,Key Accounts,Heated Tobacco,Value,T1,11,18,11,1639.25,1639.25,0
Iraq,Retail,Oral Nicotine,Value,T2,11,20,11,1286.5,1286.5,0
Israel,Retail,Cigarettes,Core,T2,11,32,11,430.9762333,430.9762333,0
Kenya,Retail,Cigarettes,Value,T2,11,24,11,1116.15,1116.15,0
Morocco,Key Accounts,Heated Tobacco,Core,T1,11,50,11,1919.1012,1919.1012,0
Morocco,Key Accounts,Oral Nicotine,Value,T1,11,15,11,1317,1317,0
Morocco,Retail,Heated Tobacco,Value,T2,11,19,11,1866.8333,1866.8333,0
Mozambique,Retail,Cigarettes,Premium,T2,11,23,11,445.15,445.15,0
Mozambique,Retail,Cigarettes,Value,T2,11,31,11,514.8749667,514.8749667,0
Nicaragua,E-Commerce,Cigarettes,Value,T3,11,59,11,190.3547286,190.3547286,0
Poland,Key Accounts,Cigarettes,Value,T1,11,21,11,648.8333333,648.8333333,0
Romania,Retail,Cigarettes,Core,T2,11,30,11,395.5833,395.5833,0
Russia,E-Commerce,Cigarettes,Premium,T3,11,43,11,613.1761321,613.1761321,0
South Africa,E-Commerce,Cigarettes,Core,T3,11,33,11,503.5833,503.5833,0
South Africa,Retail,Oral Nicotine,Core,T2,11,27,11,1506.875,1506.875,0
Ukraine,E-Commerce,Cigarettes,Premium,T3,11,29,11,298.7833333,298.7833333,0
Ukraine,Retail,Oral Nicotine,Premium,T2,11,21,11,2556.5,2556.5,0
Spain,Key Accounts,Oral Nicotine,Core,T1,12,55,11.2,2542.382,2178.4445,363.9375
Brazil,E-Commerce,Heated Tobacco,Premium,T3,14,75,11.25777581,1653.047064,1272.368045,380.6790182
Venezuela,Retail,Cigarettes,Value,T2,19,105,11.39997904,708.1502917,424.8900542,283.2602375
Panama,Key Accounts,Cigarettes,Premium,T1,19,90,11.40000872,946.0065093,567.6040429,378.4024664
United Kingdom,Key Accounts,Oral Nicotine,Core,T1,14,69,11.53663567,2485.086169,2328.154452,156.9317167
Turkey,Retail,Oral Nicotine,Value,T2,29,75,11.59999984,5261.666633,2104.666633,3157
Turkey,Key Accounts,Heated Tobacco,Premium,T1,29,81,11.60000063,4668.238167,1867.29531,2800.942857
Honduras,Key Accounts,Oral Nicotine,Core,T1,20,58,11.69999637,2776.9445,1577.1666,1199.7779
Tanzania,Retail,Cigarettes,Premium,T2,12,45,11.69999823,928.1131,907.0464,21.0667
Italy,Key Accounts,Oral Nicotine,Core,T1,14,49,11.69999959,1853.45,1535.4,318.05
Dominican Republic,E-Commerce,Oral Nicotine,Core,T3,18,85,11.75823486,1849.652911,1140.015122,709.6377889
New Zealand,Key Accounts,Heated Tobacco,Core,T1,15,50,11.80000009,2543.3333,2163.5,379.8333
New Zealand,E-Commerce,Cigarettes,Premium,T3,16,69,11.80000117,1035.16116,791.5,243.66116
Argentina,Retail,Cigarettes,Core,T2,20,89,11.81551819,530.7566511,314.3934934,216.3631577
United Kingdom,E-Commerce,Oral Nicotine,Premium,T3,12,53,11.86478792,1757.184369,1726.022031,31.16233846
Argentina,Retail,Heated Tobacco,Core,T2,20,74,11.98400215,2222.4385,1330.375,892.0635
Honduras,Retail,Heated Tobacco,Core,T2,21,82,11.9862809,2478.560205,1460.2238,1018.336405
Honduras,Retail,Heated Tobacco,Value,T2,21,104,11.9874804,1916.166464,1072.152545,844.0139193
Honduras,Key Accounts,Heated Tobacco,Core,T1,20,70,11.98855586,2839.636695,1702.235676,1137.401019
Nicaragua,Key Accounts,Heated Tobacco,Core,T1,12,49,11.99215286,1478.462148,1477.200033,1.262114286
Netherlands,Key Accounts,Cigarettes,Value,T1,24,110,11.99998606,1039.771091,519.8853864,519.8857042
Panama,Key Accounts,Cigarettes,Core,T1,20,78,11.99999515,319.0463267,191.4277867,127.61854
Panama,Key Accounts,Cigarettes,Value,T1,20,85,11.99999904,407.8453554,244.7071125,163.1382429
Algeria,Retail,Cigarettes,Premium,T2,12,42,12,1031.5714,1031.5714,0
Bangladesh,Retail,Cigarettes,Value,T2,12,66,12,260.208725,260.208725,0
Belarus,Retail,Cigarettes,Value,T2,12,26,12,233.8,233.8,0
Belgium,Key Accounts,Cigarettes,Value,T1,12,47,12,371.7356,371.7356,0
Belgium,Retail,Cigarettes,Value,T2,12,67,12,1195.750297,1195.750297,0
Canada,E-Commerce,Cigarettes,Premium,T3,12,33,12,399.2916667,399.2916667,0
Canada,E-Commerce,Cigarettes,Value,T3,12,32,12,466.249975,466.249975,0
Colombia,Key Accounts,Cigarettes,Premium,T1,12,63,12,385.466745,385.466745,0
Egypt,Retail,Oral Nicotine,Core,T2,12,34,12,1120.476157,1120.476157,0
Ghana,Retail,Cigarettes,Core,T2,12,35,12,647.525,647.525,0
Guatemala,E-Commerce,Oral Nicotine,Premium,T3,12,50,12,909.0944,909.0944,0
Iran,Retail,Oral Nicotine,Core,T2,12,19,12,1954.5,1954.5,0
Malaysia,Retail,Cigarettes,Value,T2,12,68,12,914.0176906,914.0176906,0
Malaysia,Retail,Oral Nicotine,Core,T2,12,45,12,1953.47138,1953.47138,0
Nicaragua,Key Accounts,Oral Nicotine,Premium,T1,12,32,12,1790.8,1790.8,0
Romania,Retail,Cigarettes,Value,T2,12,30,12,275.4999667,275.4999667,0
Russia,E-Commerce,Cigarettes,Core,T3,12,15,12,435.6666667,435.6666667,0
Russia,Retail,Heated Tobacco,Premium,T2,12,37,12,1998.1666,1998.1666,0
Senegal,Retail,Cigarettes,Value,T2,12,38,12,900.5357429,900.5357429,0
Singapore,Retail,Cigarettes,Premium,T2,12,65,12,433.9833729,433.9833729,0
South Africa,Retail,Heated Tobacco,Value,T2,12,35,12,1725.416663,1725.416663,0
Ukraine,E-Commerce,Cigarettes,Core,T3,12,32,12,240.7833,240.7833,0
Ukraine,E-Commerce,Cigarettes,Value,T3,12,41,12,411.5118571,411.5118571,0
Ukraine,Key Accounts,Cigarettes,Premium,T1,12,34,12,1031.416633,1031.416633,0
Turkey,Retail,Heated Tobacco,Value,T2,30,75,12.00000017,4632.375033,1852.950033,2779.425
Philippines,E-Commerce,Cigarettes,Value,T3,20,100,12.28963032,486.1510339,321.2554961,164.8955379
Honduras,Retail,Oral Nicotine,Core,T2,22,90,12.29999235,2025.6801,946.9078,1078.7723
Nigeria,Key Accounts,Cigarettes,Premium,T1,41,107,12.30000218,1948.313263,584.4940171,1363.819246
Dominican Republic,Key Accounts,Heated Tobacco,Core,T1,16,70,12.36621264,1579.95995,1220.984825,358.975125
Philippines,Key Accounts,Heated Tobacco,Value,T1,19,78,12.4149806,2523.46212,1685.42618,838.03594
Honduras,Key Accounts,Cigarettes,Value,T1,21,107,12.59999751,510.564326,306.3386679,204.2256581
New Zealand,E-Commerce,Cigarettes,Value,T3,16,62,12.59999893,699.0000889,596.2778222,102.7222667
Italy,Key Accounts,Oral Nicotine,Value,T1,16,59,12.60000006,3180.908325,2354.991725,825.9166
Italy,Key Accounts,Heated Tobacco,Value,T1,15,59,12.60000251,2328.2276,2053.4501,274.7775
Honduras,Key Accounts,Cigarettes,Premium,T1,21,122,12.60002408,772.2895142,463.3737807,308.9157336
Philippines,E-Commerce,Cigarettes,Core,T3,21,87,12.62557336,908.909347,549.116822,359.792525
Tanzania,Key Accounts,Cigarettes,Value,T1,13,54,12.91127757,308.9611333,300.9333667,8.027766667
Nicaragua,E-Commerce,Heated Tobacco,Value,T3,13,60,12.99399979,2327.0291,2325.6512,1.3779
Guatemala,E-Commerce,Heated Tobacco,Value,T3,13,50,12.99400015,1865.5896,1864.55,1.0396
Belarus,Retail,Cigarettes,Core,T2,13,22,13,649.25,649.25,0
Belgium,Key Accounts,Cigarettes,Core,T1,13,65,13,373.4347897,373.4347897,0
Colombia,Retail,Oral Nicotine,Premium,T2,13,60,13,1175.419071,1175.419071,0
Cuba,Key Accounts,Oral Nicotine,Premium,T1,13,55,13,1391.769797,1391.769797,0
Democratic Republic of the Congo,Key Accounts,Cigarettes,Core,T1,13,42,13,885.1666889,885.1666889,0
Guatemala,E-Commerce,Cigarettes,Value,T3,13,59,13,213.5787,213.5787,0
Iraq,E-Commerce,Cigarettes,Premium,T3,13,28,13,1048.5,1048.5,0
Iraq,Retail,Heated Tobacco,Core,T2,13,35,13,2171.750033,2171.750033,0
Iraq,Retail,Heated Tobacco,Premium,T2,13,24,13,1682.75,1682.75,0
Iraq,Retail,Oral Nicotine,Core,T2,13,21,13,2478.916667,2478.916667,0
Malaysia,Retail,Cigarettes,Premium,T2,13,82,13,234.5404843,234.5404843,0
Morocco,Retail,Oral Nicotine,Core,T2,13,37,13,1522.625,1522.625,0
Romania,Key Accounts,Cigarettes,Core,T1,13,30,13,509.1666667,509.1666667,0
Romania,Retail,Cigarettes,Premium,T2,13,29,13,470.4166667,470.4166667,0
Saudi Arabia,E-Commerce,Cigarettes,Core,T3,13,52,13,426.1428036,426.1428036,0
Singapore,Retail,Cigarettes,Core,T2,13,102,13,467.6228771,467.6228771,0
Sudan,Retail,Cigarettes,Value,T2,13,32,13,374.5999667,374.5999667,0
France,E-Commerce,Oral Nicotine,Core,T3,15,56,13.02520653,2729.580056,2056.547622,673.0324333
France,E-Commerce,Oral Nicotine,Value,T3,14,49,13.04588665,2783.317393,2538.421418,244.895975
Philippines,Retail,Heated Tobacco,Core,T2,20,90,13.17161265,4040.873937,2784.355486,1256.518451
Honduras,E-Commerce,Cigarettes,Core,T3,22,112,13.19999985,1015.406744,609.2441002,406.1626442
Honduras,Key Accounts,Oral Nicotine,Value,T1,22,95,13.20000041,1695.6901,1017.414069,678.2760308
Indonesia,E-Commerce,Heated Tobacco,Premium,T3,17,71,13.27013647,2341.20024,1966.203563,374.9966771
Vietnam,Retail,Cigarettes,Value,T2,16,77,13.28000423,540.3513738,448.491722,91.85965179
Myanmar (Burma),Retail,Cigarettes,Value,T2,16,58,13.28000835,911.5742886,756.6068091,154.9674795
Philippines,Key Accounts,Cigarettes,Premium,T1,21,88,13.37896105,581.1961286,372.07538,209.1207486
Nigeria,Key Accounts,Cigarettes,Core,T1,45,124,13.50000055,1695.65892,508.6976667,1186.961253
Thailand,Retail,Cigarettes,Premium,T2,23,131,13.73025944,685.5436841,388.5228858,297.0207983
El Salvador,E-Commerce,Oral Nicotine,Premium,T3,14,45,13.8,1667.4332,1553.4332,114
El Salvador,Key Accounts,Oral Nicotine,Premium,T1,14,45,13.8,1388.0001,1343.0001,45
Nicaragua,Key Accounts,Oral Nicotine,Value,T1,14,64,13.8,1051.423177,1015.673177,35.75
Tanzania,Retail,Cigarettes,Value,T2,14,43,13.80000009,1085.972222,1052.722222,33.25
Philippines,Retail,Heated Tobacco,Premium,T2,21,70,13.95000214,3458.8684,2403.55,1055.3184
New Zealand,Key Accounts,Heated Tobacco,Premium,T1,16,57,13.96915704,2899.472233,2606.25,293.2222333
Cuba,Key Accounts,Heated Tobacco,Core,T1,14,64,13.9882054,1923.10998,1921.34113,1.76885
El Salvador,Key Accounts,Heated Tobacco,Value,T1,14,62,13.99149336,1131.916538,1130.707693,1.208845
Guatemala,Key Accounts,Heated Tobacco,Value,T1,14,67,13.99400018,1508.3997,1507.3149,1.0848
El Salvador,Key Accounts,Heated Tobacco,Core,T1,14,66,13.99524905,1662.27577,1661.764997,0.510773626
Angola,Retail,Cigarettes,Premium,T2,14,50,14,566.2821154,566.2821154,0
Angola,Retail,Cigarettes,Value,T2,14,54,14,360.57496,360.57496,0
Austria,E-Commerce,Cigarettes,Core,T3,14,67,14,612.5833679,612.5833679,0
Colombia,E-Commerce,Cigarettes,Core,T3,14,66,14,240.8714333,240.8714333,0
Democratic Republic of the Congo,E-Commerce,Cigarettes,Core,T3,14,40,14,444.875,444.875,0
Egypt,Retail,Heated Tobacco,Core,T2,14,28,14,2287.166667,2287.166667,0
Egypt,Retail,Oral Nicotine,Premium,T2,14,39,14,2142.1607,2142.1607,0
Egypt,Retail,Oral Nicotine,Value,T2,14,33,14,1621,1621,0
El Salvador,E-Commerce,Cigarettes,Value,T3,14,91,14,233.8931955,233.8931955,0
Guatemala,E-Commerce,Cigarettes,Premium,T3,14,92,14,434.2003682,434.2003682,0
Iran,E-Commerce,Cigarettes,Value,T3,14,46,14,420.6286,420.6286,0
Iran,Key Accounts,Heated Tobacco,Core,T1,14,60,14,3246.811967,3246.811967,0
Romania,Key Accounts,Cigarettes,Value,T1,14,21,14,1182.5,1182.5,0
Russia,Key Accounts,Heated Tobacco,Core,T1,14,25,14,2262.916667,2262.916667,0
Russia,Retail,Heated Tobacco,Core,T2,14,29,14,3351.9167,3351.9167,0
South Africa,Retail,Heated Tobacco,Premium,T2,14,30,14,3548.633333,3548.633333,0
Thailand,Retail,Cigarettes,Core,T2,23,121,14.06532899,835.6279643,501.1142405,334.5137238
Dominican Republic,Retail,Oral Nicotine,Core,T2,20,99,14.09400911,2454.4156,1750.983333,703.4322667
Indonesia,Key Accounts,Heated Tobacco,Premium,T1,17,69,14.20007387,2169.577817,1868.450827,301.1269905
Brazil,E-Commerce,Heated Tobacco,Core,T3,15,101,14.39172252,1945.867045,1891.381968,54.48507744
Turkey,Retail,Oral Nicotine,Core,T2,36,103,14.39999988,6443.244043,2577.297614,3865.946429
New Zealand,Retail,Oral Nicotine,Premium,T2,17,57,14.55825637,3094.875,2690.819444,404.0555556
United Kingdom,E-Commerce,Oral Nicotine,Value,T3,17,77,14.60000124,2922.6238,2732.0334,190.5904
Brazil,E-Commerce,Oral Nicotine,Core,T3,16,72,14.77053815,1494.320157,1432.909443,61.41071429
New Zealand,Retail,Heated Tobacco,Core,T2,18,62,14.80000112,3026.1249,2614.2083,411.9166
Vietnam,Retail,Cigarettes,Premium,T2,18,75,14.93999377,948.8611955,787.5545545,161.3066409
Cuba,Key Accounts,Heated Tobacco,Premium,T1,15,63,14.98019357,1997.177723,1993.86669,3.311033333
Dominican Republic,Retail,Heated Tobacco,Value,T2,20,75,14.98399651,2409.7936,1751.8718,657.9218
Colombia,Retail,Heated Tobacco,Value,T2,15,55,14.99022216,1348.39599,1347.461951,0.934038095
Philippines,Key Accounts,Cigarettes,Core,T1,25,114,14.99340875,1076.976218,743.4134714,333.562747
Algeria,Retail,Cigarettes,Core,T2,15,65,15,425.6653498,425.6653498,0
Austria,Key Accounts,Cigarettes,Value,T1,15,69,15,621.2469406,621.2469406,0
Canada,E-Commerce,Cigarettes,Core,T3,15,46,15,766.547681,766.547681,0
Colombia,E-Commerce,Cigarettes,Value,T3,15,59,15,314.8828494,314.8828494,0
Democratic Republic of the Congo,E-Commerce,Cigarettes,Value,T3,15,51,15,1373.222222,1373.222222,0
Egypt,E-Commerce,Cigarettes,Premium,T3,15,51,15,1059.3667,1059.3667,0
Egypt,Retail,Heated Tobacco,Premium,T2,15,25,15,3160.500033,3160.500033,0
El Salvador,Key Accounts,Oral Nicotine,Value,T1,15,42,15,2061.116617,2061.116617,0
Iran,Retail,Oral Nicotine,Premium,T2,15,31,15,2679.250033,2679.250033,0
Iran,Retail,Oral Nicotine,Value,T2,15,50,15,2023.250033,2023.250033,0
Iraq,E-Commerce,Cigarettes,Core,T3,15,40,15,354.7618762,354.7618762,0
Iraq,Key Accounts,Cigarettes,Premium,T1,15,56,15,240.5138639,240.5138639,0
Morocco,Retail,Heated Tobacco,Core,T2,15,30,15,2062.6,2062.6,0
Nicaragua,E-Commerce,Cigarettes,Core,T3,15,58,15,279.8880771,279.8880771,0
Nicaragua,E-Commerce,Cigarettes,Premium,T3,15,71,15,218.8647492,218.8647492,0
Nicaragua,Retail,Oral Nicotine,Core,T2,15,63,15,768.208275,768.208275,0
Nicaragua,Retail,Oral Nicotine,Value,T2,15,77,15,1621.767355,1621.767355,0
Poland,Retail,Cigarettes,Core,T2,15,49,15,516.4761905,516.4761905,0
Saudi Arabia,E-Commerce,Cigarettes,Premium,T3,15,41,15,612.6666083,612.6666083,0
Singapore,Retail,Cigarettes,Value,T2,15,51,15,693.8332667,693.8332667,0
South Africa,Key Accounts,Heated Tobacco,Core,T1,15,36,15,3029.5,3029.5,0
South Africa,Retail,Heated Tobacco,Core,T2,15,45,15,3400.000013,3400.000013,0
Italy,Retail,Oral Nicotine,Core,T2,19,86,15.00000033,3577.8393,3004.4643,573.375
Honduras,E-Commerce,Cigarettes,Value,T3,25,130,15.00000345,1015.300236,609.180191,406.1200455
New Zealand,Key Accounts,Oral Nicotine,Core,T1,19,70,15.02495467,3766.8528,3086.325,680.5278
Turkey,E-Commerce,Cigarettes,Core,T3,38,90,15.19999973,1346.437508,538.5750083,807.8625
Honduras,Retail,Oral Nicotine,Premium,T2,26,93,15.29999924,2789.503833,1587.988167,1201.515667
Turkey,Retail,Heated Tobacco,Core,T2,39,98,15.60000017,7125.598225,2850.239325,4275.3589
Panama,Retail,Cigarettes,Core,T2,26,149,15.60000109,508.5255249,305.1153468,203.4101781
New Zealand,E-Commerce,Cigarettes,Core,T3,19,84,15.60000205,554.2758,471.4286,82.8472
Turkey,E-Commerce,Cigarettes,Premium,T3,39,122,15.6000031,1898.482271,759.3929857,1139.089286
Mexico,E-Commerce,Oral Nicotine,Premium,T3,21,102,15.61096765,1835.49272,1415.51782,419.9749
El Salvador,Key Accounts,Oral Nicotine,Core,T1,16,79,15.83643186,1373.188033,1353.208867,19.97916667
Guatemala,Retail,Heated Tobacco,Premium,T2,16,70,15.98600057,1711.9117,1709.9375,1.9742
Netherlands,Retail,Cigarettes,Value,T2,32,210,15.99999395,1780.192485,890.0961206,890.096364
Angola,Retail,Cigarettes,Core,T2,16,45,16,955.9166667,955.9166667,0
Bangladesh,Retail,Cigarettes,Core,T2,16,90,16,393.698825,393.698825,0
Belgium,Retail,Cigarettes,Premium,T2,16,82,16,1631.286095,1631.286095,0
Cuba,Key Accounts,Oral Nicotine,Value,T1,16,82,16,1633.77608,1633.77608,0
Egypt,E-Commerce,Cigarettes,Value,T3,16,53,16,481.6833333,481.6833333,0
Guatemala,Retail,Oral Nicotine,Value,T2,16,71,16,2039.6897,2039.6897,0
Iran,E-Commerce,Cigarettes,Premium,T3,16,52,16,551.8987762,551.8987762,0
Iraq,E-Commerce,Cigarettes,Value,T3,16,41,16,688.0119048,688.0119048,0
Saudi Arabia,Retail,Heated Tobacco,Premium,T2,16,51,16,2932.868182,2932.868182,0
Ukraine,Retail,Heated Tobacco,Premium,T2,16,52,16,2531.025,2531.025,0
Ukraine,Retail,Heated Tobacco,Value,T2,16,40,16,3165.625025,3165.625025,0
Nicaragua,Retail,Oral Nicotine,Premium,T2,17,73,16.00000037,2851.619862,2543.161662,308.4582
Turkey,Retail,Heated Tobacco,Premium,T2,40,88,16.00000045,5339.2917,2135.7167,3203.575
Philippines,Retail,Oral Nicotine,Premium,T2,23,120,16.25000124,3141.510257,2032.019506,1109.490751
France,E-Commerce,Oral Nicotine,Premium,T3,18,110,16.37393074,2347.556397,2037.423279,310.1331181
New Zealand,Retail,Oral Nicotine,Core,T2,20,72,16.39999954,3086.027863,2617.6667,468.3611625
New Zealand,Retail,Heated Tobacco,Value,T2,21,84,16.40000005,2370.270883,1768.624983,601.6459
Brazil,E-Commerce,Oral Nicotine,Premium,T3,20,84,16.53066071,2341.981538,1992.797637,349.1839
Spain,Key Accounts,Oral Nicotine,Value,T1,17,69,16.62449371,2021.690416,1949.727916,71.9625
Germany,E-Commerce,Oral Nicotine,Value,T3,18,64,16.70000044,3969.090233,3601.166633,367.9236
Germany,E-Commerce,Oral Nicotine,Premium,T3,19,69,16.70000062,3039.1171,2476.739,562.3781
Germany,E-Commerce,Heated Tobacco,Premium,T3,17,76,16.75588235,2536.891186,2516.141186,20.75
Dominican Republic,Retail,Oral Nicotine,Premium,T2,26,97,16.79552295,3239.21765,1944.690075,1294.527575
Honduras,E-Commerce,Cigarettes,Premium,T3,28,127,16.80000521,594.3741,356.6246167,237.7494833
Colombia,Retail,Oral Nicotine,Value,T2,17,74,16.81237313,1768.313125,1675.813075,92.50005
United Kingdom,E-Commerce,Heated Tobacco,Premium,T3,18,84,16.82279824,2757.066695,2535.258395,221.8083
Argentina,Retail,Cigarettes,Value,T2,30,158,16.89282708,1165.950249,688.4769386,477.4733108
Nicaragua,Retail,Heated Tobacco,Core,T2,17,64,16.98489084,2065.937338,2063.474987,2.46235
Austria,Key Accounts,Cigarettes,Core,T1,17,66,17,1043.083325,1043.083325,0
Austria,Key Accounts,Cigarettes,Premium,T1,17,57,17,1207.783433,1207.783433,0
Democratic Republic of the Congo,Key Accounts,Cigarettes,Premium,T1,17,55,17,405.1892857,405.1892857,0
Egypt,Retail,Heated Tobacco,Value,T2,17,41,17,2668.291667,2668.291667,0
Guatemala,Key Accounts,Cigarettes,Core,T1,17,88,17,769.8559168,769.8559168,0
Iran,E-Commerce,Cigarettes,Core,T3,17,67,17,1057.614314,1057.614314,0
Russia,E-Commerce,Cigarettes,Value,T3,17,47,17,635.4167,635.4167,0
Russia,Key Accounts,Cigarettes,Premium,T1,17,64,17,435.4583583,435.4583583,0
Dominican Republic,Retail,Heated Tobacco,Premium,T2,22,81,17.08648551,2195.49228,1726.49512,468.99716
Spain,Key Accounts,Heated Tobacco,Premium,T1,18,96,17.2372511,3414.056394,3233.364964,180.6914308
Brazil,E-Commerce,Heated Tobacco,Value,T3,21,81,17.3820014,2512.3755,2117.7279,394.6476
France,E-Commerce,Heated Tobacco,Premium,T3,21,97,17.51882867,4719.648429,3810.174232,909.4741961
Dominican Republic,Retail,Heated Tobacco,Core,T2,24,83,17.68450232,3027.789186,2299.677829,728.1113571
Dominican Republic,Retail,Oral Nicotine,Value,T2,26,108,17.79999271,2381.560411,1658.008118,723.5522929
New Zealand,Retail,Oral Nicotine,Value,T2,23,82,17.7999993,4809.027883,3874.75,934.2778833
Indonesia,Key Accounts,Heated Tobacco,Core,T1,22,103,17.82870206,3479.725158,2927.201658,552.5235005
Spain,Retail,Oral Nicotine,Value,T2,19,83,17.84720889,2983.420083,2775.961817,207.4582667
United Kingdom,E-Commerce,Heated Tobacco,Core,T3,18,72,17.89999992,4042.740929,4017.963129,24.7778
Brazil,Key Accounts,Heated Tobacco,Premium,T1,22,106,17.91211748,3346.578166,2719.639434,626.9387316
Indonesia,Key Accounts,Oral Nicotine,Premium,T1,23,99,17.94955363,5072.426265,3761.827495,1310.59877
Spain,Retail,Oral Nicotine,Premium,T2,20,80,17.95395421,3979.416725,3146.983325,832.4334
Netherlands,Retail,Cigarettes,Premium,T2,36,181,17.99999408,1883.476134,941.7379383,941.7381958
Chile,Retail,Cigarettes,Value,T2,18,66,18,639.838,639.838,0
Colombia,Key Accounts,Cigarettes,Core,T1,18,74,18,422.8214,422.8214,0
Cuba,Key Accounts,Oral Nicotine,Core,T1,18,71,18,1931.415433,1931.415433,0
Democratic Republic of the Congo,Retail,Heated Tobacco,Value,T2,18,67,18,3352.6667,3352.6667,0
Iraq,Key Accounts,Cigarettes,Core,T1,18,48,18,1115.850033,1115.850033,0
Japan,Retail,Cigarettes,Core,T2,19,93,18,509.8532208,480.8532208,29
Morocco,E-Commerce,Cigarettes,Core,T3,18,56,18,883.2499333,883.2499333,0
Morocco,E-Commerce,Cigarettes,Premium,T3,18,56,18,846.1634365,846.1634365,0
Poland,Retail,Cigarettes,Premium,T2,18,59,18,573.6416292,573.6416292,0
Russia,Key Accounts,Cigarettes,Core,T1,18,48,18,533.2167,533.2167,0
Honduras,Key Accounts,Cigarettes,Core,T1,30,147,18.00000929,1425.336556,855.2018178,570.1347381
Panama,Retail,Cigarettes,Value,T2,30,107,18.00001205,637.7161768,382.6298804,255.0862964
Dominican Republic,Key Accounts,Cigarettes,Core,T1,23,105,18.39999809,921.9074547,737.5259297,184.3815249
Italy,Key Accounts,Heated Tobacco,Core,T1,24,110,18.40000035,4957.337263,3612.516583,1344.82068
India,E-Commerce,Oral Nicotine,Core,T3,19,91,18.5,2731.311991,2463.311991,268
Brazil,E-Commerce,Oral Nicotine,Value,T3,22,95,18.5880253,2649.921819,2277.615569,372.30625
Spain,Key Accounts,Heated Tobacco,Value,T1,20,84,18.84271053,3112.307183,2913.8666,198.4405833
Indonesia,Key Accounts,Oral Nicotine,Value,T1,25,91,18.90984962,3192.354658,2348.388821,843.9658375
Cuba,Retail,Heated Tobacco,Premium,T2,19,83,18.98637326,1912.31931,1910.85945,1.45986
El Salvador,Retail,Heated Tobacco,Premium,T2,19,77,18.98800007,2765.376406,2763.147306,2.2291
Algeria,Retail,Cigarettes,Value,T2,19,61,19,682.39998,682.39998,0
Canada,Key Accounts,Cigarettes,Premium,T1,19,52,19,809.874975,809.874975,0
Colombia,Key Accounts,Cigarettes,Value,T1,19,70,19,372.3528375,372.3528375,0
Cuba,Retail,Oral Nicotine,Value,T2,19,83,19,2361.428826,2361.428826,0
Democratic Republic of the Congo,Key Accounts,Cigarettes,Value,T1,19,45,19,989.5,989.5,0
Morocco,E-Commerce,Cigarettes,Value,T3,19,66,19,730.0595238,730.0595238,0
Morocco,Key Accounts,Cigarettes,Premium,T1,19,63,19,747.5930128,747.5930128,0
Nicaragua,Key Accounts,Oral Nicotine,Core,T1,19,76,19,2078.464716,2078.464716,0
Poland,Key Accounts,Cigarettes,Core,T1,19,42,19,599.2083333,599.2083333,0
Saudi Arabia,Key Accounts,Cigarettes,Core,T1,19,72,19,1147.438906,1147.438906,0
South Africa,E-Commerce,Cigarettes,Premium,T3,19,64,19,1466.236908,1466.236908,0
South Africa,E-Commerce,Cigarettes,Value,T3,19,63,19,1340.241667,1340.241667,0
South Africa,Key Accounts,Cigarettes,Value,T1,19,39,19,1019.25,1019.25,0
Philippines,Key Accounts,Cigarettes,Value,T1,31,148,19.06294595,1326.892437,917.3496175,409.5428194
Vietnam,Retail,Cigarettes,Core,T2,23,86,19.08998683,1291.823523,1072.213414,219.6101086
Nigeria,Retail,Cigarettes,Core,T2,64,207,19.20000113,2936.897334,881.0692218,2055.828112
Panama,Retail,Cigarettes,Premium,T2,32,156,19.20000893,1376.524474,825.9148088,550.6096648
Argentina,Retail,Cigarettes,Premium,T2,33,209,19.27732072,758.6251768,444.1166698,314.508507
United Kingdom,E-Commerce,Heated Tobacco,Value,T3,20,60,19.29999948,3693.805423,3346.157223,347.6482
Mexico,E-Commerce,Oral Nicotine,Value,T3,25,117,19.31619791,3685.139917,2903.911928,781.2279889
China,E-Commerce,Oral Nicotine,Value,T3,21,92,19.59999995,4368.1715,3921.6783,446.4932
Turkey,E-Commerce,Cigarettes,Value,T3,49,152,19.60000092,2388.210342,955.284152,1432.92619
Philippines,Retail,Oral Nicotine,Value,T2,29,144,19.66392451,4688.914764,2803.106936,1885.807827
Philippines,Retail,Heated Tobacco,Value,T2,29,133,19.67692359,6135.089969,4215.342871,1919.747098
Spain,Retail,Heated Tobacco,Premium,T2,21,95,19.81487992,3921.793004,3678.503557,243.2894471
New Zealand,Key Accounts,Cigarettes,Core,T1,24,105,19.85096237,665.4138917,594.4805667,70.933325
Nicaragua,Retail,Heated Tobacco,Value,T2,20,92,19.98518546,2610.572557,2608.440495,2.132061429
Cuba,Key Accounts,Heated Tobacco,Value,T1,20,80,19.9878821,2453.576017,2452.000017,1.576
Guatemala,Retail,Heated Tobacco,Core,T2,20,83,19.99204073,2001.096187,2000.06068,1.035506667
Netherlands,Retail,Cigarettes,Core,T2,40,192,19.99999458,1414.328262,707.1640952,707.1641673
Canada,Key Accounts,Cigarettes,Value,T1,20,60,20,1293.86513,1293.86513,0
Cuba,E-Commerce,Cigarettes,Core,T3,20,92,20,297.2107429,297.2107429,0
Cuba,Retail,Oral Nicotine,Premium,T2,20,71,20,2076.165124,2076.165124,0
Egypt,Key Accounts,Cigarettes,Premium,T1,20,70,20,709.2916583,709.2916583,0
Egypt,Key Accounts,Cigarettes,Value,T1,20,58,20,1119.095238,1119.095238,0
Dominican Republic,Key Accounts,Cigarettes,Premium,T1,25,110,20.00000152,1231.603222,985.2825222,246.3207
Germany,E-Commerce,Heated Tobacco,Value,T3,21,95,20.29591989,3257.679556,3105.014951,152.6646048
Germany,E-Commerce,Heated Tobacco,Core,T3,21,121,20.31731357,3420.613118,3231.471781,189.1413375
Japan,Retail,Cigarettes,Premium,T2,21,89,20.5,891.2334533,878.90012,12.33333333
Guatemala,Retail,Oral Nicotine,Core,T2,21,68,20.60000009,2094.7461,1966.8607,127.8854
Germany,E-Commerce,Oral Nicotine,Core,T3,24,86,20.65000188,5321.94543,3830.90718,1491.03825
Guatemala,Retail,Oral Nicotine,Premium,T2,21,74,20.8,2369.065525,2298.065525,71
Dominican Republic,E-Commerce,Cigarettes,Core,T3,26,104,20.80001656,444.3034036,355.4429679,88.86043571
Indonesia,E-Commerce,Cigarettes,Core,T3,30,168,20.91372553,1674.094126,1303.510803,370.5833227
Mexico,E-Commerce,Heated Tobacco,Value,T3,21,86,20.98419688,1893.972725,1891.7691,2.203625
Guatemala,Retail,Heated Tobacco,Value,T2,21,80,20.98773452,2296.733157,2295.106314,1.626842857
Egypt,E-Commerce,Cigarettes,Core,T3,21,44,21,878.75,878.75,0
El Salvador,E-Commerce,Cigarettes,Core,T3,21,81,21,356.4261571,356.4261571,0
Guatemala,Key Accounts,Cigarettes,Value,T1,21,101,21,562.6450975,562.6450975,0
India,E-Commerce,Heated Tobacco,Core,T3,21,92,21,3126.3914,3126.3914,0
India,E-Commerce,Oral Nicotine,Premium,T3,21,90,21,3708.488133,3708.488133,0
Iran,Retail,Heated Tobacco,Core,T2,21,75,21,4359.106029,4359.106029,0
Iran,Retail,Heated Tobacco,Value,T2,21,47,21,2362.723838,2362.723838,0
Iraq,Key Accounts,Cigarettes,Value,T1,21,82,21,1275.2291,1275.2291,0
Russia,Key Accounts,Cigarettes,Value,T1,21,60,21,951.5118429,951.5118429,0
Saudi Arabia,Key Accounts,Cigarettes,Value,T1,21,61,21,1587.258308,1587.258308,0
Saudi Arabia,Retail,Cigarettes,Premium,T2,21,46,21,733.9856857,733.9856857,0
Ukraine,Key Accounts,Cigarettes,Value,T1,21,83,21,1046.799589,1046.799589,0
Italy,Retail,Oral Nicotine,Premium,T2,26,123,21.19399766,4755.283333,3508.833333,1246.45
Nigeria,Retail,Cigarettes,Premium,T2,71,300,21.30000039,3157.858906,947.3577249,2210.501181
Nigeria,Retail,Cigarettes,Value,T2,71,243,21.30000088,2846.905807,854.0717881,1992.834018
Italy,Retail,Heated Tobacco,Value,T2,26,96,21.34952566,4548.046686,3859.624436,688.42225
India,E-Commerce,Oral Nicotine,Value,T3,22,71,21.5,2835.77,2761.77,74
Japan,Retail,Cigarettes,Value,T2,22,128,21.5,859.0520428,851.3377428,7.7143
Dominican Republic,E-Commerce,Cigarettes,Premium,T3,27,127,21.59998512,755.2390924,604.1912857,151.0478067
Australia,E-Commerce,Heated Tobacco,Core,T3,25,132,21.85409473,4335.573782,3729.13814,606.4356414
Germany,Key Accounts,Oral Nicotine,Core,T1,24,98,21.89999876,4218.25438,3595.38618,622.8682
Italy,Retail,Oral Nicotine,Value,T2,26,111,21.98530533,3578.488071,2908.488071,670
Cuba,Retail,Heated Tobacco,Value,T2,22,105,21.98613948,2486.501137,2484.482599,2.018538312
Turkey,Key Accounts,Cigarettes,Premium,T1,55,188,21.99999762,2707.089184,1082.835612,1624.253572
Canada,Key Accounts,Cigarettes,Core,T1,22,55,22,1382.033367,1382.033367,0
China,E-Commerce,Heated Tobacco,Premium,T3,22,107,22,3442.084082,3442.084082,0
Colombia,Retail,Cigarettes,Core,T2,22,93,22,306.0379879,306.0379879,0
Cuba,E-Commerce,Cigarettes,Value,T3,22,113,22,506.1201425,506.1201425,0
Cuba,Retail,Oral Nicotine,Core,T2,22,105,22,2383.065331,2383.065331,0
India,E-Commerce,Heated Tobacco,Premium,T3,23,124,22,3196.5259,3023.5259,173
Ukraine,Key Accounts,Cigarettes,Core,T1,22,72,22,561.0083467,561.0083467,0
New Zealand,Retail,Heated Tobacco,Premium,T2,28,108,22.02175233,3871.015382,2885.519716,985.4956667
United Kingdom,Key Accounts,Oral Nicotine,Value,T1,24,103,22.02938444,4080.479912,3738.564275,341.9156365
China,E-Commerce,Oral Nicotine,Premium,T3,23,109,22.09999993,6324.524905,5833.882005,490.6429
United Kingdom,Retail,Oral Nicotine,Premium,T2,28,108,22.23114744,6400.083333,5760.538833,639.5445
Philippines,Retail,Oral Nicotine,Core,T2,32,150,22.61809436,4418.86397,2896.89991,1521.96406
Germany,Key Accounts,Heated Tobacco,Value,T1,23,146,22.66795471,3925.431681,3863.867193,61.56448791
China,E-Commerce,Heated Tobacco,Value,T3,23,90,23,4980.342786,4980.342786,0
Egypt,Key Accounts,Cigarettes,Core,T1,23,71,23,588.25002,588.25002,0
Iran,Retail,Heated Tobacco,Premium,T2,23,67,23,3996.516667,3996.516667,0
Morocco,Key Accounts,Cigarettes,Core,T1,23,55,23,1136.427381,1136.427381,0
South Africa,Key Accounts,Cigarettes,Core,T1,23,78,23,811.0749417,811.0749417,0
Italy,Key Accounts,Heated Tobacco,Premium,T1,31,124,23.09172022,6208.994198,4536.636413,1672.357785
Australia,E-Commerce,Oral Nicotine,Value,T3,27,106,23.1465054,4566.778982,3945.016695,621.7622867
El Salvador,Retail,Oral Nicotine,Value,T2,24,92,23.2,3285.065517,3045.290517,239.775
Spain,Retail,Oral Nicotine,Core,T2,25,94,23.3318999,5075.092174,4682.717992,392.3741814
Australia,E-Commerce,Oral Nicotine,Premium,T3,27,105,23.39999675,4754.264515,4120.80782,633.456695
Brazil,Key Accounts,Oral Nicotine,Premium,T1,27,122,23.40946421,5192.539724,4497.41359,695.1261333
India,E-Commerce,Heated Tobacco,Value,T3,24,133,23.5,5560.256356,5371.256356,189
Mexico,E-Commerce,Oral Nicotine,Core,T3,31,124,23.52493743,3151.898812,2484.721424,667.1773881
Australia,E-Commerce,Heated Tobacco,Value,T3,28,141,23.75679543,4745.480566,4071.263062,674.2175038
Brazil,Key Accounts,Heated Tobacco,Core,T1,27,128,23.83601583,2676.448593,2527.844055,148.6045383
Italy,E-Commerce,Cigarettes,Premium,T3,28,121,23.861127,900.9494217,714.2727704,186.6766513
New Zealand,Key Accounts,Cigarettes,Premium,T1,30,126,23.96124658,861.7025162,682.8905248,178.8119914
Mexico,Key Accounts,Heated Tobacco,Premium,T1,24,104,23.98084981,2802.373767,2799.448367,2.9254
El Salvador,Retail,Heated Tobacco,Value,T2,24,96,23.98477936,3482.9045,3480.65475,2.24975
El Salvador,Retail,Heated Tobacco,Core,T2,24,97,23.99400009,2471.021375,2470.115575,0.9058
Austria,Retail,Cigarettes,Value,T2,24,119,24,1031.543699,1031.543699,0
China,E-Commerce,Heated Tobacco,Core,T3,24,120,24,4133.779898,4133.779898,0
El Salvador,E-Commerce,Cigarettes,Premium,T3,24,96,24,847.4560381,847.4560381,0
Guatemala,Key Accounts,Cigarettes,Premium,T1,24,113,24,684.4132943,684.4132943,0
India,Key Accounts,Heated Tobacco,Core,T1,24,98,24,4218.763108,4218.763108,0
Morocco,Key Accounts,Cigarettes,Value,T1,24,62,24,1209.8333,1209.8333,0
South Africa,Key Accounts,Cigarettes,Premium,T1,24,69,24,602.4083183,602.4083183,0
United Kingdom,Key Accounts,Oral Nicotine,Premium,T1,27,119,24.25671279,4781.725318,4633.166318,148.559
Italy,Retail,Heated Tobacco,Premium,T2,30,115,24.29244718,4894.982363,3938.666587,956.3157757
Germany,Key Accounts,Oral Nicotine,Value,T1,28,113,24.51159288,4146.711425,3370.560584,776.1508414
United Kingdom,Key Accounts,Heated Tobacco,Value,T1,25,100,24.53975912,3310.232567,3254.232567,56
Indonesia,Key Accounts,Oral Nicotine,Core,T1,35,149,24.74400073,6464.825365,4276.286802,2188.538563
Dominican Republic,Key Accounts,Cigarettes,Value,T1,31,144,24.79998052,910.9406969,728.7523552,182.1883417
Dominican Republic,E-Commerce,Cigarettes,Value,T3,31,188,24.80000081,1085.068443,868.054726,217.0137169
Brazil,Key Accounts,Heated Tobacco,Value,T1,28,108,24.98400025,3007.176729,2735.233971,271.9427571
Poland,Retail,Cigarettes,Value,T2,25,82,25,1377.570829,1377.570829,0
Saudi Arabia,Key Accounts,Cigarettes,Premium,T1,25,73,25,1076.992458,1076.992458,0
Honduras,Retail,Cigarettes,Premium,T2,42,214,25.1999687,1060.4534,636.2718157,424.1815838
Philippines,Retail,Cigarettes,Core,T2,40,245,25.21138381,1113.870749,747.8788424,365.9919068
India,Key Accounts,Heated Tobacco,Value,T1,26,120,25.50000127,6352.358936,6332.692336,19.6666
Spain,Retail,Heated Tobacco,Core,T2,27,96,25.63197452,5035.743234,4860.937834,174.8054
New Zealand,Key Accounts,Cigarettes,Value,T1,31,133,25.72738543,1470.928743,1079.88516,391.0435833
Indonesia,E-Commerce,Cigarettes,Value,T3,39,235,25.82839736,2268.289651,1724.386726,543.9029247
Cuba,Retail,Heated Tobacco,Core,T2,26,101,25.98025836,2779.184994,2776.140467,3.044526667
Brazil,Key Accounts,Oral Nicotine,Core,T1,30,121,25.99999969,3570.3497,2902.4913,667.8584
Cuba,E-Commerce,Cigarettes,Premium,T3,26,124,26,648.9645115,648.9645115,0
India,Key Accounts,Oral Nicotine,Premium,T1,26,111,26,5049.923767,5049.923767,0
Nicaragua,Key Accounts,Cigarettes,Core,T1,26,145,26,816.2716674,816.2716674,0
Saudi Arabia,Retail,Cigarettes,Core,T2,26,108,26,648.8750267,648.8750267,0
Saudi Arabia,Retail,Cigarettes,Value,T2,26,65,26,1710.68254,1710.68254,0
Indonesia,Key Accounts,Heated Tobacco,Value,T1,35,134,26.20961133,5899.726793,4754.921178,1144.805615
Honduras,Retail,Cigarettes,Core,T2,44,272,26.39999867,996.047983,597.6287057,398.4192772
Spain,E-Commerce,Cigarettes,Premium,T3,27,153,26.39999971,948.280259,908.8198317,39.46042727
Turkey,Key Accounts,Cigarettes,Value,T1,66,187,26.39999981,3711.452377,1484.580949,2226.871429
Spain,Retail,Heated Tobacco,Value,T2,28,126,26.68926795,4703.236961,4474.876853,228.3601083
Australia,E-Commerce,Oral Nicotine,Core,T3,32,183,26.73303459,5115.008283,4212.695433,902.3128498
Spain,E-Commerce,Cigarettes,Value,T3,28,147,26.76513428,1378.792302,1289.433676,89.35862582
Turkey,Key Accounts,Cigarettes,Core,T1,67,189,26.80000038,2954.465267,1181.786122,1772.679144
Indonesia,E-Commerce,Cigarettes,Premium,T3,41,176,26.82987857,1562.054822,1115.00449,447.0503329
United Kingdom,Retail,Oral Nicotine,Core,T2,31,115,26.98029881,6038.96014,5711.45308,327.50706
Austria,Retail,Cigarettes,Premium,T2,27,112,27,929.449925,929.449925,0
Colombia,Retail,Cigarettes,Premium,T2,27,170,27,1013.900083,1013.900083,0
India,Key Accounts,Heated Tobacco,Premium,T1,28,101,27.00000063,5967.790791,5859.874191,107.9166
Germany,Key Accounts,Oral Nicotine,Premium,T1,30,127,27.51649437,5455.179539,4703.946763,751.2327755
Indonesia,Retail,Oral Nicotine,Premium,T2,38,183,27.64964278,8928.127689,6094.268962,2833.858727
Italy,E-Commerce,Cigarettes,Core,T3,31,201,27.78312397,1636.276794,1422.489827,213.7869676
Australia,E-Commerce,Heated Tobacco,Premium,T3,32,158,27.8999996,4517.815458,3890.65476,627.1606978
Colombia,Retail,Cigarettes,Value,T2,28,120,28,1124.674087,1124.674087,0
El Salvador,Key Accounts,Cigarettes,Core,T1,28,140,28,1070.944782,1070.944782,0
El Salvador,Retail,Oral Nicotine,Core,T2,29,119,28.21536034,3232.559687,2989.722187,242.8375
Spain,E-Commerce,Cigarettes,Core,T3,29,134,28.30751063,1366.672783,1331.195748,35.47703538
China,E-Commerce,Oral Nicotine,Core,T3,30,133,28.35315278,4629.033405,4125.961971,503.0714333
Philippines,Retail,Cigarettes,Premium,T2,46,244,28.89672716,3237.080798,2269.995132,967.0856654
China,Key Accounts,Heated Tobacco,Core,T1,29,112,29,4342.594471,4342.594471,0
Cuba,Key Accounts,Cigarettes,Core,T1,29,145,29,444.8051225,444.8051225,0
Russia,Retail,Cigarettes,Core,T2,29,107,29,1496.902858,1496.902858,0
Russia,Retail,Cigarettes,Premium,T2,29,95,29,1501.829178,1501.829178,0
Indonesia,Retail,Heated Tobacco,Premium,T2,35,159,29.21760297,7398.803444,6316.429709,1082.373735
Italy,E-Commerce,Cigarettes,Value,T3,32,187,29.31057055,2162.446417,1959.179801,203.2666158
France,E-Commerce,Heated Tobacco,Core,T3,34,152,29.48201644,5961.364379,5052.174362,909.1900168
Mexico,E-Commerce,Heated Tobacco,Core,T3,30,160,29.98275484,3547.307081,3544.57067,2.736411429
Mexico,E-Commerce,Heated Tobacco,Premium,T3,30,146,29.98889529,3549.598418,3547.759568,1.83885
Austria,Retail,Cigarettes,Core,T2,30,148,30,1660.650768,1660.650768,0
Iran,Key Accounts,Cigarettes,Value,T1,30,93,30,897.9170302,897.9170302,0
Italy,Retail,Heated Tobacco,Core,T2,38,135,30.00000018,5670.930844,4614.236464,1056.69438
Germany,Key Accounts,Heated Tobacco,Premium,T1,32,118,30.24391864,5650.917141,5169.250929,481.6662114
Indonesia,Retail,Heated Tobacco,Core,T2,39,170,30.36960571,6671.966694,5453.608694,1218.358
Turkey,Retail,Cigarettes,Premium,T2,76,293,30.39999862,3474.067571,1389.626963,2084.440608
France,Key Accounts,Oral Nicotine,Value,T1,34,153,30.61774964,4972.172332,4352.089475,620.0828571
Indonesia,Retail,Oral Nicotine,Value,T2,39,174,30.62202488,5866.489488,4639.174082,1227.315407
El Salvador,Retail,Oral Nicotine,Premium,T2,31,148,30.68805126,3998.639406,3899.945656,98.69375
Brazil,Key Accounts,Oral Nicotine,Value,T1,36,146,30.89677955,5123.249699,4092.392556,1030.857143
Canada,Retail,Cigarettes,Premium,T2,31,89,31,1113.145258,1113.145258,0
El Salvador,Key Accounts,Cigarettes,Premium,T1,31,190,31,727.4004004,727.4004004,0
El Salvador,Key Accounts,Cigarettes,Value,T1,31,166,31,870.2823116,870.2823116,0
Iraq,Retail,Cigarettes,Premium,T2,31,99,31,1369.937213,1369.937213,0
New Zealand,Retail,Cigarettes,Core,T2,41,172,31.09564636,1563.837099,1074.394336,489.4427633
France,Key Accounts,Oral Nicotine,Core,T1,35,158,31.12577804,7358.30746,6354.203782,1004.103677
Philippines,Retail,Cigarettes,Value,T2,50,201,31.13512846,2598.411929,1696.326362,902.0855677
Honduras,Retail,Cigarettes,Value,T2,52,292,31.20002023,1891.239262,1134.743642,756.4956195
France,E-Commerce,Heated Tobacco,Value,T3,36,154,31.32143129,5262.998786,4500.048314,762.9504714
New Zealand,Retail,Cigarettes,Premium,T2,39,171,31.40726285,1607.88868,1186.478566,421.4101136
Germany,Retail,Oral Nicotine,Value,T2,36,141,31.47635539,5251.047879,4365.50592,885.5419586
United Kingdom,Key Accounts,Heated Tobacco,Premium,T1,32,152,31.58836836,5666.252925,5612.104825,54.1481
Nicaragua,Key Accounts,Cigarettes,Premium,T1,32,147,32,1185.511536,1185.511536,0
Nicaragua,Key Accounts,Cigarettes,Value,T1,32,161,32,1394.193893,1394.193893,0
South Africa,Retail,Cigarettes,Value,T2,32,89,32,1349.736169,1349.736169,0
Ukraine,Retail,Cigarettes,Core,T2,32,96,32,1227.188842,1227.188842,0
China,Key Accounts,Oral Nicotine,Value,T1,33,151,32.4000001,5938.305789,5708.305789,230
Cuba,Key Accounts,Cigarettes,Premium,T1,33,139,33,596.0393236,596.0393236,0
South Africa,Retail,Cigarettes,Core,T2,33,98,33,1932.247222,1932.247222,0
South Africa,Retail,Cigarettes,Premium,T2,33,102,33,1180.30233,1180.30233,0
China,Key Accounts,Oral Nicotine,Premium,T1,35,169,33.12414308,8595.308134,7704.135417,891.1727172
United Kingdom,Retail,Heated Tobacco,Value,T2,35,140,33.2659038,5562.996905,5290.488568,272.5083364
China,Key Accounts,Heated Tobacco,Value,T1,34,166,34,7284.312007,7284.312007,0
Democratic Republic of the Congo,Retail,Cigarettes,Core,T2,34,148,34,1660.622956,1660.622956,0
Egypt,Retail,Cigarettes,Premium,T2,34,133,34,1470.137299,1470.137299,0
India,Key Accounts,Oral Nicotine,Value,T1,34,126,34,4835.51475,4835.51475,0
Iran,Key Accounts,Cigarettes,Premium,T1,34,98,34,1498.5,1498.5,0
Mexico,Key Accounts,Oral Nicotine,Value,T1,47,245,34.23284784,4936.058209,3775.570559,1160.48765
United Kingdom,Key Accounts,Heated Tobacco,Core,T1,35,169,34.29999845,6858.548043,6782.007214,76.54082857
India,Key Accounts,Oral Nicotine,Core,T1,36,170,34.75354115,6012.405141,5852.105141,160.3
France,Key Accounts,Oral Nicotine,Premium,T1,40,199,34.94080339,9297.17343,7625.755437,1671.417993
Canada,Retail,Cigarettes,Core,T2,35,104,35,1905.35348,1905.35348,0
Iraq,Retail,Cigarettes,Core,T2,35,91,35,1859.174967,1859.174967,0
Australia,Key Accounts,Oral Nicotine,Premium,T1,41,174,35.0338177,7400.54626,6207.81202,1192.73424
France,Key Accounts,Heated Tobacco,Premium,T1,40,177,35.12459557,7658.734392,6638.959157,1019.775235
United Kingdom,Retail,Oral Nicotine,Value,T2,42,160,35.28875365,5654.804568,5024.047999,630.7565692
Brazil,E-Commerce,Cigarettes,Value,T3,42,197,35.70229831,1181.526042,1099.754642,81.7714
Germany,Key Accounts,Heated Tobacco,Core,T1,38,181,35.74966897,6538.421034,6009.452089,528.9689452
Indonesia,Retail,Oral Nicotine,Core,T2,46,174,35.93509593,8037.886613,6420.062007,1617.824606
Brazil,Retail,Oral Nicotine,Core,T2,46,272,35.98255983,5765.09315,3963.03764,1802.05551
Democratic Republic of the Congo,Retail,Cigarettes,Premium,T2,36,92,36,1723.942795,1723.942795,0
Iraq,Retail,Cigarettes,Value,T2,36,129,36,2702.690699,2702.690699,0
Morocco,Retail,Cigarettes,Premium,T2,36,108,36,871.4577256,871.4577256,0
Morocco,Retail,Cigarettes,Value,T2,36,103,36,1968.507598,1968.507598,0
Russia,Retail,Cigarettes,Value,T2,36,109,36,2511.178789,2511.178789,0
Ukraine,Retail,Cigarettes,Premium,T2,36,128,36,1787.659508,1787.659508,0
France,Key Accounts,Heated Tobacco,Value,T1,42,177,36.22777427,7113.765834,6138.758072,975.0077622
Indonesia,Retail,Heated Tobacco,Value,T2,48,228,36.23403358,7235.224791,5934.208205,1301.016586
Brazil,E-Commerce,Cigarettes,Premium,T3,42,211,36.26342248,1096.568002,980.8328198,115.7351818
Indonesia,Key Accounts,Cigarettes,Value,T1,54,288,36.33988761,3928.72224,3020.608411,908.1138293
India,E-Commerce,Cigarettes,Value,T3,37,157,36.5,912.7824905,910.2824905,2.5
Dominican Republic,Retail,Cigarettes,Premium,T2,46,243,36.79999442,1694.933438,1355.94687,338.9865674
China,E-Commerce,Cigarettes,Value,T3,37,221,37,1181.487418,1181.487418,0
Guatemala,Retail,Cigarettes,Value,T2,37,158,37,1316.777402,1316.777402,0
Spain,Key Accounts,Cigarettes,Premium,T1,38,175,37.26182071,2839.351359,2786.500198,52.85116136
Mexico,Key Accounts,Oral Nicotine,Premium,T1,49,246,37.57311955,6222.855212,4906.078243,1316.776969
Brazil,E-Commerce,Cigarettes,Core,T3,43,209,37.6000013,1474.757405,1149.695835,325.0615692
India,E-Commerce,Cigarettes,Core,T3,39,194,37.99999961,1892.563528,1820.230128,72.3334
Cuba,Key Accounts,Cigarettes,Value,T1,38,162,38,1271.077034,1271.077034,0
Guatemala,Retail,Cigarettes,Core,T2,38,161,38,822.8597026,822.8597026,0
Turkey,Retail,Cigarettes,Core,T2,95,367,38.00000322,4839.904717,1935.961922,2903.942795
Australia,Key Accounts,Heated Tobacco,Core,T1,44,218,38.18511743,6929.004475,5985.029827,943.9746479
United Kingdom,Retail,Heated Tobacco,Premium,T2,40,165,38.49767453,9084.699815,8732.539892,352.1599231
Morocco,Retail,Cigarettes,Core,T2,39,133,39,2037.916059,2037.916059,0
New Zealand,Retail,Cigarettes,Value,T2,49,232,39.46729787,1937.623627,1525.083688,412.5399386
Turkey,Retail,Cigarettes,Value,T2,99,341,39.60000044,5194.631722,2077.852718,3116.779004
Brazil,Retail,Oral Nicotine,Premium,T2,49,276,39.70754542,6625.405634,5377.777492,1247.628142
Germany,Retail,Oral Nicotine,Core,T2,46,190,39.78059495,7480.013329,6263.875964,1216.137364
China,Key Accounts,Heated Tobacco,Premium,T1,40,159,40,4920.169015,4920.169015,0
Egypt,Retail,Cigarettes,Core,T2,40,117,40,1578.95043,1578.95043,0
Guatemala,Retail,Cigarettes,Premium,T2,40,196,40,1389.33104,1389.33104,0
Iran,Retail,Cigarettes,Premium,T2,40,129,40,1619.350376,1619.350376,0
Germany,E-Commerce,Cigarettes,Premium,T3,42,210,40.10298946,1266.294309,1178.926511,87.36779802
India,E-Commerce,Cigarettes,Premium,T3,41,192,40.50000032,1916.817972,1883.818001,32.99997143
Brazil,Retail,Heated Tobacco,Premium,T2,48,222,40.51692217,5793.266244,4669.867619,1123.398625
Indonesia,Key Accounts,Cigarettes,Premium,T1,63,338,40.55876339,3796.002886,2914.625241,881.377645
Indonesia,Key Accounts,Cigarettes,Core,T1,61,344,40.70629344,2381.92916,1752.512895,629.4162648
Dominican Republic,Retail,Cigarettes,Core,T2,51,252,40.80000459,1216.459651,973.1678326,243.2918183
China,Key Accounts,Oral Nicotine,Core,T1,43,214,40.96547019,7999.738864,7161.373403,838.3654611
India,Retail,Heated Tobacco,Premium,T2,42,187,41,7466.660651,7152.460651,314.2
Iran,Key Accounts,Cigarettes,Core,T1,41,101,41,1546.527789,1546.527789,0
Australia,Key Accounts,Oral Nicotine,Value,T1,48,231,41.50007835,7950.773437,6673.590567,1277.182869
China,Retail,Oral Nicotine,Value,T2,43,182,41.56357324,6276.762654,5912.194335,364.568319
United Kingdom,E-Commerce,Cigarettes,Premium,T3,43,233,41.63531744,1357.840432,1328.921756,28.91867629
Ukraine,Retail,Cigarettes,Value,T2,42,111,42,1902.349933,1902.349933,0
Australia,Key Accounts,Heated Tobacco,Value,T1,48,225,42.53555756,9903.340953,8773.202172,1130.138782
Spain,Key Accounts,Cigarettes,Core,T1,44,216,42.92016437,2765.57235,2678.221426,87.35092455
Democratic Republic of the Congo,Retail,Cigarettes,Value,T2,43,115,43,2038.072506,2038.072506,0
Nicaragua,Retail,Cigarettes,Core,T2,43,188,43,1145.804756,1145.804756,0
Nicaragua,Retail,Cigarettes,Premium,T2,43,233,43,1729.784839,1729.784839,0
China,E-Commerce,Cigarettes,Premium,T3,44,251,43.5,2224.149862,2197.149862,27
Australia,Key Accounts,Oral Nicotine,Core,T1,52,247,43.80941768,9365.912926,7552.774144,1813.138782
China,Retail,Heated Tobacco,Core,T2,44,198,43.93707062,8836.20244,8810.757996,25.44444444
China,E-Commerce,Cigarettes,Core,T3,44,263,44,2025.988968,2025.988968,0
Dominican Republic,Retail,Cigarettes,Value,T2,55,274,44.00001172,1692.693097,1354.154685,338.5384119
United Kingdom,E-Commerce,Cigarettes,Core,T3,47,223,44.07436451,1971.094381,1881.111539,89.98284167
Brazil,Retail,Heated Tobacco,Core,T2,49,227,44.69427911,5422.353515,5034.920423,387.4330923
Mexico,Key Accounts,Heated Tobacco,Core,T1,45,199,44.97815001,7086.649665,7082.5871,4.062565
Canada,Retail,Cigarettes,Value,T2,45,142,45,2093.219478,2093.219478,0
Mexico,Key Accounts,Oral Nicotine,Core,T1,59,327,45.4846261,8102.081572,6427.685307,1674.396265
India,Retail,Heated Tobacco,Core,T2,46,208,45.5,7167.804932,7094.804932,73
Spain,Key Accounts,Cigarettes,Value,T1,47,234,45.680004,2399.381201,2330.217166,69.16403545
Cuba,Retail,Cigarettes,Premium,T2,46,242,46,1647.982992,1647.982992,0
Iran,Retail,Cigarettes,Core,T2,46,150,46,1643.4345,1643.4345,0
China,Retail,Oral Nicotine,Premium,T2,47,205,46.40000006,8199.08065,7904.22355,294.8571
France,Retail,Oral Nicotine,Core,T2,54,243,46.64443946,7620.460337,6322.184309,1298.276028
Australia,E-Commerce,Cigarettes,Premium,T3,55,296,46.65232559,1705.308811,1370.216456,335.0923542
Cuba,Retail,Cigarettes,Value,T2,47,291,47,1011.209484,1011.209484,0
El Salvador,Retail,Cigarettes,Core,T2,47,212,47,1301.612062,1301.612062,0
France,Retail,Oral Nicotine,Value,T2,54,308,47.42329079,10080.74538,8566.623645,1514.121739
India,Retail,Oral Nicotine,Core,T2,49,197,47.5,10031.16613,9471.916131,559.25
Australia,Key Accounts,Heated Tobacco,Premium,T1,56,276,47.85139559,7357.171953,6347.56314,1009.608813
Mexico,Key Accounts,Heated Tobacco,Value,T1,48,252,47.96147649,5195.430972,5190.448633,4.98233902
United Kingdom,Retail,Heated Tobacco,Core,T2,50,253,48.45238798,9681.413677,9230.644312,450.769365
India,Retail,Oral Nicotine,Value,T2,51,225,48.61024205,7955.107102,7475.873802,479.2333
Brazil,Retail,Heated Tobacco,Value,T2,57,231,48.67765735,6412.959657,5307.712415,1105.247242
Brazil,Retail,Oral Nicotine,Value,T2,60,291,49.12396004,8886.380046,6767.798973,2118.581073
Brazil,Key Accounts,Cigarettes,Premium,T1,56,373,49.12854129,1593.414902,1428.637853,164.7770487
Australia,E-Commerce,Cigarettes,Value,T3,56,318,49.43771152,2727.532442,2427.362268,300.1701738
Brazil,Key Accounts,Cigarettes,Core,T1,58,347,49.7967888,1556.00467,1319.315385,236.6892857
France,Key Accounts,Heated Tobacco,Core,T1,58,276,49.88472072,10578.71816,8971.770833,1606.947323
United Kingdom,E-Commerce,Cigarettes,Value,T3,53,309,49.92320101,2124.745936,2023.991438,100.7544975
El Salvador,Retail,Cigarettes,Value,T2,50,278,50,1345.888199,1345.888199,0
Germany,Retail,Heated Tobacco,Value,T2,53,245,51.00000138,9904.761132,9645.320532,259.4406
Italy,Key Accounts,Cigarettes,Value,T1,56,290,51.15723344,1575.377018,1367.587485,207.7895324
Germany,Retail,Oral Nicotine,Premium,T2,59,270,51.21323574,10876.03946,8875.708135,2000.331324
Germany,E-Commerce,Cigarettes,Value,T3,55,243,51.38049811,3520.337705,3238.687354,281.6503512
France,Retail,Heated Tobacco,Value,T2,62,299,51.55111392,12088.37361,9804.857117,2283.516491
Indonesia,Retail,Cigarettes,Premium,T2,80,526,51.57484528,3208.961893,2285.710064,923.2518291
Italy,Key Accounts,Cigarettes,Core,T1,58,272,51.95317067,4887.320076,4197.726629,689.5934474
Mexico,E-Commerce,Cigarettes,Core,T3,52,310,52,1676.578133,1676.578133,0
Cuba,Retail,Cigarettes,Core,T2,53,285,53,1409.296915,1409.296915,0
Nicaragua,Retail,Cigarettes,Value,T2,53,258,53,1430.796901,1430.796901,0
India,Retail,Oral Nicotine,Premium,T2,54,215,53.13929179,9735.323414,9686.990114,48.3333
Italy,Key Accounts,Cigarettes,Premium,T1,58,344,53.6742798,2631.062482,2334.915339,296.1471432
France,Retail,Heated Tobacco,Premium,T2,61,333,53.92735259,9572.483585,8144.860906,1427.622679
Indonesia,Retail,Cigarettes,Value,T2,82,459,53.95938376,4392.990567,3374.330649,1018.659919
Egypt,Retail,Cigarettes,Value,T2,54,183,54,2137.356209,2137.356209,0
Iran,Retail,Cigarettes,Value,T2,54,189,54,2437.819922,2437.819922,0
Germany,Retail,Heated Tobacco,Premium,T2,56,238,54.28441698,12346.59545,12056.69063,289.9048218
Australia,Retail,Oral Nicotine,Value,T2,66,358,54.81249603,12089.14812,9976.171725,2112.976398
China,Retail,Heated Tobacco,Premium,T2,56,267,55,11353.27502,11197.57502,155.7
Spain,Retail,Cigarettes,Premium,T2,56,293,55.33211593,1999.154138,1946.115673,53.03846555
Mexico,Retail,Oral Nicotine,Value,T2,74,373,55.81445535,10819.69826,8487.276364,2332.421892
Brazil,Key Accounts,Cigarettes,Value,T1,65,322,56.21781046,1869.675576,1705.729678,163.9458979
China,Retail,Heated Tobacco,Value,T2,58,273,56.49999933,10474.22383,10222.01543,252.2084
Mexico,Retail,Oral Nicotine,Premium,T2,76,412,56.74356775,7821.27208,6103.84611,1717.42597
India,Key Accounts,Cigarettes,Value,T1,58,257,57.27243647,2654.028126,2623.828166,30.19996
United States,E-Commerce,Heated Tobacco,Core,T3,67,353,57.4873742,15525.15423,11370.79342,4154.360814
Spain,Retail,Cigarettes,Core,T2,59,351,57.85561876,4183.591297,4065.163865,118.4274316
Mexico,E-Commerce,Cigarettes,Premium,T3,58,324,58,2381.433746,2381.433746,0
Germany,E-Commerce,Cigarettes,Core,T3,61,344,58.06548505,2543.690614,2332.895338,210.7952758
China,Retail,Oral Nicotine,Core,T2,61,315,58.20904375,9318.118916,8595.354666,722.76425
Mexico,Retail,Oral Nicotine,Core,T2,77,426,58.4162482,8295.912214,6536.771133,1759.141082
India,Retail,Heated Tobacco,Value,T2,59,277,58.452657,10710.8611,10650.86117,59.999925
Mexico,E-Commerce,Cigarettes,Value,T3,59,300,59,1678.227682,1678.227682,0
Australia,E-Commerce,Cigarettes,Core,T3,69,410,59.37189483,2569.842477,2170.63172,399.2107574
Australia,Retail,Heated Tobacco,Core,T2,71,380,60.89551166,9793.772914,8551.102969,1242.669945
Australia,Retail,Heated Tobacco,Premium,T2,74,403,60.94162896,12169.63628,10123.07876,2046.557524
India,Key Accounts,Cigarettes,Premium,T1,62,313,61.5,3164.29097,3144.89097,19.4
Spain,Retail,Cigarettes,Value,T2,63,419,61.57264888,2423.562312,2301.284455,122.2778569
India,Key Accounts,Cigarettes,Core,T1,63,298,62,1913.899263,1903.649263,10.25
France,Retail,Oral Nicotine,Premium,T2,72,357,62.00984032,13692.94776,11313.57181,2379.375952
Italy,Retail,Cigarettes,Core,T2,68,447,62.21236226,4375.271926,3960.617022,414.6549038
Germany,Retail,Heated Tobacco,Core,T2,64,302,63.33343072,12488.4394,12379.26821,109.1711897
United States,E-Commerce,Oral Nicotine,Premium,T3,75,360,63.34272735,6566.004928,5251.324574,1314.680354
Indonesia,Retail,Cigarettes,Core,T2,89,658,63.63158611,4170.232844,3218.274255,951.9585882
El Salvador,Retail,Cigarettes,Premium,T2,64,331,64,2629.131698,2629.131698,0
France,E-Commerce,Cigarettes,Premium,T3,68,407,65.08685199,2913.956075,2712.142296,201.8137789
China,Key Accounts,Cigarettes,Value,T1,66,373,65.5,2501.730142,2493.530142,8.2
United Kingdom,Key Accounts,Cigarettes,Premium,T1,69,373,65.78209467,2975.402374,2878.204644,97.19773072
Italy,Retail,Cigarettes,Value,T2,75,487,66.41225845,3440.838444,2746.388591,694.4498528
United States,E-Commerce,Oral Nicotine,Value,T3,80,459,67.10484455,9791.422161,7598.126912,2193.295249
United States,E-Commerce,Heated Tobacco,Premium,T3,76,424,67.34702075,8519.932649,7439.762903,1080.169745
Australia,Retail,Oral Nicotine,Core,T2,81,418,68.67683351,12509.92293,10553.95599,1955.966938
Mexico,Retail,Heated Tobacco,Core,T2,69,342,68.95366393,8528.076008,8521.23998,6.836028059
Mexico,Retail,Heated Tobacco,Premium,T2,70,325,69.95801097,9016.102776,9010.005696,6.09708007
France,E-Commerce,Cigarettes,Value,T3,72,408,69.96028388,3422.737808,3224.984539,197.7532686
United Kingdom,Key Accounts,Cigarettes,Value,T1,77,448,70.79638066,3471.308049,3199.135234,272.1728146
France,E-Commerce,Cigarettes,Core,T3,74,466,71.27636949,3260.413309,3074.791432,185.6218773
Brazil,Retail,Cigarettes,Premium,T2,83,531,71.58864099,3183.617314,2812.2798,371.3375133
Australia,Retail,Oral Nicotine,Premium,T2,84,443,71.63261548,15947.5189,13374.20915,2573.309749
United Kingdom,Key Accounts,Cigarettes,Core,T1,78,437,72.35005929,3604.158194,3367.645807,236.5123865
Australia,Key Accounts,Cigarettes,Premium,T1,85,537,72.73516456,3514.256842,3035.695447,478.5613951
Mexico,Retail,Heated Tobacco,Value,T2,73,349,72.93805238,9014.703541,9004.990044,9.713496537
Italy,Retail,Cigarettes,Premium,T2,81,455,74.15542229,3059.307046,2490.385103,568.921943
France,Retail,Heated Tobacco,Core,T2,86,415,74.32408505,17054.9665,14012.96702,3041.999484
United States,E-Commerce,Oral Nicotine,Core,T3,91,548,74.35718317,10030.09701,8139.4261,1890.670912
Germany,Key Accounts,Cigarettes,Value,T1,79,512,74.67168601,3563.932826,3031.528951,532.4038742
China,Key Accounts,Cigarettes,Premium,T1,79,442,78,2462.190497,2438.968297,23.2222
Australia,Retail,Heated Tobacco,Value,T2,91,467,78.38860442,16053.67817,14001.97077,2051.707403
China,Key Accounts,Cigarettes,Core,T1,80,407,78.9999985,3810.320933,3775.820893,34.50004
United States,E-Commerce,Heated Tobacco,Value,T3,92,470,79.58456252,12996.85521,11092.41093,1904.444281
Brazil,Retail,Cigarettes,Core,T2,93,635,80.13899839,2557.357343,2021.415402,535.9419411
Brazil,Retail,Cigarettes,Value,T2,96,565,81.39061096,2683.688045,2300.855555,382.8324896
Germany,Key Accounts,Cigarettes,Premium,T1,87,483,81.54282924,2817.920689,2567.12647,250.7942195
Germany,Key Accounts,Cigarettes,Core,T1,87,498,82.6372688,4298.92367,3904.971603,393.9520675
Australia,Key Accounts,Cigarettes,Value,T1,97,499,84.13144329,4486.703243,3911.95241,574.7508335
India,Retail,Cigarettes,Value,T2,87,487,85.40487277,3360.346145,3291.031865,69.31428
United Kingdom,Retail,Cigarettes,Premium,T2,95,621,90.76426201,4202.941765,3696.110127,506.8316377
India,Retail,Cigarettes,Premium,T2,92,565,90.87289377,3523.220784,3505.454118,17.76666667
Australia,Key Accounts,Cigarettes,Core,T1,106,701,91.18990862,3858.926089,3299.960612,558.9654766
France,Key Accounts,Cigarettes,Premium,T1,97,747,91.25716836,4809.997533,4373.306037,436.6914956
United States,Key Accounts,Heated Tobacco,Value,T1,108,649,91.76201479,13850.8988,11137.63978,2713.259017
Mexico,Key Accounts,Cigarettes,Core,T1,92,540,92,1690.906168,1690.906168,0
Mexico,Key Accounts,Cigarettes,Premium,T1,95,700,95,3519.268433,3519.268433,0
Mexico,Key Accounts,Cigarettes,Value,T1,95,549,95,2905.91783,2905.91783,0
United States,Key Accounts,Oral Nicotine,Core,T1,118,917,96.0157974,17372.15368,13839.5615,3532.59218
United States,Key Accounts,Oral Nicotine,Premium,T1,121,780,99.1324877,11663.28948,9634.624049,2028.66543
France,Key Accounts,Cigarettes,Value,T1,105,738,99.22541356,4559.289766,4190.53791,368.7518559
India,Retail,Cigarettes,Core,T2,102,659,99.27976211,4486.061965,4415.442785,70.61918095
China,Retail,Cigarettes,Premium,T2,100,562,99.47702298,3841.336897,3736.19404,105.1428571
United States,Key Accounts,Heated Tobacco,Core,T1,117,691,99.70681676,23075.63337,17884.01492,5191.618454
United States,Key Accounts,Oral Nicotine,Value,T1,122,798,100.4926152,12099.95985,9841.615102,2258.344747
United States,Key Accounts,Heated Tobacco,Premium,T1,116,755,102.612501,14843.84017,13379.37095,1464.469214
Australia,Retail,Cigarettes,Value,T2,124,1047,105.267299,4805.551467,4127.021028,678.5304384
United Kingdom,Retail,Cigarettes,Core,T2,114,746,106.1290986,5673.868246,5280.174973,393.6932734
China,Retail,Cigarettes,Value,T2,108,706,106.7371901,6081.537501,6028.100001,53.4375
France,Key Accounts,Cigarettes,Core,T1,113,760,108.1461995,6469.183149,5979.451831,489.731318
United Kingdom,Retail,Cigarettes,Value,T2,116,739,108.4242665,6462.226842,6113.901695,348.3251472
Australia,Retail,Cigarettes,Premium,T2,128,989,108.8169764,7929.295924,6642.530311,1286.765612
China,Retail,Cigarettes,Core,T2,113,794,111.4692303,4226.414972,4192.598412,33.81656
Germany,Retail,Cigarettes,Core,T2,120,921,112.8559286,7515.425675,6834.686815,680.7388597
Germany,Retail,Cigarettes,Premium,T2,123,938,115.8624981,4621.61359,4272.560492,349.0530978
Germany,Retail,Cigarettes,Value,T2,125,916,116.9731067,6693.645178,6117.507379,576.1377997
Mexico,Retail,Cigarettes,Premium,T2,117,903,117,2869.192796,2869.192796,0
Mexico,Retail,Cigarettes,Core,T2,121,958,121,3251.151114,3251.151114,0
United States,Retail,Oral Nicotine,Premium,T2,149,1279,122.0710318,13336.60319,10792.99328,2543.60991
United States,E-Commerce,Cigarettes,Value,T3,147,1375,123.3977967,5153.616857,4289.833376,863.783481
Australia,Retail,Cigarettes,Core,T2,144,1211,124.9071139,6282.156046,5523.320399,758.8356468
United States,Retail,Heated Tobacco,Value,T2,146,1239,125.2020542,17374.25057,14205.27485,3168.975714
United States,Retail,Heated Tobacco,Premium,T2,144,1251,126.2881969,19947.12977,17433.116,2514.013772
United States,E-Commerce,Cigarettes,Core,T3,151,1348,126.3908189,4774.921439,3661.656607,1113.264832
United States,Retail,Heated Tobacco,Core,T2,148,1107,126.9926261,22521.09625,17972.23401,4548.862238
United States,Retail,Oral Nicotine,Value,T2,155,1250,128.2584787,16291.93602,13088.4659,3203.470115
France,Retail,Cigarettes,Core,T2,138,1150,131.7217098,6865.913219,6376.965835,488.9473837
United States,Retail,Oral Nicotine,Core,T2,171,1637,132.7901591,23476.51492,18025.34666,5451.168265
France,Retail,Cigarettes,Premium,T2,142,1172,135.884414,5191.726242,4845.725811,346.0004308
Mexico,Retail,Cigarettes,Value,T2,136,1092,136,3836.972089,3836.972089,0
United States,E-Commerce,Cigarettes,Premium,T3,158,1407,140.482816,5544.060541,5014.313784,529.7467577
France,Retail,Cigarettes,Value,T2,152,1243,144.9795204,7052.720632,6570.319123,482.401509
United States,Key Accounts,Cigarettes,Premium,T1,177,2267,149.2962542,5538.970321,4804.133505,734.8368169
United States,Key Accounts,Cigarettes,Value,T1,177,2343,150.4010237,7316.604855,6502.803775,813.8010796
United States,Key Accounts,Cigarettes,Core,T1,184,2408,150.4619431,8517.662572,5827.520218,2690.142354
United States,Retail,Cigarettes,Value,T2,201,3782,166.023976,8341.353747,6059.988431,2281.365316
United States,Retail,Cigarettes,Core,T2,206,3882,168.1034973,10431.41351,7979.450543,2451.962968
United States,Retail,Cigarettes,Premium,T2,202,4094,175.5735317,7882.338764,6950.757809,931.5809551
